1293013850	20160309	201603	2016	2016.1890	CHN	CHINESE	CHN								RUSGOV	VLADIMIR PUTIN	RUS					GOV			0	050	050	05	1	3.5	1	1	1	-3.68873168266802	4	Beijing, Beijing, China	CH	CH22	13001	39.9289	116.388	-1898541	4	Beijing, Beijing, China	CH	CH22	13001	39.9289	116.388	-1898541	4	Beijing, Beijing, China	CH	CH22	13001	39.9289	116.388	-1898541	20260307204500	https://pjmedia.com/david-manney/2026/03/07/iran-war-reveals-the-energy-war-behind-russia-and-chinas-alliance-n4950373
1293013851	20160309	201603	2016	2016.1890	CHN	CHINESE	CHN								RUSGOV	VLADIMIR PUTIN	RUS					GOV			0	050	050	05	1	3.5	1	1	1	-3.68873168266802	4	Shahed, Fars, Iran	IR	IR07	25307	28.5934	52.2295	-3083999	4	Shahed, Fars, Iran	IR	IR07	25307	28.5934	52.2295	-3083999	4	Shahed, Fars, Iran	IR	IR07	25307	28.5934	52.2295	-3083999	20260307204500	https://pjmedia.com/david-manney/2026/03/07/iran-war-reveals-the-energy-war-behind-russia-and-chinas-alliance-n4950373
1293013852	20160309	201603	2016	2016.1890	CHNGOV	CHINESE	CHN					GOV			RUSGOV	VLADIMIR PUTIN	RUS					GOV			0	050	050	05	1	3.5	6	1	6	-3.68873168266802	4	Beijing, Beijing, China	CH	CH22	13001	39.9289	116.388	-1898541	4	Moscow, Moskva, Russia	RS	RS48	25106	55.7522	37.6156	-2960561	4	Beijing, Beijing, China	CH	CH22	13001	39.9289	116.388	-1898541	20260307204500	https://pjmedia.com/david-manney/2026/03/07/iran-war-reveals-the-energy-war-behind-russia-and-chinas-alliance-n4950373
1293013853	20160309	201603	2016	2016.1890	RUS	RUSSIAN	RUS								MIL	MILITARY						MIL			0	050	050	05	1	3.5	2	1	2	-3.68873168266802	4	Moscow, Moskva, Russia	RS	RS48	25106	55.7522	37.6156	-2960561	4	Beijing, Beijing, China	CH	CH22	13001	39.9289	116.388	-1898541	4	Beijing, Beijing, China	CH	CH22	13001	39.9289	116.388	-1898541	20260307204500	https://pjmedia.com/david-manney/2026/03/07/iran-war-reveals-the-energy-war-behind-russia-and-chinas-alliance-n4950373
1293013854	20160309	201603	2016	2016.1890	RUS	RUSSIAN	RUS								MIL	MILITARY						MIL			0	050	050	05	1	3.5	2	1	2	-3.68873168266802	4	Shahed, Fars, Iran	IR	IR07	25307	28.5934	52.2295	-3083999	4	Shahed, Fars, Iran	IR	IR07	25307	28.5934	52.2295	-3083999	4	Shahed, Fars, Iran	IR	IR07	25307	28.5934	52.2295	-3083999	20260307204500	https://pjmedia.com/david-manney/2026/03/07/iran-war-reveals-the-energy-war-behind-russia-and-chinas-alliance-n4950373
1293013855	20160309	201603	2016	2016.1890	RUSGOV	VLADIMIR PUTIN	RUS					GOV			CHN	CHINESE	CHN								0	050	050	05	1	3.5	1	1	1	-3.68873168266802	4	Beijing, Beijing, China	CH	CH22	13001	39.9289	116.388	-1898541	4	Beijing, Beijing, China	CH	CH22	13001	39.9289	116.388	-1898541	4	Beijing, Beijing, China	CH	CH22	13001	39.9289	116.388	-1898541	20260307204500	https://pjmedia.com/david-manney/2026/03/07/iran-war-reveals-the-energy-war-behind-russia-and-chinas-alliance-n4950373
1293013856	20160309	201603	2016	2016.1890	RUSGOV	VLADIMIR PUTIN	RUS					GOV			CHN	CHINESE	CHN								0	050	050	05	1	3.5	1	1	1	-3.68873168266802	4	Shahed, Fars, Iran	IR	IR07	25307	28.5934	52.2295	-3083999	4	Shahed, Fars, Iran	IR	IR07	25307	28.5934	52.2295	-3083999	4	Shahed, Fars, Iran	IR	IR07	25307	28.5934	52.2295	-3083999	20260307204500	https://pjmedia.com/david-manney/2026/03/07/iran-war-reveals-the-energy-war-behind-russia-and-chinas-alliance-n4950373
1293013857	20160309	201603	2016	2016.1890	RUSGOV	VLADIMIR PUTIN	RUS					GOV			CHNGOV	CHINESE	CHN					GOV			0	050	050	05	1	3.5	6	1	6	-3.68873168266802	4	Moscow, Moskva, Russia	RS	RS48	25106	55.7522	37.6156	-2960561	4	Beijing, Beijing, China	CH	CH22	13001	39.9289	116.388	-1898541	4	Beijing, Beijing, China	CH	CH22	13001	39.9289	116.388	-1898541	20260307204500	https://pjmedia.com/david-manney/2026/03/07/iran-war-reveals-the-energy-war-behind-russia-and-chinas-alliance-n4950373
1293013858	20160309	201603	2016	2016.1890	RUSGOV	RUSSIAN	RUS					GOV			MIL	MILITARY						MIL			0	050	050	05	1	3.5	4	1	4	-3.68873168266802	4	Moscow, Moskva, Russia	RS	RS48	25106	55.7522	37.6156	-2960561	4	Beijing, Beijing, China	CH	CH22	13001	39.9289	116.388	-1898541	4	Beijing, Beijing, China	CH	CH22	13001	39.9289	116.388	-1898541	20260307204500	https://pjmedia.com/david-manney/2026/03/07/iran-war-reveals-the-energy-war-behind-russia-and-chinas-alliance-n4950373
1293013859	20160309	201603	2016	2016.1890	RUSGOV	RUSSIA	RUS					GOV			MIL	MILITARY						MIL			0	050	050	05	1	3.5	2	1	2	-3.68873168266802	3	Washington, District of Columbia, United States	US	USDC	DC001	38.8951	-77.0364	531871	4	Beijing, Beijing, China	CH	CH22	13001	39.9289	116.388	-1898541	4	Beijing, Beijing, China	CH	CH22	13001	39.9289	116.388	-1898541	20260307204500	https://pjmedia.com/david-manney/2026/03/07/iran-war-reveals-the-energy-war-behind-russia-and-chinas-alliance-n4950373
1293013860	20260205	202602	2026	2026.0959	USA	UNITED STATES	USA																		1	010	010	01	1	0.0	2	1	2	1.88679245283019	3	Faith Temple Pentecostal Church, Utah, United States	US	USUT	UT035	40.7363	-111.893	1436706	0								3	Faith Temple Pentecostal Church, Utah, United States	US	USUT		40.7363	-111.893	1436706	20260307204500	https://www.usmagazine.com/celebrity-news/news/obituary-for-mary-cosbys-son-robert-details-their-bond/
1293013861	20260228	202602	2026	2026.1589	USA	UNITED STATES	USA								JUD	ATTORNEY						JUD			0	120	120	12	3	-4.0	1	1	1	-3.51317440401505	2	Texas, United States	US	USTX		31.106	-97.6475	TX	2	Texas, United States	US	USTX		31.106	-97.6475	TX	3	Babson College, Massachusetts, United States	US	USMA		42.299	-71.2634	599436	20260307204500	https://www.wcvb.com/article/any-lopez-belloza-case-dismissed/70652533
1293013862	20260228	202602	2026	2026.1589	USA	UNITED STATES	USA								JUD	ATTORNEY						JUD			0	120	120	12	3	-4.0	1	1	1	-3.51317440401505	2	Texas, United States	US	USTX		31.106	-97.6475	TX	2	Texas, United States	US	USTX		31.106	-97.6475	TX	2	Texas, United States	US	USTX		31.106	-97.6475	TX	20260307204500	https://www.wcvb.com/article/any-lopez-belloza-case-dismissed/70652533
1293013863	20260306	202603	2026	2026.1808											AUS	AUSTRALIA	AUS								0	1243	124	12	3	-4.0	2	1	2	-8.76288659793814	0								4	Campbelltown, New South Wales, Australia	AS	AS02	5112	-34.0667	150.817	-1563870	4	Campbelltown, New South Wales, Australia	AS	AS02	5112	-34.0667	150.817	-1563870	20260307204500	https://www.miragenews.com/charges-laid-impersonation-armed-robbery-in-sw-1633026/
1293013864	20260307	202603	2026	2026.1836											AUS	NORTHERN TERRITORY	AUS								1	042	042	04	1	1.9	2	1	2	-0.163132137031	0								4	Tocal, New South Wales, Australia	AS	AS02	5096	-32.6167	151.583	-1604989	4	Tocal, New South Wales, Australia	AS	AS02	5096	-32.6167	151.583	-1604989	20260307204500	https://www.queenslandcountrylife.com.au/story/9186177/preserving-bush-stories-natalie-stockdales-memoir-mission/
1293013865	20260307	202603	2026	2026.1836											AUS	NORTHERN TERRITORY	AUS								1	042	042	04	1	1.9	8	1	8	-0.163132137031	0								4	Airlie Beach, Queensland, Australia	AS	AS04	40197	-20.2672	148.716	11430433	4	Airlie Beach, Queensland, Australia	AS	AS04	40197	-20.2672	148.716	11430433	20260307204500	https://www.queenslandcountrylife.com.au/story/9186177/preserving-bush-stories-natalie-stockdales-memoir-mission/
1293013866	20260307	202603	2026	2026.1836											BUS	INDUSTRY						BUS			0	051	051	05	1	3.4	10	1	10	6.5979381443299	0								4	Sydney, New South Wales, Australia	AS	AS02	154637	-33.8833	151.217	-1603135	4	Sydney, New South Wales, Australia	AS	AS02	154637	-33.8833	151.217	-1603135	20260307204500	https://travelweekly.com.au/gavin-smith-joins-cruising-hall-of-fame-at-23rd-annual-clia-awards/
1293013867	20260307	202603	2026	2026.1836											COL	COLOMBIA	COL								0	042	042	04	1	1.9	2	1	2	-5.61660561660561	0								2	California, United States	US	USCA		36.17	-119.746	CA	1	Colombia	CO	CO		4	-72	CO	20260307204500	https://www.ibtimes.co.uk/deaf-child-deportation-immigration-policies-1783855
1293013868	20260307	202603	2026	2026.1836											COP	POLICE						COP			0	014	014	01	1	0.0	5	1	5	-5	0								2	Texas, United States	US	USTX		31.106	-97.6475	TX	2	Texas, United States	US	USTX		31.106	-97.6475	TX	20260307204500	https://www.hindustantimes.com/world-news/us-news/whats-happening-at-killeen-ross-store-shooting-reports-at-e-central-texas-expy-in-texas-city-spark-fear-first-details-101772913393227.html
1293013869	20260307	202603	2026	2026.1836											CVL	RESIDENTS						CVL			1	052	052	05	1	3.5	8	1	8	-0.49079754601227	0								4	Lake Ontario, Canada (general), Canada	CA	CA00		43.6667	-78	-570661	4	Lake Ontario, Canada (general), Canada	CA	CA00		43.6667	-78	-570661	20260307204500	https://www.stcatharinesstandard.ca/news/ontario/doug-fords-push-for-jets-at-billy-bishop-airport-runs-into-some-familiar-turbulence/article_522a9a12-1fc4-57eb-b2e8-d0ae4bac3d7e.html
1293013870	20260307	202603	2026	2026.1836											CVL	RESIDENTS						CVL			1	052	052	05	1	3.5	2	1	2	-0.49079754601227	0								4	Toronto, Ontario, Canada	CA	CA08	12686	43.6667	-79.4167	-574890	4	Toronto, Ontario, Canada	CA	CA08	12686	43.6667	-79.4167	-574890	20260307204500	https://www.stcatharinesstandard.ca/news/ontario/doug-fords-push-for-jets-at-billy-bishop-airport-runs-into-some-familiar-turbulence/article_522a9a12-1fc4-57eb-b2e8-d0ae4bac3d7e.html
1293013871	20260307	202603	2026	2026.1836											EDU	SCHOOL						EDU			1	017	017	01	1	0.0	10	1	10	4.86486486486487	0								0								0								20260307204500	https://www.outerbanksvoice.com/2026/03/07/march-14-ceremony-at-hatteras-secondary-will-memorialize-a-remarkable-teacher/
1293013872	20260307	202603	2026	2026.1836											EDU	STUDENT						EDU			0	020	020	02	1	3.0	10	1	10	3.01507537688442	0								2	Nevada, United States	US	USNV		38.4199	-117.122	NV	2	Nevada, United States	US	USNV		38.4199	-117.122	NV	20260307204500	https://www.easternecho.com/article/2026/03/final-4-candidates-for-emu-dean-of-students-meet-renee-t-watson
1293013873	20260307	202603	2026	2026.1836											EDU	SCHOOL						EDU			1	042	042	04	1	1.9	2	1	2	-0.163132137031	0								4	Terrick Terrick, Victoria, Australia	AS	AS07	5391	-36.0833	144.3	-1604180	5	Northern Territory, Northern Territory, Australia	AS	AS03	40197	-20	134	-1592100	20260307204500	https://www.queenslandcountrylife.com.au/story/9186177/preserving-bush-stories-natalie-stockdales-memoir-mission/
1293013874	20260307	202603	2026	2026.1836											EDU	STUDENT						EDU			0	042	042	04	1	1.9	7	1	7	6.34146341463415	0								2	Colorado, United States	US	USCO		39.0646	-105.327	CO	2	Colorado, United States	US	USCO		39.0646	-105.327	CO	20260307204500	https://kool1079.com/ixp/507/p/colorado-grand-junction-prom-clothing-donations/
1293013875	20260307	202603	2026	2026.1836											EDU	SCHOOL						EDU			1	192	192	19	4	-9.5	2	1	2	-0.163132137031	0								4	Terrick Terrick, Victoria, Australia	AS	AS07	5391	-36.0833	144.3	-1604180	4	Terrick Terrick, Victoria, Australia	AS	AS07	5391	-36.0833	144.3	-1604180	20260307204500	https://www.queenslandcountrylife.com.au/story/9186177/preserving-bush-stories-natalie-stockdales-memoir-mission/
1293013876	20260307	202603	2026	2026.1836											EDUEDU	SCHOOL						EDU	EDU		0	043	043	04	1	2.8	5	1	5	3.90070921985815	0								2	Illinois, United States	US	USIL		40.3363	-89.0022	IL	2	Illinois, United States	US	USIL		40.3363	-89.0022	IL	20260307204500	https://www.ksdk.com/article/entertainment/events/sigma-gamma-rho-operation-big-book-bag-30th-anniversary-east-st-louis/63-b55f81cd-9a0d-4814-ad5a-f57bc9f92d5b
1293013877	20260307	202603	2026	2026.1836											EUR	EUROPE	EUR								1	042	042	04	1	1.9	7	1	7	0.87209302325581	0								4	Frankfurt, Brandenburg, Germany	GM	GM11	16538	52.35	14.55	-1771146	4	Frankfurt, Brandenburg, Germany	GM	GM11	16538	52.35	14.55	-1771146	20260307204500	https://eturbonews.com/frankfurt-airport-achieves-double-digit-passenger-growth-in-april/
1293013878	20260307	202603	2026	2026.1836											EUR	EUROPE	EUR								1	042	042	04	1	1.9	3	1	3	0.87209302325581	0								4	Burgas, Burgas, Bulgaria	BU	BU39	11864	42.5061	27.4678	-832673	4	Varna, Varna, Bulgaria	BU	BU61	12077	43.2167	27.9167	-839465	20260307204500	https://eturbonews.com/frankfurt-airport-achieves-double-digit-passenger-growth-in-april/
1293013879	20260307	202603	2026	2026.1836											GOV	ENVOY						GOV			1	040	040	04	1	1.0	4	1	4	-1.55440414507772	0								4	Afrin, ?alab, Syria	SY	SY09	26319	36.2251	37.3266	-2537705	4	Afrin, ?alab, Syria	SY	SY09	26319	36.2251	37.3266	-2537705	20260307204500	https://sana.sy/en/syria/2301057/
1293013880	20260307	202603	2026	2026.1836											GOV	CABINET						GOV			0	042	042	04	1	1.9	3	1	3	-3.68873168266802	0								4	Beijing, Beijing, China	CH	CH22	13001	39.9289	116.388	-1898541	4	Beijing, Beijing, China	CH	CH22	13001	39.9289	116.388	-1898541	20260307204500	https://pjmedia.com/david-manney/2026/03/07/iran-war-reveals-the-energy-war-behind-russia-and-chinas-alliance-n4950373
1293013881	20260307	202603	2026	2026.1836											GOV	GOVERNMENT						GOV			0	060	060	06	2	6.0	3	1	3	-4.17495029821074	0								1	Oman	MU	MU		21	57	MU	1	Oman	MU	MU		21	57	MU	20260307204500	https://www.thenorthernecho.co.uk/news/25917360.middlesbrough-family-hopes-take-sunday-flight-dubai/
1293013882	20260307	202603	2026	2026.1836											GOV	REGIME						GOV			0	190	190	19	4	-10.0	1	1	1	0	0								4	London, London, City of, United Kingdom	UK	UKH9	40110	51.5	-0.116667	-2601889	4	London, London, City of, United Kingdom	UK	UKH9	40110	51.5	-0.116667	-2601889	20260307204500	https://www.ncr-iran.org/en/news/iran-resistance/mp-bob-blackman-the-choice-for-iran-is-not-chaos-but-a-transition-from-dictatorship-to-democracy/
1293013883	20260307	202603	2026	2026.1836											GOVCOP	KING						GOV	COP		1	190	190	19	4	-10.0	10	1	10	-2.63157894736842	0								1	Jordan	JO	JO		31	36	JO	1	Jordan	JO	JO		31	36	JO	20260307204500	https://www.thestokesnews.com/news/former-king-police-officer-killed-in-crash/article_c6b72f7d-6581-46dd-99c2-5f3d02050652.html
1293013884	20260307	202603	2026	2026.1836											GOVELI	GOVERNOR						GOV	ELI		0	043	043	04	1	2.8	1	1	1	-8.98692810457518	0								5	Ebonyi State, Ebonyi, Nigeria	NI	NI53	191314	6.25	8.08333	9098617	5	Ebonyi State, Ebonyi, Nigeria	NI	NI53	191314	6.25	8.08333	9098617	20260307204500	https://www.opinionnigeria.com/afenifere-raises-alarm-over-terror-attacks-in-yorubaland-says-kidnappers-demand-virgins-drugs-as-ransom/
1293013885	20260307	202603	2026	2026.1836											IRN	IRAN	IRN								0	190	190	19	4	-10.0	2	1	2	-3.97058823529411	0								4	Shahed, Fars, Iran	IR	IR07	25307	28.5934	52.2295	-3083999	4	Shahed, Fars, Iran	IR	IR07	25307	28.5934	52.2295	-3083999	20260307204500	https://time.com/7383068/iran-war-russia-oil/
1293013886	20260307	202603	2026	2026.1836											IRNREB	IRAN	IRN					REB			0	046	046	04	1	7.0	10	1	10	0	0								4	Tehran, Tehran, Iran	IR	IR26	41130	35.75	51.5148	10074674	4	Tehran, Tehran, Iran	IR	IR26	41130	35.75	51.5148	10074674	20260307204500	https://www.ncr-iran.org/en/news/iran-resistance/mp-bob-blackman-the-choice-for-iran-is-not-chaos-but-a-transition-from-dictatorship-to-democracy/
1293013887	20260307	202603	2026	2026.1836											JUD	FEDERAL JUDGE						JUD			1	110	110	11	3	-2.0	10	1	10	-3.51317440401505	0								1	Honduras	HO	HO		15	-86.5	HO	1	Honduras	HO	HO		15	-86.5	HO	20260307204500	https://www.wcvb.com/article/any-lopez-belloza-case-dismissed/70652533
1293013888	20260307	202603	2026	2026.1836											KWT	KUWAIT	KWT								1	014	014	01	1	0.0	1	1	1	-4.06091370558376	0								1	Iran	IR	IR		32	53	IR	1	Iran	IR	IR		32	53	IR	20260307204500	https://www.brandonsun.com/national/2026/03/07/ride-share-drivers-in-canada-feel-the-sting-at-pump-amid-conflicts-in-middle-east
1293013889	20260307	202603	2026	2026.1836											LEG	LEGISLATURE						LEG			0	020	020	02	1	3.0	10	1	10	2.11416490486258	0								3	Chilton County, Alabama, United States	US	USAL		32.8668	-86.6833	161536	3	Chilton County, Alabama, United States	US	USAL		32.8668	-86.6833	161536	20260307204500	https://www.al.com/politics/2026/03/alabama-gop-kills-effort-to-rebuke-leader-who-said-he-could-give-a-sh-about-republican-party.html
1293013890	20260307	202603	2026	2026.1836											MAR	MOROCCO	MAR								1	042	042	04	1	1.9	5	1	5	4.39024390243903	0								4	Agadir, Souss-Massa-DrâMO, Morocco	MO	MO55	147358	30.4207	-9.59316	-20029	4	Agadir, Souss-Massa-DrâMO, Morocco	MO	MO55	147358	30.4207	-9.59316	-20029	20260307204500	https://eturbonews.com/morocco-tourism-revenues-january-2026-19-percent-growth/
1293013891	20260307	202603	2026	2026.1836											MEX	VILLAHERMOSA	MEX								1	020	020	02	1	3.0	6	1	6	-7.6056338028169	0								2	Puerto Rico, United States	US	USPR		18.2766	-66.335	PR	2	Puerto Rico, United States	US	USPR		18.2766	-66.335	PR	20260307204500	https://www.wftv.com/news/local/man-arrested-impersonating-police-officer-osceola-county/OY2NJS2VGVGTLLADVUHFJPDCII/
1293013892	20260307	202603	2026	2026.1836											MIL	AIR FORCE						MIL			1	046	046	04	1	7.0	1	1	1	-1.52477763659466	0								1	Kuwait	KU	KU		29.5	47.75	KU	1	Kuwait	KU	KU		29.5	47.75	KU	20260307204500	https://www.hindustantimes.com/world-news/us-news/trump-to-join-grieving-families-at-dover-air-force-base-for-return-of-soldiers-killed-in-iran-war-who-were-they-101772903902315.html
1293013893	20260307	202603	2026	2026.1836											MIL	AIR FORCE						MIL			1	046	046	04	1	7.0	1	1	1	-1.52477763659466	0								1	Syria	SY	SY		35	38	SY	1	Syria	SY	SY		35	38	SY	20260307204500	https://www.hindustantimes.com/world-news/us-news/trump-to-join-grieving-families-at-dover-air-force-base-for-return-of-soldiers-killed-in-iran-war-who-were-they-101772903902315.html
1293013894	20260307	202603	2026	2026.1836											MLT	MALTA	MLT								0	042	042	04	1	1.9	10	1	10	6.32530120481928	0								2	New York, United States	US	USNY		42.1497	-74.9384	NY	2	New York, United States	US	USNY		42.1497	-74.9384	NY	20260307204500	https://eturbonews.com/malta-delta-vacations-program-jfk-nonstop-flight-2026/
1293013895	20260307	202603	2026	2026.1836											MYSEDU	MALAYSIA	MYS					EDU			0	043	043	04	1	2.8	2	1	2	-9.99999999999997	0								2	Alaska, United States	US	USAK		61.385	-152.268	AK	2	Alaska, United States	US	USAK		61.385	-152.268	AK	20260307204500	https://www.foxnews.com/us/fbi-captures-bangladeshi-fugitive-extradited-massive-online-child-sextortion-case
1293013896	20260307	202603	2026	2026.1836											NGAGOV	NIGERIA	NGA					GOV			0	043	043	04	1	2.8	2	1	2	-8.98692810457518	0								5	Ebonyi State, Ebonyi, Nigeria	NI	NI53	191314	6.25	8.08333	9098617	5	Ebonyi State, Ebonyi, Nigeria	NI	NI53	191314	6.25	8.08333	9098617	20260307204500	https://www.opinionnigeria.com/afenifere-raises-alarm-over-terror-attacks-in-yorubaland-says-kidnappers-demand-virgins-drugs-as-ransom/
1293013897	20260307	202603	2026	2026.1836											POL	POLAND	POL								0	080	080	08	2	5.0	10	1	10	-2.7972027972028	0								4	Warsaw, (PL67), Poland	PL	PL67	24452	52.25	21	-534433	4	Warsaw, (PL67), Poland	PL	PL67	24452	52.25	21	-534433	20260307204500	https://internationalviewpoint.org/Last-Year-s-International-Women-s-Day-Ukraine
1293013898	20260307	202603	2026	2026.1836											RUS	MOSCOW	RUS								0	190	190	19	4	-10.0	1	1	1	-3.68873168266802	0								4	Beijing, Beijing, China	CH	CH22	13001	39.9289	116.388	-1898541	4	Beijing, Beijing, China	CH	CH22	13001	39.9289	116.388	-1898541	20260307204500	https://pjmedia.com/david-manney/2026/03/07/iran-war-reveals-the-energy-war-behind-russia-and-chinas-alliance-n4950373
1293013899	20260307	202603	2026	2026.1836											RUS	MOSCOW	RUS								0	190	190	19	4	-10.0	1	1	1	-3.68873168266802	0								4	Moscow, Moskva, Russia	RS	RS48	25106	55.7522	37.6156	-2960561	4	Tehran, Tehran, Iran	IR	IR26	41130	35.75	51.5148	10074674	20260307204500	https://pjmedia.com/david-manney/2026/03/07/iran-war-reveals-the-energy-war-behind-russia-and-chinas-alliance-n4950373
1293013900	20260307	202603	2026	2026.1836											UKR	UKRAINIAN	UKR								0	080	080	08	2	5.0	3	1	3	-2.7972027972028	0								4	Lviv, L'vivs'ka Oblast', Ukraine	UP	UP15	28555	49.8407	24.0305	-1045268	1	Russia	RS	RS		60	100	RS	20260307204500	https://internationalviewpoint.org/Last-Year-s-International-Women-s-Day-Ukraine
1293013901	20260307	202603	2026	2026.1836											UKR	UKRAINE	UKR								0	190	190	19	4	-10.0	1	1	1	-3.97058823529411	0								4	Kharkiv, Kharkivs'ka Oblast', Ukraine	UP	UP07	25036	49.9808	36.2527	-1041320	4	Shahed, Fars, Iran	IR	IR07	25307	28.5934	52.2295	-3083999	20260307204500	https://time.com/7383068/iran-war-russia-oil/
1293013902	20260307	202603	2026	2026.1836											UKR	UKRAINE	UKR								0	190	190	19	4	-10.0	1	1	1	-3.97058823529411	0								3	Washington, District of Columbia, United States	US	USDC	DC001	38.8951	-77.0364	531871	4	Moscow, Moskva, Russia	RS	RS48	25106	55.7522	37.6156	-2960561	20260307204500	https://time.com/7383068/iran-war-russia-oil/
1293013903	20260307	202603	2026	2026.1836											USA	UNITED STATES	USA								1	020	020	02	1	3.0	2	1	2	-7.6056338028169	0								2	Puerto Rico, United States	US	USPR		18.2766	-66.335	PR	2	Puerto Rico, United States	US	USPR		18.2766	-66.335	PR	20260307204500	https://www.wftv.com/news/local/man-arrested-impersonating-police-officer-osceola-county/OY2NJS2VGVGTLLADVUHFJPDCII/
1293013904	20260307	202603	2026	2026.1836											USA	UNITED STATES	USA								1	036	036	03	1	4.0	1	1	1	0.87336244541485	0								2	Mississippi, United States	US	USMS		32.7673	-89.6812	MS	2	Mississippi, United States	US	USMS		32.7673	-89.6812	MS	20260307204500	https://pjmedia.com/victoria-taft/2026/03/07/youd-think-a-guy-who-cant-read-would-want-to-know-why-mississippi-schools-beat-californias-n4950360
1293013905	20260307	202603	2026	2026.1836											USA	UNITED STATES	USA								0	040	040	04	1	1.0	1	1	1	-5.61660561660561	0								2	California, United States	US	USCA		36.17	-119.746	CA	3	Los Angeles, California, United States	US	USCA		34.0522	-118.244	1662328	20260307204500	https://www.ibtimes.co.uk/deaf-child-deportation-immigration-policies-1783855
1293013906	20260307	202603	2026	2026.1836											USA	UNITED STATES	USA								0	040	040	04	1	1.0	1	1	1	-5.61660561660561	0								2	California, United States	US	USCA		36.17	-119.746	CA	1	Colombia	CO	CO		4	-72	CO	20260307204500	https://www.ibtimes.co.uk/deaf-child-deportation-immigration-policies-1783855
1293013907	20260307	202603	2026	2026.1836											USA	UNITED STATES	USA								1	042	042	04	1	1.9	5	1	4	1.96923076923077	0								3	Marquette University, Wisconsin, United States	US	USWI		43.0375	-87.9298	1569068	3	Marquette University, Wisconsin, United States	US	USWI		43.0375	-87.9298	1569068	20260307204500	https://www.yahoo.com/news/articles/discussion-guns-milwaukee-thats-goal-200856721.html
1293013908	20260307	202603	2026	2026.1836											USA	UNITED STATES	USA								0	042	042	04	1	1.9	1	1	1	1.96923076923077	0								3	Marquette University, Wisconsin, United States	US	USWI		43.0375	-87.9298	1569068	3	Milwaukee, Wisconsin, United States	US	USWI	WI079	43.0389	-87.9065	1577901	20260307204500	https://www.yahoo.com/news/articles/discussion-guns-milwaukee-thats-goal-200856721.html
1293013909	20260307	202603	2026	2026.1836											USA	MILWAUKEE	USA								0	042	042	04	1	1.9	4	1	4	1.96923076923077	0								3	Milwaukee, Wisconsin, United States	US	USWI	WI079	43.0389	-87.9065	1577901	3	Milwaukee, Wisconsin, United States	US	USWI	WI079	43.0389	-87.9065	1577901	20260307204500	https://www.yahoo.com/news/articles/discussion-guns-milwaukee-thats-goal-200856721.html
1293013910	20260307	202603	2026	2026.1836											USA	MILWAUKEE	USA								0	042	042	04	1	1.9	1	1	1	1.96923076923077	0								3	Milwaukee, Wisconsin, United States	US	USWI	WI079	43.0389	-87.9065	1577901	2	Wisconsin, United States	US	USWI		44.2563	-89.6385	WI	20260307204500	https://www.yahoo.com/news/articles/discussion-guns-milwaukee-thats-goal-200856721.html
1293013911	20260307	202603	2026	2026.1836											USA	THE US	USA								0	042	042	04	1	1.9	2	1	2	-5.61660561660561	0								1	Colombia	CO	CO		4	-72	CO	1	Colombia	CO	CO		4	-72	CO	20260307204500	https://www.ibtimes.co.uk/deaf-child-deportation-immigration-policies-1783855
1293013912	20260307	202603	2026	2026.1836											USA	UNITED STATES	USA								1	042	042	04	1	1.9	2	1	2	-4.22535211267606	0								2	Delaware, United States	US	USDE		39.3498	-75.5148	DE	1	Kuwait	KU	KU		29.5	47.75	KU	20260307204500	https://www.dailymail.co.uk/news/article-15623839/staggering-cost-iran-war-taxpayers-america.html
1293013913	20260307	202603	2026	2026.1836											USA	UNITED STATES	USA								1	042	042	04	1	1.9	4	1	4	-3.50877192982456	0								2	Georgia, United States	US	USGA		32.9866	-83.6487	GA	3	Atlanta, Georgia, United States	US	USGA	GA121	33.749	-84.388	351615	20260307204500	https://timesofindia.indiatimes.com/world/us/southwest-flight-diverted-mid-air-over-possible-security-matter-fbi-confirms-no-threat/articleshow/129233145.cms
1293013914	20260307	202603	2026	2026.1836											USA	TEXAS	USA								1	043	043	04	1	2.8	10	1	10	-4.32692307692308	0								2	Texas, United States	US	USTX		31.106	-97.6475	TX	3	Dallas, Texas, United States	US	USTX	TX113	32.7831	-96.8067	1380944	20260307204500	https://www.klif.com/2026/03/07/texas-dps-seizes-nearly-3-4m-worth-of-meth-from-truck-headed-to-dallas/
1293013915	20260307	202603	2026	2026.1836											USA	MILWAUKEE	USA								0	046	046	04	1	7.0	1	1	1	1.96923076923077	0								3	Milwaukee, Wisconsin, United States	US	USWI	WI079	43.0389	-87.9065	1577901	3	Milwaukee, Wisconsin, United States	US	USWI	WI079	43.0389	-87.9065	1577901	20260307204500	https://www.yahoo.com/news/articles/discussion-guns-milwaukee-thats-goal-200856721.html
1293013916	20260307	202603	2026	2026.1836											USA	MILWAUKEE	USA								0	046	046	04	1	7.0	1	1	1	1.96923076923077	0								2	Wisconsin, United States	US	USWI		44.2563	-89.6385	WI	3	Milwaukee, Wisconsin, United States	US	USWI	WI079	43.0389	-87.9065	1577901	20260307204500	https://www.yahoo.com/news/articles/discussion-guns-milwaukee-thats-goal-200856721.html
1293013917	20260307	202603	2026	2026.1836											USA	AMERICAN	USA								0	051	051	05	1	3.4	2	1	2	-1.36986301369863	0								1	Cyprus	CY	CY		35	33	CY	1	Cyprus	CY	CY		35	33	CY	20260307204500	https://www.foxnews.com/politics/farage-slams-british-prime-minister-extraordinary-lack-support-trumps-iran-strikes
1293013918	20260307	202603	2026	2026.1836											USA	AMERICAN	USA								0	051	051	05	1	3.4	6	1	6	-1.36986301369863	0								1	Mauritius	MP	MP		16	146	MP	1	United Kingdom	UK	UK		54	-4	UK	20260307204500	https://www.foxnews.com/politics/farage-slams-british-prime-minister-extraordinary-lack-support-trumps-iran-strikes
1293013919	20260307	202603	2026	2026.1836											USA	UNITED STATES	USA								1	057	057	05	1	8.0	2	1	2	0.64043915827996	0								3	Miami, Florida, United States	US	USFL	FL086	25.7743	-80.1937	295004	3	Miami, Florida, United States	US	USFL	FL086	25.7743	-80.1937	295004	20260307204500	https://www.artsjournal.com/diacritical/2026/03/aj-chronicles-future-vision-and-what-the-boston-symphony-signaled-this-week.html
1293013920	20260307	202603	2026	2026.1836											USA	FLORIDA	USA								1	062	062	06	2	7.4	10	1	10	-3.50877192982456	0								3	Hollywood, California, United States	US	USCA	CA037	34.0983	-118.327	1660757	3	Hollywood, California, United States	US	USCA	CA037	34.0983	-118.327	1660757	20260307204500	https://timesofindia.indiatimes.com/world/us/southwest-flight-diverted-mid-air-over-possible-security-matter-fbi-confirms-no-threat/articleshow/129233145.cms
1293013921	20260307	202603	2026	2026.1836											USA	UNITED STATES	USA								1	100	100	10	3	-5.0	3	1	3	1.5748031496063	0								3	Indian Wells, California, United States	US	USCA		35.6652	-117.873	243848	3	Indian Wells, California, United States	US	USCA		35.6652	-117.873	243848	20260307204500	https://www.el-balad.com/16872129
1293013922	20260307	202603	2026	2026.1836											USA	UNITED STATES	USA								1	173	173	17	4	-5.0	2	1	2	-5.08474576271187	0								3	Gracie Mansion, New York, United States	US	USNY		40.7761	-73.9431	2083607	3	Gracie Mansion, New York, United States	US	USNY		40.7761	-73.9431	2083607	20260307204500	https://www.cbsnews.com/newyork/news/gracie-mansion-protest-smoke-grenades/
1293013923	20260307	202603	2026	2026.1836											USA	OHIO	USA								1	190	190	19	4	-10.0	1	1	1	-16.2337662337662	0								3	Licking County, Ohio, United States	US	USOH		40.0834	-82.5002	1074057	3	Licking County, Ohio, United States	US	USOH		40.0834	-82.5002	1074057	20260307204500	https://www.10tv.com/article/news/local/hebron-shooting-16-year-old-injured-suspect-arrested/530-d663f8d8-7582-4cd3-92a4-9bd887e028d2
1293013924	20260307	202603	2026	2026.1836											USA	WASHINGTON	USA								0	190	190	19	4	-10.0	1	1	1	-5.30482977038797	0								2	Washington, United States	US	USWA		47.3917	-121.571	WA	3	Seattle, Washington, United States	US	USWA	WA033	47.6062	-122.332	1512650	20260307204500	https://www.yakimaherald.com/news/northwest/small-businesses-startups-weigh-impacts-of-states-proposed-income-tax/article_7551954f-1be1-5074-937f-ea1110ea34b2.html
1293013925	20260307	202603	2026	2026.1836											nag	NAGA			nag						1	040	040	04	1	1.0	10	1	10	4.28571428571429	0								0								0								20260307204500	https://morungexpress.com/empowerment-is-not-a-gender-struggle-naga-men-on-sharing-the-space-to-shape-society
1293013926	20260307	202603	2026	2026.1836	ARE	UNITED ARAB EMIRATES	ARE																		0	160	160	16	4	-4.0	1	1	1	-4.63576158940398	4	Dhafra, Abu Z¸aby, United Arab Emirates	AE	AE01	28568	23.4167	53.4167	-782073	0								4	Dhafra, Abu Z¸aby, United Arab Emirates	AE	AE01	28568	23.4167	53.4167	-782073	20260307204500	https://www.aljazeera.com/news/2026/3/7/uae-president-says-prepared-to-confront-threats-as-iran-attacks-continue
1293013927	20260307	202603	2026	2026.1836	ARE	UNITED ARAB EMIRATES	ARE								GBR	UNITED KINGDOM	GBR								1	043	043	04	1	2.8	8	1	8	-1.67310167310168	4	Dubai, Dubayy, United Arab Emirates	AE	AE03	28575	25.2522	55.28	-782831	1	United Kingdom	UK	UK		54	-4	UK	4	Dubai, Dubayy, United Arab Emirates	AE	AE03	28575	25.2522	55.28	-782831	20260307204500	https://www.manchestereveningnews.co.uk/news/world-news/foreign-office-updates-uae-travel-33551289
1293013928	20260307	202603	2026	2026.1836	ARE	UNITED ARAB EMIRATES	ARE								GBR	UNITED KINGDOM	GBR								1	043	043	04	1	2.8	2	1	2	-1.67310167310168	4	Dubai, Dubayy, United Arab Emirates	AE	AE03	28575	25.2522	55.28	-782831	1	United Kingdom	UK	UK		54	-4	UK	1	United Kingdom	UK	UK		54	-4	UK	20260307204500	https://www.manchestereveningnews.co.uk/news/world-news/foreign-office-updates-uae-travel-33551289
1293013929	20260307	202603	2026	2026.1836	ARE	UNITED ARAB EMIRATES	ARE								IRN	IRAN	IRN								1	195	195	19	4	-10.0	2	1	2	-4.63576158940398	4	Tehran, Tehran, Iran	IR	IR26	41130	35.75	51.5148	10074674	4	Tehran, Tehran, Iran	IR	IR26	41130	35.75	51.5148	10074674	4	Tehran, Tehran, Iran	IR	IR26	41130	35.75	51.5148	10074674	20260307204500	https://www.aljazeera.com/news/2026/3/7/uae-president-says-prepared-to-confront-threats-as-iran-attacks-continue
1293013930	20260307	202603	2026	2026.1836	ARG	MORON	ARG								LAB	EMPLOYEE						LAB			0	012	012	01	1	-0.4	10	1	10	-1.50062526052522	1	Iran	IR	IR		32	53	IR	1	Iran	IR	IR		32	53	IR	1	Iran	IR	IR		32	53	IR	20260307204500	https://benn.substack.com/p/the-banality-of-surveillance
1293013931	20260307	202603	2026	2026.1836	AUS	NORTHERN TERRITORY	AUS																		1	043	043	04	1	2.8	8	1	8	-0.163132137031	5	Northern Territory, Northern Territory, Australia	AS	AS03	40197	-20	134	-1592100	0								4	Ravensbourne, Queensland, Australia	AS	AS04	154695	-27.3667	152.167	-1596876	20260307204500	https://www.queenslandcountrylife.com.au/story/9186177/preserving-bush-stories-natalie-stockdales-memoir-mission/
1293013932	20260307	202603	2026	2026.1836	AUS	NORTHERN TERRITORY	AUS																		1	043	043	04	1	2.8	2	1	2	-0.163132137031	4	Ravensbourne, Queensland, Australia	AS	AS04	154695	-27.3667	152.167	-1596876	0								4	Ravensbourne, Queensland, Australia	AS	AS04	154695	-27.3667	152.167	-1596876	20260307204500	https://www.queenslandcountrylife.com.au/story/9186177/preserving-bush-stories-natalie-stockdales-memoir-mission/
1293013933	20260307	202603	2026	2026.1836	AUS	AUSTRALIAN	AUS																		1	071	071	07	2	7.4	8	1	8	-0.875656742556919	4	Monash, South Australia, Australia	AS	AS05	5284	-34.2333	140.567	-1588322	0								4	Monash, South Australia, Australia	AS	AS05	5284	-34.2333	140.567	-1588322	20260307204500	https://www.miragenews.com/womens-health-needs-unmet-whats-missing-1633027/
1293013934	20260307	202603	2026	2026.1836	AUS	AUSTRALIA	AUS																		0	073	073	07	2	7.4	2	1	2	-0.163132137031	4	Tocal, New South Wales, Australia	AS	AS02	5096	-32.6167	151.583	-1604989	0								4	Melbourne, Victoria, Australia	AS	AS07	5430	-37.8167	144.967	-1586844	20260307204500	https://www.queenslandcountrylife.com.au/story/9186177/preserving-bush-stories-natalie-stockdales-memoir-mission/
1293013935	20260307	202603	2026	2026.1836	AUS	AUSTRALIA	AUS																		0	073	073	07	2	7.4	4	1	2	-0.163132137031	4	Tocal, New South Wales, Australia	AS	AS02	5096	-32.6167	151.583	-1604989	0								4	Tocal, New South Wales, Australia	AS	AS02	5096	-32.6167	151.583	-1604989	20260307204500	https://www.queenslandcountrylife.com.au/story/9186177/preserving-bush-stories-natalie-stockdales-memoir-mission/
1293013936	20260307	202603	2026	2026.1836	AUS	AUSTRALIA	AUS																		0	073	073	07	2	7.4	2	1	2	-0.163132137031	4	Tocal, New South Wales, Australia	AS	AS02	5096	-32.6167	151.583	-1604989	0								4	Airlie Beach, Queensland, Australia	AS	AS04	40197	-20.2672	148.716	11430433	20260307204500	https://www.queenslandcountrylife.com.au/story/9186177/preserving-bush-stories-natalie-stockdales-memoir-mission/
1293013937	20260307	202603	2026	2026.1836	AUS	SYDNEY	AUS																		1	128	128	12	3	-5.0	8	1	8	5.31400966183575	4	Sydney, New South Wales, Australia	AS	AS02	154637	-33.8833	151.217	-1603135	0								4	Sydney, New South Wales, Australia	AS	AS02	154637	-33.8833	151.217	-1603135	20260307204500	https://www.realitytea.com/2026/03/07/sydney-sweeney-cami-top-syrn-strings/
1293013938	20260307	202603	2026	2026.1836	AUS	AUSTRALIA	AUS								BUS	INDUSTRY						BUS			1	051	051	05	1	3.4	8	1	4	6.5979381443299	4	Sydney, New South Wales, Australia	AS	AS02	154637	-33.8833	151.217	-1603135	4	Sydney, New South Wales, Australia	AS	AS02	154637	-33.8833	151.217	-1603135	4	Sydney, New South Wales, Australia	AS	AS02	154637	-33.8833	151.217	-1603135	20260307204500	https://travelweekly.com.au/gavin-smith-joins-cruising-hall-of-fame-at-23rd-annual-clia-awards/
1293013939	20260307	202603	2026	2026.1836	AUS	VICTORIA	AUS								CVL	COMMUNITY						CVL			1	040	040	04	1	1.0	5	1	5	6.87022900763358	4	Saint Anne Island, Seychelles (general), Seychelles	SE	SE00	61280	-4.6	55.5	-1322664	4	Saint Anne Island, Seychelles (general), Seychelles	SE	SE00	61280	-4.6	55.5	-1322664	4	Saint Anne Island, Seychelles (general), Seychelles	SE	SE00	61280	-4.6	55.5	-1322664	20260307204500	https://eturbonews.com/club-med-seychelles-tourism-community-growth-strategy/
1293013940	20260307	202603	2026	2026.1836	AUS	AUSTRALIA	AUS								EDU	SCHOOL						EDU			1	043	043	04	1	2.8	2	1	2	-0.163132137031	5	Northern Territory, Northern Territory, Australia	AS	AS03	40197	-20	134	-1592100	4	Terrick Terrick, Victoria, Australia	AS	AS07	5391	-36.0833	144.3	-1604180	4	Ravensbourne, Queensland, Australia	AS	AS04	154695	-27.3667	152.167	-1596876	20260307204500	https://www.queenslandcountrylife.com.au/story/9186177/preserving-bush-stories-natalie-stockdales-memoir-mission/
1293013941	20260307	202603	2026	2026.1836	AUS	AUSTRALIA	AUS								EDU	SCHOOL						EDU			1	043	043	04	1	2.8	2	1	2	-0.163132137031	4	Terrick Terrick, Victoria, Australia	AS	AS07	5391	-36.0833	144.3	-1604180	4	Terrick Terrick, Victoria, Australia	AS	AS07	5391	-36.0833	144.3	-1604180	5	Northern Territory, Northern Territory, Australia	AS	AS03	40197	-20	134	-1592100	20260307204500	https://www.queenslandcountrylife.com.au/story/9186177/preserving-bush-stories-natalie-stockdales-memoir-mission/
1293013942	20260307	202603	2026	2026.1836	AUS	AUSTRALIA	AUS								EDU	SCHOOL						EDU			1	043	043	04	1	2.8	2	1	2	-0.163132137031	4	Terrick Terrick, Victoria, Australia	AS	AS07	5391	-36.0833	144.3	-1604180	4	Terrick Terrick, Victoria, Australia	AS	AS07	5391	-36.0833	144.3	-1604180	4	Terrick Terrick, Victoria, Australia	AS	AS07	5391	-36.0833	144.3	-1604180	20260307204500	https://www.queenslandcountrylife.com.au/story/9186177/preserving-bush-stories-natalie-stockdales-memoir-mission/
1293013943	20260307	202603	2026	2026.1836	AUSCOP	VICTORIA	AUS					COP													1	020	020	02	1	3.0	10	1	10	-3.82695507487521	0								0								0								20260307204500	https://www.miragenews.com/new-task-force-targets-inner-city-car-break-ins-1633025/
1293013944	20260307	202603	2026	2026.1836	AUSGOV	AUSTRALIA	AUS					GOV			AUS	AUSTRALIAN	AUS								1	040	040	04	1	1.0	2	1	2	-4.41696113074205	4	Canberra, Australian Capital Territory, Australia	AS	AS01	4940	-35.2833	149.217	-1563952	4	Canberra, Australian Capital Territory, Australia	AS	AS01	4940	-35.2833	149.217	-1563952	4	Canberra, Australian Capital Territory, Australia	AS	AS01	4940	-35.2833	149.217	-1563952	20260307204500	https://www.edmontonexaminer.com:443/opinion/columnists/carneys-flip-flopping-stance-iran-war-hurts-canadas-reputation/wcm/aa3de992-3e64-4706-8331-0cc22525d27b
1293013945	20260307	202603	2026	2026.1836	BEL	WATERLOO	BEL																		1	020	020	02	1	3.0	1	1	1	0	4	Toronto, Ontario, Canada	CA	CA08	12686	43.6667	-79.4167	-574890	0								4	Toronto, Ontario, Canada	CA	CA08	12686	43.6667	-79.4167	-574890	20260307204500	https://www.cbc.ca/news/canada/kitchener-waterloo/waterloo-fire-rescue-smoke-carbon-monoxide-alarms-daylight-savings-9.7118092
1293013946	20260307	202603	2026	2026.1836	BEL	WATERLOO	BEL																		1	020	020	02	1	3.0	4	1	4	0	1	United Kingdom	UK	UK		54	-4	UK	0								1	United Kingdom	UK	UK		54	-4	UK	20260307204500	https://www.cbc.ca/news/canada/kitchener-waterloo/waterloo-fire-rescue-smoke-carbon-monoxide-alarms-daylight-savings-9.7118092
1293013947	20260307	202603	2026	2026.1836	BGD	BANGLADESH	BGD																		0	050	050	05	1	3.5	4	1	4	9.04347826086959	4	Agrabad, Chittagong, Bangladesh	BG	BG84	5770	22.3311	91.7972	9248654	0								4	Agrabad, Chittagong, Bangladesh	BG	BG84	5770	22.3311	91.7972	9248654	20260307204500	https://eturbonews.com/world-tourism-network-bangladesh-ramadan-iftar-orphan-children-chattogram/
1293013948	20260307	202603	2026	2026.1836	BGD	BANGLADESH	BGD																		0	051	051	05	1	3.4	4	1	4	9.04347826086959	4	Agrabad, Chittagong, Bangladesh	BG	BG84	5770	22.3311	91.7972	9248654	0								4	Agrabad, Chittagong, Bangladesh	BG	BG84	5770	22.3311	91.7972	9248654	20260307204500	https://eturbonews.com/world-tourism-network-bangladesh-ramadan-iftar-orphan-children-chattogram/
1293013949	20260307	202603	2026	2026.1836	BGD	BANGLADESHI	BGD								MYS	MALAYSIA	MYS								1	112	112	11	3	-2.0	8	1	8	-9.99999999999997	1	Bangladesh	BG	BG		24	90	BG	1	Malaysia	MY	MY		2.5	112.5	MY	1	Malaysia	MY	MY		2.5	112.5	MY	20260307204500	https://www.foxnews.com/us/fbi-captures-bangladeshi-fugitive-extradited-massive-online-child-sextortion-case
1293013950	20260307	202603	2026	2026.1836	BGD	BANGLADESHI	BGD								MYS	MALAYSIA	MYS								1	174	174	17	4	-5.0	1	1	1	-9.99999999999997	2	Alaska, United States	US	USAK		61.385	-152.268	AK	1	Malaysia	MY	MY		2.5	112.5	MY	1	Malaysia	MY	MY		2.5	112.5	MY	20260307204500	https://www.foxnews.com/us/fbi-captures-bangladeshi-fugitive-extradited-massive-online-child-sextortion-case
1293013951	20260307	202603	2026	2026.1836	BGD	BANGLADESHI	BGD								MYS	MALAYSIA	MYS								1	174	174	17	4	-5.0	6	1	6	-9.99999999999997	1	Bangladesh	BG	BG		24	90	BG	1	Malaysia	MY	MY		2.5	112.5	MY	1	Bangladesh	BG	BG		24	90	BG	20260307204500	https://www.foxnews.com/us/fbi-captures-bangladeshi-fugitive-extradited-massive-online-child-sextortion-case
1293013952	20260307	202603	2026	2026.1836	BGD	BANGLADESHI	BGD								MYS	MALAYSIA	MYS								1	174	174	17	4	-5.0	2	1	2	-9.99999999999997	1	Bangladesh	BG	BG		24	90	BG	1	Malaysia	MY	MY		2.5	112.5	MY	1	Malaysia	MY	MY		2.5	112.5	MY	20260307204500	https://www.foxnews.com/us/fbi-captures-bangladeshi-fugitive-extradited-massive-online-child-sextortion-case
1293013953	20260307	202603	2026	2026.1836	BGD	BANGLADESHI	BGD								MYS	MALAYSIA	MYS								1	174	174	17	4	-5.0	9	1	9	-9.99999999999997	1	Malaysia	MY	MY		2.5	112.5	MY	1	Malaysia	MY	MY		2.5	112.5	MY	1	Malaysia	MY	MY		2.5	112.5	MY	20260307204500	https://www.foxnews.com/us/fbi-captures-bangladeshi-fugitive-extradited-massive-online-child-sextortion-case
1293013954	20260307	202603	2026	2026.1836	BGD	BANGLADESHI	BGD								NPL	NEPAL	NPL								0	040	040	04	1	1.0	6	1	6	-3.75293197810789	4	Dhaka, Dhaka, Bangladesh	BG	BG81	5778	23.7231	90.4086	-2737683	1	Nepal	NP	NP		28	84	NP	4	Dhaka, Dhaka, Bangladesh	BG	BG81	5778	23.7231	90.4086	-2737683	20260307204500	https://weeklyblitz.net/2026/03/08/jamaat-awami-league-nexus-the-fault-line-beneath-bangladeshs-politics/
1293013955	20260307	202603	2026	2026.1836	BGD	BANGLADESH	BGD								NPL	NEPAL	NPL								0	040	040	04	1	1.0	2	1	2	-3.75293197810789	4	Dhaka, Dhaka, Bangladesh	BG	BG81	5778	23.7231	90.4086	-2737683	1	Nepal	NP	NP		28	84	NP	1	Nepal	NP	NP		28	84	NP	20260307204500	https://weeklyblitz.net/2026/03/08/jamaat-awami-league-nexus-the-fault-line-beneath-bangladeshs-politics/
1293013956	20260307	202603	2026	2026.1836	BGD	BANGLADESHI	BGD								NPL	NEPAL	NPL								0	040	040	04	1	1.0	2	1	2	-3.75293197810789	1	Nepal	NP	NP		28	84	NP	1	Nepal	NP	NP		28	84	NP	1	Nepal	NP	NP		28	84	NP	20260307204500	https://weeklyblitz.net/2026/03/08/jamaat-awami-league-nexus-the-fault-line-beneath-bangladeshs-politics/
1293013957	20260307	202603	2026	2026.1836	BHR	BAHRAIN	BHR								ARE	UNITED ARAB EMIRATES	ARE								1	195	195	19	4	-10.0	1	1	1	-5.8128078817734	4	Doha, Ad Daw?ah, Qatar	QA	QA01	25307	25.2867	51.5333	-785169	4	Doha, Ad Daw?ah, Qatar	QA	QA01	25307	25.2867	51.5333	-785169	4	Jerusalem, Israel (general), Israel	IS	IS00	18315	31.7667	35.2333	-797092	20260307204500	https://www.manilatimes.net/2026/03/08/world/iran-fires-at-gulf-neighbors-as-trump-threatens-more-strikes/2295382
1293013958	20260307	202603	2026	2026.1836	BHR	BAHRAIN	BHR								ARE	UNITED ARAB EMIRATES	ARE								1	195	195	19	4	-10.0	3	1	3	-5.8128078817734	4	Tehran, Tehran, Iran	IR	IR26	41130	35.75	51.5148	10074674	4	Tehran, Tehran, Iran	IR	IR26	41130	35.75	51.5148	10074674	4	Tehran, Tehran, Iran	IR	IR26	41130	35.75	51.5148	10074674	20260307204500	https://www.manilatimes.net/2026/03/08/world/iran-fires-at-gulf-neighbors-as-trump-threatens-more-strikes/2295382
1293013959	20260307	202603	2026	2026.1836	BHR	BAHRAIN	BHR								ARE	UNITED ARAB EMIRATES	ARE								1	195	195	19	4	-10.0	1	1	1	-5.8128078817734	1	Bahrain	BA	BA		26	50.5	BA	4	Dubai, Dubayy, United Arab Emirates	AE	AE03	28575	25.2522	55.28	-782831	4	Doha, Ad Daw?ah, Qatar	QA	QA01	25307	25.2867	51.5333	-785169	20260307204500	https://www.manilatimes.net/2026/03/08/world/iran-fires-at-gulf-neighbors-as-trump-threatens-more-strikes/2295382
1293013960	20260307	202603	2026	2026.1836	BHR	BAHRAIN	BHR								DEU	GERMANY	DEU								1	030	030	03	1	4.0	2	1	2	1.96749358426005	4	Berlin, Berlin, Germany	GM	GM16	16538	52.5167	13.4	-1746443	4	Berlin, Berlin, Germany	GM	GM16	16538	52.5167	13.4	-1746443	4	Berlin, Berlin, Germany	GM	GM16	16538	52.5167	13.4	-1746443	20260307204500	https://eturbonews.com/itb-berlin-2026-angola-global-tourism-uncertainty/
1293013961	20260307	202603	2026	2026.1836	BHR	BAHRAIN	BHR								IRN	IRANIAN	IRN								1	190	190	19	4	-10.0	10	1	10	-3.9622641509434	4	Manama, Al Manamah, Bahrain	BA	BA02	25307	26.2361	50.5831	-784833	4	Manama, Al Manamah, Bahrain	BA	BA02	25307	26.2361	50.5831	-784833	4	Manama, Al Manamah, Bahrain	BA	BA02	25307	26.2361	50.5831	-784833	20260307204500	https://www.thenationalnews.com/news/gulf/2026/03/07/saudi-arabia-foils-three-iranian-drone-attacks-on-oil-field-near-uae-border/
1293013962	20260307	202603	2026	2026.1836	BLR	BELARUS	BLR								CYP	CYPRUS	CYP								0	173	173	17	4	-5.0	1	1	1	-1.90217391304348	4	Minsk, Belarus (general), Belarus	BO	BO00	5840	53.9	27.5667	-1946324	1	Cyprus	CY	CY		35	33	CY	4	Minsk, Belarus (general), Belarus	BO	BO00	5840	53.9	27.5667	-1946324	20260307204500	https://weeklyblitz.net/2026/03/08/belarusian-tycoon-says-cyprus-firms-linked-to-ex-presidents-family-held-assets-on-his-behalf/
1293013963	20260307	202603	2026	2026.1836	BLR	BELARUS	BLR								CYP	CYPRUS	CYP								0	173	173	17	4	-5.0	1	1	1	-1.90217391304348	1	Cyprus	CY	CY		35	33	CY	1	Cyprus	CY	CY		35	33	CY	1	Cyprus	CY	CY		35	33	CY	20260307204500	https://weeklyblitz.net/2026/03/08/belarusian-tycoon-says-cyprus-firms-linked-to-ex-presidents-family-held-assets-on-his-behalf/
1293013964	20260307	202603	2026	2026.1836	BUS	BUSINESS						BUS													0	020	020	02	1	3.0	5	1	5	-0.23391812865497	4	Stockholm, Stockholm, Sweden	SW	SW26	26170	59.3333	18.05	-2524279	0								4	Stockholm, Stockholm, Sweden	SW	SW26	26170	59.3333	18.05	-2524279	20260307204500	https://eturbonews.com/cashless-tourism-global-impact-travelers-small-businesses/
1293013965	20260307	202603	2026	2026.1836	BUS	COMPANIES						BUS													0	020	020	02	1	3.0	5	1	5	-1.90217391304348	1	Cyprus	CY	CY		35	33	CY	0								1	Cyprus	CY	CY		35	33	CY	20260307204500	https://weeklyblitz.net/2026/03/08/belarusian-tycoon-says-cyprus-firms-linked-to-ex-presidents-family-held-assets-on-his-behalf/
1293013966	20260307	202603	2026	2026.1836	BUS	BUSINESS						BUS													1	020	020	02	1	3.0	6	1	6	0.63694267515924	2	South Dakota, United States	US	USSD		44.2853	-99.4632	SD	0								2	South Dakota, United States	US	USSD		44.2853	-99.4632	SD	20260307204500	https://www.hindustantimes.com/world-news/us-news/kristi-noems-husband-byron-vs-corey-lewandowski-who-is-richer-a-look-their-wealth-and-income-101772896323910.html
1293013967	20260307	202603	2026	2026.1836	BUS	INDUSTRY						BUS													1	051	051	05	1	3.4	6	1	6	6.5979381443299	4	Sydney, New South Wales, Australia	AS	AS02	154637	-33.8833	151.217	-1603135	0								4	Sydney, New South Wales, Australia	AS	AS02	154637	-33.8833	151.217	-1603135	20260307204500	https://travelweekly.com.au/gavin-smith-joins-cruising-hall-of-fame-at-23rd-annual-clia-awards/
1293013968	20260307	202603	2026	2026.1836	BUS	COMPANY						BUS													1	120	120	12	3	-4.0	10	1	10	0.74441687344913	4	Shenzhen, Guangdong, China	CH	CH30	13036	22.2	111.117	-1925267	0								4	Shenzhen, Guangdong, China	CH	CH30	13036	22.2	111.117	-1925267	20260307204500	https://www.el-balad.com/16872132
1293013969	20260307	202603	2026	2026.1836	BUS	AIRLINE						BUS													1	120	120	12	3	-4.0	10	1	10	-4.59183673469388	4	Athens, AttikíR, Greece	GR	GR35	16716	37.9833	23.7333	-814876	0								4	Athens, AttikíR, Greece	GR	GR35	16716	37.9833	23.7333	-814876	20260307204500	https://greekreporter.com/2026/03/07/greece-stock-market-sheds-billion-middle-east-conflict/
1293013970	20260307	202603	2026	2026.1836	BUS	INDUSTRY						BUS			AUS	SYDNEY	AUS								0	141	141	14	3	-6.5	10	1	10	6.5979381443299	4	Sydney, New South Wales, Australia	AS	AS02	154637	-33.8833	151.217	-1603135	4	Sydney, New South Wales, Australia	AS	AS02	154637	-33.8833	151.217	-1603135	4	Sydney, New South Wales, Australia	AS	AS02	154637	-33.8833	151.217	-1603135	20260307204500	https://travelweekly.com.au/gavin-smith-joins-cruising-hall-of-fame-at-23rd-annual-clia-awards/
1293013971	20260307	202603	2026	2026.1836	BUS	BUSINESS						BUS			COP	POLICE						COP			1	043	043	04	1	2.8	10	1	10	-8.76288659793814	4	Sydney, New South Wales, Australia	AS	AS02	154637	-33.8833	151.217	-1603135	4	Sydney, New South Wales, Australia	AS	AS02	154637	-33.8833	151.217	-1603135	4	Sydney, New South Wales, Australia	AS	AS02	154637	-33.8833	151.217	-1603135	20260307204500	https://www.miragenews.com/charges-laid-impersonation-armed-robbery-in-sw-1633026/
1293013972	20260307	202603	2026	2026.1836	BUS	COMPANY						BUS			CVL	TENANTS						CVL			1	013	013	01	1	0.4	10	1	10	2.69151138716356	4	Parkview, Saskatchewan, Canada	CA	CA11	154724	51.35	-103.233	-570938	4	Parkview, Saskatchewan, Canada	CA	CA11	154724	51.35	-103.233	-570938	4	Parkview, Saskatchewan, Canada	CA	CA11	154724	51.35	-103.233	-570938	20260307204500	https://www.edmontonexaminer.com:443/news/local-news/loca-quality-market-closing-edmonton-sherwood-park
1293013973	20260307	202603	2026	2026.1836	BUS	COMPANY						BUS			GOV	REGULATOR						GOV			1	010	010	01	1	0.0	10	1	10	-0.7537688442211	2	California, United States	US	USCA		36.17	-119.746	CA	2	California, United States	US	USCA		36.17	-119.746	CA	2	California, United States	US	USCA		36.17	-119.746	CA	20260307204500	https://finance.yahoo.com/news/state-farm-reaches-deal-keep-192824293.html
1293013974	20260307	202603	2026	2026.1836	BUS	BANK						BUS			GRC	GREEK	GRC								0	080	080	08	2	5.0	2	1	2	-4.59183673469388	4	Athens, AttikíR, Greece	GR	GR35	16716	37.9833	23.7333	-814876	4	Athens, AttikíR, Greece	GR	GR35	16716	37.9833	23.7333	-814876	4	Athens, AttikíR, Greece	GR	GR35	16716	37.9833	23.7333	-814876	20260307204500	https://greekreporter.com/2026/03/07/greece-stock-market-sheds-billion-middle-east-conflict/
1293013975	20260307	202603	2026	2026.1836	BUS	INDUSTRY						BUS			LAB	WORKER						LAB			0	040	040	04	1	1.0	10	1	10	-2.7972027972028	1	United Kingdom	UK	UK		54	-4	UK	1	United Kingdom	UK	UK		54	-4	UK	1	United Kingdom	UK	UK		54	-4	UK	20260307204500	https://internationalviewpoint.org/Last-Year-s-International-Women-s-Day-Ukraine
1293013976	20260307	202603	2026	2026.1836	BUS	AIRLINE						BUS			USA	ATLANTA	USA								1	010	010	01	1	0.0	2	1	2	-5.73065902578796	3	Myrtle Beach, South Carolina, United States	US	USSC	SC051	33.6891	-78.8867	1249770	3	Myrtle Beach, South Carolina, United States	US	USSC		33.6891	-78.8867	1249770	3	Myrtle Beach, South Carolina, United States	US	USSC		33.6891	-78.8867	1249770	20260307204500	https://www.walb.com/2026/03/07/frustration-grows-hartsfield-jackson-amid-flight-cancellations-delays/
1293013977	20260307	202603	2026	2026.1836	BUS	AIRLINE						BUS			USA	ATLANTA	USA								1	010	010	01	1	0.0	4	1	4	-5.73065902578796	2	South Carolina, United States	US	USSC		33.8191	-80.9066	SC	3	Myrtle Beach, South Carolina, United States	US	USSC		33.6891	-78.8867	1249770	3	Myrtle Beach, South Carolina, United States	US	USSC		33.6891	-78.8867	1249770	20260307204500	https://www.walb.com/2026/03/07/frustration-grows-hartsfield-jackson-amid-flight-cancellations-delays/
1293013978	20260307	202603	2026	2026.1836	BUS	AIRLINE						BUS			USA	ATLANTA	USA								1	010	010	01	1	0.0	2	1	2	-5.73065902578796	2	South Carolina, United States	US	USSC		33.8191	-80.9066	SC	3	Myrtle Beach, South Carolina, United States	US	USSC		33.6891	-78.8867	1249770	2	South Carolina, United States	US	USSC		33.8191	-80.9066	SC	20260307204500	https://www.walb.com/2026/03/07/frustration-grows-hartsfield-jackson-amid-flight-cancellations-delays/
1293013979	20260307	202603	2026	2026.1836	BUS	AIRLINE						BUS			USA	ATLANTA	USA								1	010	010	01	1	0.0	2	1	2	-5.73065902578796	2	South Carolina, United States	US	USSC		33.8191	-80.9066	SC	2	South Carolina, United States	US	USSC		33.8191	-80.9066	SC	2	South Carolina, United States	US	USSC		33.8191	-80.9066	SC	20260307204500	https://www.walb.com/2026/03/07/frustration-grows-hartsfield-jackson-amid-flight-cancellations-delays/
1293013980	20260307	202603	2026	2026.1836	BUS	MERCHANT						BUS			USA	CALIFORNIA	USA								1	051	051	05	1	3.4	7	1	7	4.6116504854369	3	Anaheim, California, United States	US	USCA	CA059	33.8353	-117.915	1652663	3	Anaheim, California, United States	US	USCA	CA059	33.8353	-117.915	1652663	3	Anaheim, California, United States	US	USCA	CA059	33.8353	-117.915	1652663	20260307204500	https://www.theplainsman.com/article/2026/03/spicers-music-earns-two-global-honors-at-namm-conference
1293013981	20260307	202603	2026	2026.1836	CAN	CANADA	CAN																		1	017	017	01	1	0.0	2	1	2	0.53285968028419	1	Canada	CA	CA		60	-96	CA	0								1	Canada	CA	CA		60	-96	CA	20260307204500	https://www.ibtimes.co.uk/legacy-impact-dr-stephanie-buttermore-1783858
1293013982	20260307	202603	2026	2026.1836	CAN	CANADA	CAN																		1	022	022	02	1	3.2	2	1	2	0.53285968028419	1	Canada	CA	CA		60	-96	CA	0								1	Canada	CA	CA		60	-96	CA	20260307204500	https://www.ibtimes.co.uk/legacy-impact-dr-stephanie-buttermore-1783858
1293013983	20260307	202603	2026	2026.1836	CAN	CANADA	CAN																		0	0332	033	03	1	5.2	6	1	6	-4.41696113074205	4	Toronto, Ontario, Canada	CA	CA08	12686	43.6667	-79.4167	-574890	0								4	Toronto, Ontario, Canada	CA	CA08	12686	43.6667	-79.4167	-574890	20260307204500	https://www.edmontonexaminer.com:443/opinion/columnists/carneys-flip-flopping-stance-iran-war-hurts-canadas-reputation/wcm/aa3de992-3e64-4706-8331-0cc22525d27b
1293013984	20260307	202603	2026	2026.1836	CAN	CANADA	CAN																		0	0332	033	03	1	5.2	2	1	2	-4.41696113074205	4	Toronto, Ontario, Canada	CA	CA08	12686	43.6667	-79.4167	-574890	0								1	Israel	IS	IS		31.5	34.75	IS	20260307204500	https://www.edmontonexaminer.com:443/opinion/columnists/carneys-flip-flopping-stance-iran-war-hurts-canadas-reputation/wcm/aa3de992-3e64-4706-8331-0cc22525d27b
1293013985	20260307	202603	2026	2026.1836	CAN	CANADA	CAN																		0	0332	033	03	1	5.2	2	1	2	-4.41696113074205	1	Iran	IR	IR		32	53	IR	0								4	Toronto, Ontario, Canada	CA	CA08	12686	43.6667	-79.4167	-574890	20260307204500	https://www.edmontonexaminer.com:443/opinion/columnists/carneys-flip-flopping-stance-iran-war-hurts-canadas-reputation/wcm/aa3de992-3e64-4706-8331-0cc22525d27b
1293013986	20260307	202603	2026	2026.1836	CAN	CANADA	CAN								ISR	ISRAEL	ISR								0	124	124	12	3	-4.0	2	1	2	-4.41696113074205	4	Toronto, Ontario, Canada	CA	CA08	12686	43.6667	-79.4167	-574890	4	Toronto, Ontario, Canada	CA	CA08	12686	43.6667	-79.4167	-574890	1	Israel	IS	IS		31.5	34.75	IS	20260307204500	https://www.edmontonexaminer.com:443/opinion/columnists/carneys-flip-flopping-stance-iran-war-hurts-canadas-reputation/wcm/aa3de992-3e64-4706-8331-0cc22525d27b
1293013987	20260307	202603	2026	2026.1836	CAN	CANADA	CAN								ISR	ISRAEL	ISR								0	124	124	12	3	-4.0	6	1	6	-4.41696113074205	4	Toronto, Ontario, Canada	CA	CA08	12686	43.6667	-79.4167	-574890	1	Israel	IS	IS		31.5	34.75	IS	1	Israel	IS	IS		31.5	34.75	IS	20260307204500	https://www.edmontonexaminer.com:443/opinion/columnists/carneys-flip-flopping-stance-iran-war-hurts-canadas-reputation/wcm/aa3de992-3e64-4706-8331-0cc22525d27b
1293013988	20260307	202603	2026	2026.1836	CAN	CANADA	CAN								ISR	ISRAEL	ISR								0	124	124	12	3	-4.0	2	1	2	-4.41696113074205	1	Iran	IR	IR		32	53	IR	1	Iran	IR	IR		32	53	IR	4	Toronto, Ontario, Canada	CA	CA08	12686	43.6667	-79.4167	-574890	20260307204500	https://www.edmontonexaminer.com:443/opinion/columnists/carneys-flip-flopping-stance-iran-war-hurts-canadas-reputation/wcm/aa3de992-3e64-4706-8331-0cc22525d27b
1293013989	20260307	202603	2026	2026.1836	CANBUS	CANADA	CAN					BUS			SYR	DAMASCUS	SYR								1	030	030	03	1	4.0	10	1	10	0.85106382978723	1	Canada	CA	CA		60	-96	CA	4	Damascus, Dimashq, Syria	SY	SY13	26324	33.5	36.3	-2541260	4	Damascus, Dimashq, Syria	SY	SY13	26324	33.5	36.3	-2541260	20260307204500	https://sana.sy/en/economic/2301093/
1293013990	20260307	202603	2026	2026.1836	CANGOV	CANADA	CAN					GOV													0	011	011	01	1	-0.1	2	1	2	-0.49079754601227	4	Toronto, Ontario, Canada	CA	CA08	12686	43.6667	-79.4167	-574890	0								4	Toronto, Ontario, Canada	CA	CA08	12686	43.6667	-79.4167	-574890	20260307204500	https://www.stcatharinesstandard.ca/news/ontario/doug-fords-push-for-jets-at-billy-bishop-airport-runs-into-some-familiar-turbulence/article_522a9a12-1fc4-57eb-b2e8-d0ae4bac3d7e.html
1293013991	20260307	202603	2026	2026.1836	CANGOVBUS	MARK CARNEY	CAN					GOV	BUS		AUS	AUSTRALIAN	AUS								1	040	040	04	1	1.0	2	1	2	-4.41696113074205	4	Toronto, Ontario, Canada	CA	CA08	12686	43.6667	-79.4167	-574890	4	Toronto, Ontario, Canada	CA	CA08	12686	43.6667	-79.4167	-574890	4	Toronto, Ontario, Canada	CA	CA08	12686	43.6667	-79.4167	-574890	20260307204500	https://www.edmontonexaminer.com:443/opinion/columnists/carneys-flip-flopping-stance-iran-war-hurts-canadas-reputation/wcm/aa3de992-3e64-4706-8331-0cc22525d27b
1293013992	20260307	202603	2026	2026.1836	CANGOVBUS	MARK CARNEY	CAN					GOV	BUS		AUSGOV	AUSTRALIAN	AUS					GOV			1	040	040	04	1	1.0	6	1	6	-4.41696113074205	4	Toronto, Ontario, Canada	CA	CA08	12686	43.6667	-79.4167	-574890	4	Toronto, Ontario, Canada	CA	CA08	12686	43.6667	-79.4167	-574890	4	Toronto, Ontario, Canada	CA	CA08	12686	43.6667	-79.4167	-574890	20260307204500	https://www.edmontonexaminer.com:443/opinion/columnists/carneys-flip-flopping-stance-iran-war-hurts-canadas-reputation/wcm/aa3de992-3e64-4706-8331-0cc22525d27b
1293013993	20260307	202603	2026	2026.1836	CHN	CHINA	CHN																		1	070	070	07	2	7.0	8	1	8	5.56844547563805	4	Hainan, Hainan, China	CH	CH31	13072	18.9394	109.484	6025157	0								4	Hainan, Hainan, China	CH	CH31	13072	18.9394	109.484	6025157	20260307204500	https://eturbonews.com/hainan-looks-be-tourist-mecca/
1293013994	20260307	202603	2026	2026.1836	CHN	CHINA	CHN								DEU	BERLIN	DEU								1	020	020	02	1	3.0	8	1	8	4.26470588235294	4	Berlin, Berlin, Germany	GM	GM16	16538	52.5167	13.4	-1746443	4	Berlin, Berlin, Germany	GM	GM16	16538	52.5167	13.4	-1746443	4	Berlin, Berlin, Germany	GM	GM16	16538	52.5167	13.4	-1746443	20260307204500	https://eturbonews.com/berlin-global-tourism-hotspot-itb-berlin-eturbonews-headquarters/
1293013995	20260307	202603	2026	2026.1836	CHN	CHINA	CHN								GOV	CABINET						GOV			0	042	042	04	1	1.9	2	1	2	-3.68873168266802	4	Beijing, Beijing, China	CH	CH22	13001	39.9289	116.388	-1898541	4	Beijing, Beijing, China	CH	CH22	13001	39.9289	116.388	-1898541	3	Washington, District of Columbia, United States	US	USDC	DC001	38.8951	-77.0364	531871	20260307204500	https://pjmedia.com/david-manney/2026/03/07/iran-war-reveals-the-energy-war-behind-russia-and-chinas-alliance-n4950373
1293013996	20260307	202603	2026	2026.1836	CHN	SHANGHAI	CHN								GOV	ADMINISTRATION						GOV			0	043	043	04	1	2.8	2	1	2	5.75757575757576	4	Shanghai, Shanghai, China	CH	CH23	13243	31.2222	121.458	-1924465	4	Shanghai, Shanghai, China	CH	CH23	13243	31.2222	121.458	-1924465	4	Shanghai, Shanghai, China	CH	CH23	13243	31.2222	121.458	-1924465	20260307204500	https://eturbonews.com/world-travel-fair-2015/
1293013997	20260307	202603	2026	2026.1836	CHN	CHINA	CHN								GOV	GOVERNANCE						GOV			0	110	110	11	3	-2.0	10	1	10	2.40524781341108	4	Hainan, Hainan, China	CH	CH31	13072	18.9394	109.484	6025157	4	Hainan, Hainan, China	CH	CH31	13072	18.9394	109.484	6025157	4	Hainan, Hainan, China	CH	CH31	13072	18.9394	109.484	6025157	20260307204500	https://weeklyblitz.net/2026/03/08/chinas-strategic-economic-policies-ensure-stable-high-quality-growth-amid-global-challenges/
1293013998	20260307	202603	2026	2026.1836	CHN	CHINA	CHN								RUS	RUSSIA	RUS								0	050	050	05	1	3.5	3	1	3	-3.68873168266802	4	Beijing, Beijing, China	CH	CH22	13001	39.9289	116.388	-1898541	4	Moscow, Moskva, Russia	RS	RS48	25106	55.7522	37.6156	-2960561	4	Tehran, Tehran, Iran	IR	IR26	41130	35.75	51.5148	10074674	20260307204500	https://pjmedia.com/david-manney/2026/03/07/iran-war-reveals-the-energy-war-behind-russia-and-chinas-alliance-n4950373
1293013999	20260307	202603	2026	2026.1836	CHN	CHINA	CHN								RUS	RUSSIA	RUS								0	050	050	05	1	3.5	1	1	1	-3.68873168266802	4	Moscow, Moskva, Russia	RS	RS48	25106	55.7522	37.6156	-2960561	4	Moscow, Moskva, Russia	RS	RS48	25106	55.7522	37.6156	-2960561	4	Tehran, Tehran, Iran	IR	IR26	41130	35.75	51.5148	10074674	20260307204500	https://pjmedia.com/david-manney/2026/03/07/iran-war-reveals-the-energy-war-behind-russia-and-chinas-alliance-n4950373
1293014000	20260307	202603	2026	2026.1836	CHN	CHINA	CHN								RUS	RUSSIA	RUS								0	050	050	05	1	3.5	1	1	1	-3.68873168266802	4	Tehran, Tehran, Iran	IR	IR26	41130	35.75	51.5148	10074674	4	Tehran, Tehran, Iran	IR	IR26	41130	35.75	51.5148	10074674	4	Tehran, Tehran, Iran	IR	IR26	41130	35.75	51.5148	10074674	20260307204500	https://pjmedia.com/david-manney/2026/03/07/iran-war-reveals-the-energy-war-behind-russia-and-chinas-alliance-n4950373
1293014001	20260307	202603	2026	2026.1836	CHN	CHINA	CHN								SAUCVL	MECCA	SAU					CVL			1	020	020	02	1	3.0	6	1	6	5.56844547563805	1	Hong Kong	HK	HK		22.25	114.166667	HK	1	Hong Kong	HK	HK		22.25	114.166667	HK	1	Hong Kong	HK	HK		22.25	114.166667	HK	20260307204500	https://eturbonews.com/hainan-looks-be-tourist-mecca/
1293014002	20260307	202603	2026	2026.1836	CHN	CHINA	CHN								USA	AMERICAN	USA								0	111	111	11	3	-2.0	6	1	6	-3.68873168266802	4	Beijing, Beijing, China	CH	CH22	13001	39.9289	116.388	-1898541	3	Washington, District of Columbia, United States	US	USDC	DC001	38.8951	-77.0364	531871	3	Washington, District of Columbia, United States	US	USDC	DC001	38.8951	-77.0364	531871	20260307204500	https://pjmedia.com/david-manney/2026/03/07/iran-war-reveals-the-energy-war-behind-russia-and-chinas-alliance-n4950373
1293014003	20260307	202603	2026	2026.1836	CHN	CHINA	CHN								USA	AMERICAN	USA								0	111	111	11	3	-2.0	2	1	2	-3.68873168266802	4	Moscow, Moskva, Russia	RS	RS48	25106	55.7522	37.6156	-2960561	4	Ural, Zaporiz'ka Oblast', Ukraine	UP	UP26	28566	46.6667	35.5	-1057184	4	Ural, Zaporiz'ka Oblast', Ukraine	UP	UP26	28566	46.6667	35.5	-1057184	20260307204500	https://pjmedia.com/david-manney/2026/03/07/iran-war-reveals-the-energy-war-behind-russia-and-chinas-alliance-n4950373
1293014004	20260307	202603	2026	2026.1836	CHN	CHINA	CHN								USA	UNITED STATES	USA								0	111	111	11	3	-2.0	2	1	2	-3.68873168266802	4	Moscow, Moskva, Russia	RS	RS48	25106	55.7522	37.6156	-2960561	4	Beijing, Beijing, China	CH	CH22	13001	39.9289	116.388	-1898541	4	Beijing, Beijing, China	CH	CH22	13001	39.9289	116.388	-1898541	20260307204500	https://pjmedia.com/david-manney/2026/03/07/iran-war-reveals-the-energy-war-behind-russia-and-chinas-alliance-n4950373
1293014005	20260307	202603	2026	2026.1836	CHN	CHINA	CHN								VEN	VENEZUELA	VEN								0	061	061	06	2	6.4	1	1	1	-3.68873168266802	4	Beijing, Beijing, China	CH	CH22	13001	39.9289	116.388	-1898541	4	Caracas, Distrito Federal, Venezuela	VE	VE25	31959	10.5	-66.9167	-938457	4	Caracas, Distrito Federal, Venezuela	VE	VE25	31959	10.5	-66.9167	-938457	20260307204500	https://pjmedia.com/david-manney/2026/03/07/iran-war-reveals-the-energy-war-behind-russia-and-chinas-alliance-n4950373
1293014006	20260307	202603	2026	2026.1836	CHN	CHINA	CHN								VEN	VENEZUELA	VEN								0	061	061	06	2	6.4	1	1	1	-3.68873168266802	3	World Bank, District of Columbia, United States	US	USDC	DC001	38.899	-77.0422	2002658	1	Venezuela	VE	VE		8	-66	VE	4	Beijing, Beijing, China	CH	CH22	13001	39.9289	116.388	-1898541	20260307204500	https://pjmedia.com/david-manney/2026/03/07/iran-war-reveals-the-energy-war-behind-russia-and-chinas-alliance-n4950373
1293014007	20260307	202603	2026	2026.1836	COL	COLOMBIAN	COL																		1	010	010	01	1	0.0	10	1	10	3.82293762575453	4	London, London, City of, United Kingdom	UK	UKH9	40110	51.5	-0.116667	-2601889	0								4	London, London, City of, United Kingdom	UK	UKH9	40110	51.5	-0.116667	-2601889	20260307204500	https://variety.com/2026/film/news/timothee-chalamet-backlash-ballet-opera-town-hall-1236681592/
1293014008	20260307	202603	2026	2026.1836	COL	COLOMBIA	COL																		0	043	043	04	1	2.8	2	1	2	-5.61660561660561	2	California, United States	US	USCA		36.17	-119.746	CA	0								1	Colombia	CO	CO		4	-72	CO	20260307204500	https://www.ibtimes.co.uk/deaf-child-deportation-immigration-policies-1783855
1293014009	20260307	202603	2026	2026.1836	COL	COLOMBIA	COL								USA	THE US	USA								0	042	042	04	1	1.9	2	1	2	-5.61660561660561	2	Oklahoma, United States	US	USOK		35.5376	-96.9247	OK	2	Oklahoma, United States	US	USOK		35.5376	-96.9247	OK	2	Oklahoma, United States	US	USOK		35.5376	-96.9247	OK	20260307204500	https://www.ibtimes.co.uk/deaf-child-deportation-immigration-policies-1783855
1293014010	20260307	202603	2026	2026.1836	COP	DEPUTIES						COP													1	010	010	01	1	0.0	10	1	10	-10.3448275862069	2	Minnesota, United States	US	USMN		45.7326	-93.9196	MN	0								2	Minnesota, United States	US	USMN		45.7326	-93.9196	MN	20260307204500	https://www.kare11.com/article/news/local/fatal-snowmobile-accident-in-northern-minnesota/89-b4867bf3-0853-4d0c-8597-5ee55e4ceb17
1293014011	20260307	202603	2026	2026.1836	COP	POLICE						COP													0	020	020	02	1	3.0	5	1	5	-1.78230426479949	5	Uttarakhand, Uttaranchal, India	IN	IN39	70282	30.25	79.25	6240779	0								5	Uttarakhand, Uttaranchal, India	IN	IN39	70282	30.25	79.25	6240779	20260307204500	https://weeklyblitz.net/2026/03/08/indias-muslim-population-a-ticking-time-bomb/
1293014012	20260307	202603	2026	2026.1836	COP	BORDER PATROL						COP													0	071	071	07	2	7.4	10	1	10	-2.69607843137255	3	Washington, District of Columbia, United States	US	USDC	DC001	38.8951	-77.0364	531871	0								3	Washington, District of Columbia, United States	US	USDC	DC001	38.8951	-77.0364	531871	20260307204500	https://www.hindustantimes.com/world-news/us-news/when-will-the-senate-vote-dhs-funding-bill-faces-opposition-amid-shutdown-101772906752430.html
1293014013	20260307	202603	2026	2026.1836	COP	POLICE						COP													1	090	090	09	2	-2.0	3	1	3	-8.76288659793814	4	Campbelltown, New South Wales, Australia	AS	AS02	5112	-34.0667	150.817	-1563870	0								4	Campbelltown, New South Wales, Australia	AS	AS02	5112	-34.0667	150.817	-1563870	20260307204500	https://www.miragenews.com/charges-laid-impersonation-armed-robbery-in-sw-1633026/
1293014014	20260307	202603	2026	2026.1836	COP	PRISON						COP													1	173	173	17	4	-5.0	8	1	8	-11.2033195020747	3	Gaston County, North Carolina, United States	US	USNC	NC071	35.3001	-81.1998	1008554	0								3	Gaston County, North Carolina, United States	US	USNC		35.3001	-81.1998	1008554	20260307204500	https://www.yahoo.com/news/articles/gaston-county-man-convicted-armed-200908155.html
1293014015	20260307	202603	2026	2026.1836	COP	PRISON						COP													1	173	173	17	4	-5.0	2	1	2	-11.2033195020747	3	Mecklenburg County, North Carolina, United States	US	USNC	NC119	35.2668	-80.8498	1008570	0								3	Mecklenburg County, North Carolina, United States	US	USNC		35.2668	-80.8498	1008570	20260307204500	https://www.yahoo.com/news/articles/gaston-county-man-convicted-armed-200908155.html
1293014016	20260307	202603	2026	2026.1836	COP	DEPUTIES						COP													1	173	173	17	4	-5.0	10	1	10	-7.6056338028169	2	Puerto Rico, United States	US	USPR		18.2766	-66.335	PR	0								2	Puerto Rico, United States	US	USPR		18.2766	-66.335	PR	20260307204500	https://www.wftv.com/news/local/man-arrested-impersonating-police-officer-osceola-county/OY2NJS2VGVGTLLADVUHFJPDCII/
1293014017	20260307	202603	2026	2026.1836	COP	POLICE						COP			AUS	SYDNEY	AUS								1	020	020	02	1	3.0	8	1	8	-0.86206896551724	4	Penrith, New South Wales, Australia	AS	AS02	5068	-33.75	150.7	-1594531	4	Penrith, New South Wales, Australia	AS	AS02	5068	-33.75	150.7	-1594531	4	Penrith, New South Wales, Australia	AS	AS02	5068	-33.75	150.7	-1594531	20260307204500	https://www.miragenews.com/police-appeal-to-locate-boy-missing-from-mt-1633022/
1293014018	20260307	202603	2026	2026.1836	COP	POLICE						COP			BUS	BUSINESS						BUS			1	042	042	04	1	1.9	10	1	10	-8.76288659793814	4	Campbelltown, New South Wales, Australia	AS	AS02	5112	-34.0667	150.817	-1563870	4	Campbelltown, New South Wales, Australia	AS	AS02	5112	-34.0667	150.817	-1563870	4	Campbelltown, New South Wales, Australia	AS	AS02	5112	-34.0667	150.817	-1563870	20260307204500	https://www.miragenews.com/charges-laid-impersonation-armed-robbery-in-sw-1633026/
1293014019	20260307	202603	2026	2026.1836	COP	DEPUTY						COP			DEU	BERLIN	DEU								0	042	042	04	1	1.9	2	1	2	1.96749358426005	4	Berlin, Berlin, Germany	GM	GM16	16538	52.5167	13.4	-1746443	4	Berlin, Berlin, Germany	GM	GM16	16538	52.5167	13.4	-1746443	4	Berlin, Berlin, Germany	GM	GM16	16538	52.5167	13.4	-1746443	20260307204500	https://eturbonews.com/itb-berlin-2026-angola-global-tourism-uncertainty/
1293014020	20260307	202603	2026	2026.1836	COP	POLICE						COP			GRDGOVMED	BRIAN MC	GRD					GOV	MED		1	173	173	17	4	-5.0	3	1	3	-5.59284116331096	1	Israel	IS	IS		31.5	34.75	IS	1	Israel	IS	IS		31.5	34.75	IS	1	Israel	IS	IS		31.5	34.75	IS	20260307204500	https://www.hindustantimes.com/world-news/us-news/where-is-brian-mcginnis-now-former-army-officer-raises-questions-after-capitol-arrest-not-been-able-to-speak-to-him-101772900529784.html
1293014021	20260307	202603	2026	2026.1836	COP	POLICE						COP			GRDGOVMED	BRIAN MC	GRD					GOV	MED		1	180	180	18	4	-9.0	3	1	3	-5.59284116331096	1	Israel	IS	IS		31.5	34.75	IS	1	Israel	IS	IS		31.5	34.75	IS	1	Israel	IS	IS		31.5	34.75	IS	20260307204500	https://www.hindustantimes.com/world-news/us-news/where-is-brian-mcginnis-now-former-army-officer-raises-questions-after-capitol-arrest-not-been-able-to-speak-to-him-101772900529784.html
1293014022	20260307	202603	2026	2026.1836	COP	POLICE						COP			JUD	PROSECUTOR						JUD			0	090	090	09	2	-2.0	5	1	5	-5.380476556495	2	New York, United States	US	USNY		42.1497	-74.9384	NY	2	New York, United States	US	USNY		42.1497	-74.9384	NY	2	New York, United States	US	USNY		42.1497	-74.9384	NY	20260307204500	https://jowhar.com/epstein-documents-alleging-misconduct-by-trump-publicly-released/
1293014023	20260307	202603	2026	2026.1836	COP	POLICE OFFICER						COP			MEX	VILLAHERMOSA	MEX								1	112	112	11	3	-2.0	6	1	6	-7.6056338028169	2	Puerto Rico, United States	US	USPR		18.2766	-66.335	PR	2	Puerto Rico, United States	US	USPR		18.2766	-66.335	PR	2	Puerto Rico, United States	US	USPR		18.2766	-66.335	PR	20260307204500	https://www.wftv.com/news/local/man-arrested-impersonating-police-officer-osceola-county/OY2NJS2VGVGTLLADVUHFJPDCII/
1293014024	20260307	202603	2026	2026.1836	COP	POLICE OFFICER						COP			USA	UNITED STATES	USA								1	112	112	11	3	-2.0	2	1	2	-7.6056338028169	2	Puerto Rico, United States	US	USPR		18.2766	-66.335	PR	2	Puerto Rico, United States	US	USPR		18.2766	-66.335	PR	2	Puerto Rico, United States	US	USPR		18.2766	-66.335	PR	20260307204500	https://www.wftv.com/news/local/man-arrested-impersonating-police-officer-osceola-county/OY2NJS2VGVGTLLADVUHFJPDCII/
1293014025	20260307	202603	2026	2026.1836	COP	POLICE						COP			USA	UNITED STATES	USA								1	173	173	17	4	-5.0	4	1	4	-5.08474576271187	3	Gracie Mansion, New York, United States	US	USNY	NY061	40.7761	-73.9431	2083607	3	Gracie Mansion, New York, United States	US	USNY		40.7761	-73.9431	2083607	3	Gracie Mansion, New York, United States	US	USNY		40.7761	-73.9431	2083607	20260307204500	https://www.cbsnews.com/newyork/news/gracie-mansion-protest-smoke-grenades/
1293014026	20260307	202603	2026	2026.1836	COP	POLICE						COP			USA	UNITED STATES	USA								1	173	173	17	4	-5.0	1	1	1	-5.59284116331096	1	Israel	IS	IS		31.5	34.75	IS	2	North Carolina, United States	US	USNC		35.6411	-79.8431	NC	2	North Carolina, United States	US	USNC		35.6411	-79.8431	NC	20260307204500	https://www.hindustantimes.com/world-news/us-news/where-is-brian-mcginnis-now-former-army-officer-raises-questions-after-capitol-arrest-not-been-able-to-speak-to-him-101772900529784.html
1293014027	20260307	202603	2026	2026.1836	COP	POLICE						COP			USA	UNITED STATES	USA								1	173	173	17	4	-5.0	1	1	1	-5.59284116331096	2	North Carolina, United States	US	USNC		35.6411	-79.8431	NC	2	North Carolina, United States	US	USNC		35.6411	-79.8431	NC	1	Israel	IS	IS		31.5	34.75	IS	20260307204500	https://www.hindustantimes.com/world-news/us-news/where-is-brian-mcginnis-now-former-army-officer-raises-questions-after-capitol-arrest-not-been-able-to-speak-to-him-101772900529784.html
1293014028	20260307	202603	2026	2026.1836	COP	POLICE						COP			USA	UNITED STATES	USA								1	180	180	18	4	-9.0	1	1	1	-5.59284116331096	1	Israel	IS	IS		31.5	34.75	IS	2	North Carolina, United States	US	USNC		35.6411	-79.8431	NC	2	North Carolina, United States	US	USNC		35.6411	-79.8431	NC	20260307204500	https://www.hindustantimes.com/world-news/us-news/where-is-brian-mcginnis-now-former-army-officer-raises-questions-after-capitol-arrest-not-been-able-to-speak-to-him-101772900529784.html
1293014029	20260307	202603	2026	2026.1836	COP	POLICE						COP			USA	UNITED STATES	USA								1	180	180	18	4	-9.0	1	1	1	-5.59284116331096	2	North Carolina, United States	US	USNC		35.6411	-79.8431	NC	2	North Carolina, United States	US	USNC		35.6411	-79.8431	NC	1	Israel	IS	IS		31.5	34.75	IS	20260307204500	https://www.hindustantimes.com/world-news/us-news/where-is-brian-mcginnis-now-former-army-officer-raises-questions-after-capitol-arrest-not-been-able-to-speak-to-him-101772900529784.html
1293014030	20260307	202603	2026	2026.1836	COPSPY	POLICE						COP	SPY		CRM	THIEVES						CRM			1	173	173	17	4	-5.0	10	1	10	-3.82695507487521	0								0								0								20260307204500	https://www.miragenews.com/new-task-force-targets-inner-city-car-break-ins-1633025/
1293014031	20260307	202603	2026	2026.1836	CRM	DEALER						CRM													0	012	012	01	1	-0.4	10	1	10	4.6116504854369	3	Anaheim, California, United States	US	USCA	CA059	33.8353	-117.915	1652663	0								3	Anaheim, California, United States	US	USCA	CA059	33.8353	-117.915	1652663	20260307204500	https://www.theplainsman.com/article/2026/03/spicers-music-earns-two-global-honors-at-namm-conference
1293014032	20260307	202603	2026	2026.1836	CRM	DEALER						CRM													1	051	051	05	1	3.4	5	1	5	4.6116504854369	3	Anaheim, California, United States	US	USCA	CA059	33.8353	-117.915	1652663	0								3	Anaheim, California, United States	US	USCA	CA059	33.8353	-117.915	1652663	20260307204500	https://www.theplainsman.com/article/2026/03/spicers-music-earns-two-global-honors-at-namm-conference
1293014033	20260307	202603	2026	2026.1836	CRM	CARTEL						CRM													1	130	130	13	3	-4.4	10	1	10	-7.61154855643044	4	Puerto Vallarta, Jalisco, Mexico	MX	MX14	20887	20.6167	-105.25	-1690444	0								4	Puerto Vallarta, Jalisco, Mexico	MX	MX14	20887	20.6167	-105.25	-1690444	20260307204500	https://eturbonews.com/war-in-mexico-tourists-cartel-violence-jalisco-travel-warning/
1293014034	20260307	202603	2026	2026.1836	CRM	KIDNAPPER						CRM													0	181	181	18	4	-9.0	5	1	5	-8.98692810457518	5	Edo State, Edo, Nigeria	NI	NI37	191281	6.5	6	29623	0								5	Edo State, Edo, Nigeria	NI	NI37	191281	6.5	6	29623	20260307204500	https://www.opinionnigeria.com/afenifere-raises-alarm-over-terror-attacks-in-yorubaland-says-kidnappers-demand-virgins-drugs-as-ransom/
1293014035	20260307	202603	2026	2026.1836	CRM	KIDNAPPER						CRM			HLH	DOCTOR						HLH			0	084	084	08	2	7.0	2	1	2	-8.98692810457518	5	Edo State, Edo, Nigeria	NI	NI37	191281	6.5	6	29623	5	Edo State, Edo, Nigeria	NI	NI37	191281	6.5	6	29623	5	Edo State, Edo, Nigeria	NI	NI37	191281	6.5	6	29623	20260307204500	https://www.opinionnigeria.com/afenifere-raises-alarm-over-terror-attacks-in-yorubaland-says-kidnappers-demand-virgins-drugs-as-ransom/
1293014036	20260307	202603	2026	2026.1836	CRM	KIDNAPPER						CRM			HLH	DOCTOR						HLH			0	181	181	18	4	-9.0	2	1	2	-8.98692810457518	5	Edo State, Edo, Nigeria	NI	NI37	191281	6.5	6	29623	5	Edo State, Edo, Nigeria	NI	NI37	191281	6.5	6	29623	5	Edo State, Edo, Nigeria	NI	NI37	191281	6.5	6	29623	20260307204500	https://www.opinionnigeria.com/afenifere-raises-alarm-over-terror-attacks-in-yorubaland-says-kidnappers-demand-virgins-drugs-as-ransom/
1293014037	20260307	202603	2026	2026.1836	CRM	CARTEL						CRM			MIL	MILITARY BASE						MIL			0	190	190	19	4	-10.0	8	1	8	-7.61154855643044	4	Puerto Vallarta, Jalisco, Mexico	MX	MX14	20887	20.6167	-105.25	-1690444	4	Puerto Vallarta, Jalisco, Mexico	MX	MX14	20887	20.6167	-105.25	-1690444	4	Puerto Vallarta, Jalisco, Mexico	MX	MX14	20887	20.6167	-105.25	-1690444	20260307204500	https://eturbonews.com/war-in-mexico-tourists-cartel-violence-jalisco-travel-warning/
1293014038	20260307	202603	2026	2026.1836	CRM	CARTEL						CRM			MIL	MILITARY BASE						MIL			0	190	190	19	4	-10.0	2	1	2	-7.61154855643044	4	Puerto Vallarta, Jalisco, Mexico	MX	MX14	20887	20.6167	-105.25	-1690444	4	Tapalpa, Jalisco, Mexico	MX	MX14	20887	19.95	-103.767	-1704198	4	Puerto Vallarta, Jalisco, Mexico	MX	MX14	20887	20.6167	-105.25	-1690444	20260307204500	https://eturbonews.com/war-in-mexico-tourists-cartel-violence-jalisco-travel-warning/
1293014039	20260307	202603	2026	2026.1836	CVL	COMMUNITY						CVL													0	051	051	05	1	3.4	10	1	10	6.87022900763358	4	Saint Anne Island, Seychelles (general), Seychelles	SE	SE00	61280	-4.6	55.5	-1322664	0								4	Saint Anne Island, Seychelles (general), Seychelles	SE	SE00	61280	-4.6	55.5	-1322664	20260307204500	https://eturbonews.com/club-med-seychelles-tourism-community-growth-strategy/
1293014040	20260307	202603	2026	2026.1836	CVL	COMMUNITY						CVL													1	051	051	05	1	3.4	2	1	2	7.14285714285715	3	Ocracoke, North Carolina, United States	US	USNC	NC095	35.1146	-75.981	1021718	0								3	Ocracoke, North Carolina, United States	US	USNC	NC095	35.1146	-75.981	1021718	20260307204500	https://www.outerbanksvoice.com/2026/03/07/ocracoke-fig-festival-to-feature-washington-nc-chef-jamie-davis/
1293014041	20260307	202603	2026	2026.1836	CVL	TOURIST						CVL													0	071	071	07	2	7.4	4	1	4	5.56844547563805	4	Hainan, Hainan, China	CH	CH31	13072	18.9394	109.484	6025157	0								4	Hainan, Hainan, China	CH	CH31	13072	18.9394	109.484	6025157	20260307204500	https://eturbonews.com/hainan-looks-be-tourist-mecca/
1293014042	20260307	202603	2026	2026.1836	CVL	TOURIST						CVL													0	071	071	07	2	7.4	1	1	1	5.56844547563805	1	Hong Kong	HK	HK		22.25	114.166667	HK	0								1	Hong Kong	HK	HK		22.25	114.166667	HK	20260307204500	https://eturbonews.com/hainan-looks-be-tourist-mecca/
1293014043	20260307	202603	2026	2026.1836	CVL	POPULATION						CVL													0	090	090	09	2	-2.0	10	1	10	0.22404779686333	4	Cambridge, Cambridgeshire, United Kingdom	UK	UKC3	40098	52.2	0.116667	-2591658	0								4	Cambridge, Cambridgeshire, United Kingdom	UK	UKC3	40098	52.2	0.116667	-2591658	20260307204500	https://roarnews.co.uk/2026/the-importance-of-interdisciplinary-research/
1293014044	20260307	202603	2026	2026.1836	CVL	CITIZEN						CVL													1	110	110	11	3	-2.0	10	1	10	-1.78230426479949	5	Uttarakhand, Uttaranchal, India	IN	IN39	70282	30.25	79.25	6240779	0								5	Uttarakhand, Uttaranchal, India	IN	IN39	70282	30.25	79.25	6240779	20260307204500	https://weeklyblitz.net/2026/03/08/indias-muslim-population-a-ticking-time-bomb/
1293014045	20260307	202603	2026	2026.1836	CVL	TRAVELER						CVL													1	120	120	12	3	-4.0	10	1	10	-0.23391812865497	4	Nairobi, Nairobi Area, Kenya	KE	KE05	18585	-1.28333	36.8167	-2258072	0								4	Nairobi, Nairobi Area, Kenya	KE	KE05	18585	-1.28333	36.8167	-2258072	20260307204500	https://eturbonews.com/cashless-tourism-global-impact-travelers-small-businesses/
1293014046	20260307	202603	2026	2026.1836	CVL	TOURIST						CVL													0	130	130	13	3	-4.4	5	1	5	-7.61154855643044	4	Puerto Vallarta, Jalisco, Mexico	MX	MX14	20887	20.6167	-105.25	-1690444	0								4	Puerto Vallarta, Jalisco, Mexico	MX	MX14	20887	20.6167	-105.25	-1690444	20260307204500	https://eturbonews.com/war-in-mexico-tourists-cartel-violence-jalisco-travel-warning/
1293014047	20260307	202603	2026	2026.1836	CVL	COMMUNITY						CVL			GOV	PRESIDENT						GOV			1	040	040	04	1	1.0	5	1	5	6.87022900763358	4	Saint Anne Island, Seychelles (general), Seychelles	SE	SE00	61280	-4.6	55.5	-1322664	4	Saint Anne Island, Seychelles (general), Seychelles	SE	SE00	61280	-4.6	55.5	-1322664	4	Saint Anne Island, Seychelles (general), Seychelles	SE	SE00	61280	-4.6	55.5	-1322664	20260307204500	https://eturbonews.com/club-med-seychelles-tourism-community-growth-strategy/
1293014048	20260307	202603	2026	2026.1836	CVL	TOURIST						CVL			IRN	IRAN	IRN								1	012	012	01	1	-0.4	3	1	3	-4.17495029821074	4	Middlesbrough, Redcar and Cleveland, United Kingdom	UK	UKK9	40100	54.5728	-1.16278	-2603029	1	Iran	IR	IR		32	53	IR	4	Middlesbrough, Redcar and Cleveland, United Kingdom	UK	UKK9	40100	54.5728	-1.16278	-2603029	20260307204500	https://www.thenorthernecho.co.uk/news/25917360.middlesbrough-family-hopes-take-sunday-flight-dubai/
1293014049	20260307	202603	2026	2026.1836	CVL	TOURIST						CVL			IRN	IRAN	IRN								1	012	012	01	1	-0.4	1	1	1	-4.17495029821074	4	Middlesbrough, Redcar and Cleveland, United Kingdom	UK	UKK9	40100	54.5728	-1.16278	-2603029	1	Israel	IS	IS		31.5	34.75	IS	4	Middlesbrough, Redcar and Cleveland, United Kingdom	UK	UKK9	40100	54.5728	-1.16278	-2603029	20260307204500	https://www.thenorthernecho.co.uk/news/25917360.middlesbrough-family-hopes-take-sunday-flight-dubai/
1293014050	20260307	202603	2026	2026.1836	CVL	TOURIST						CVL			ISR	ISRAEL	ISR								1	012	012	01	1	-0.4	3	1	3	-4.17495029821074	4	Middlesbrough, Redcar and Cleveland, United Kingdom	UK	UKK9	40100	54.5728	-1.16278	-2603029	1	Israel	IS	IS		31.5	34.75	IS	4	Middlesbrough, Redcar and Cleveland, United Kingdom	UK	UKK9	40100	54.5728	-1.16278	-2603029	20260307204500	https://www.thenorthernecho.co.uk/news/25917360.middlesbrough-family-hopes-take-sunday-flight-dubai/
1293014051	20260307	202603	2026	2026.1836	CVL	TOURIST						CVL			ISR	ISRAEL	ISR								1	012	012	01	1	-0.4	1	1	1	-4.17495029821074	4	Middlesbrough, Redcar and Cleveland, United Kingdom	UK	UKK9	40100	54.5728	-1.16278	-2603029	1	United States	US	US		39.828175	-98.5795	US	4	Middlesbrough, Redcar and Cleveland, United Kingdom	UK	UKK9	40100	54.5728	-1.16278	-2603029	20260307204500	https://www.thenorthernecho.co.uk/news/25917360.middlesbrough-family-hopes-take-sunday-flight-dubai/
1293014052	20260307	202603	2026	2026.1836	CVL	TRAVELER						CVL			USA	UNITED STATES	USA								0	010	010	01	1	0.0	7	1	7	-5.73065902578796	3	Myrtle Beach, South Carolina, United States	US	USSC	SC051	33.6891	-78.8867	1249770	3	Myrtle Beach, South Carolina, United States	US	USSC		33.6891	-78.8867	1249770	3	Myrtle Beach, South Carolina, United States	US	USSC		33.6891	-78.8867	1249770	20260307204500	https://www.walb.com/2026/03/07/frustration-grows-hartsfield-jackson-amid-flight-cancellations-delays/
1293014053	20260307	202603	2026	2026.1836	CVL	TRAVELER						CVL			USA	SOUTH CAROLINA	USA								0	010	010	01	1	0.0	3	1	3	-5.73065902578796	3	Myrtle Beach, South Carolina, United States	US	USSC	SC051	33.6891	-78.8867	1249770	2	South Carolina, United States	US	USSC		33.8191	-80.9066	SC	3	Myrtle Beach, South Carolina, United States	US	USSC		33.6891	-78.8867	1249770	20260307204500	https://www.walb.com/2026/03/07/frustration-grows-hartsfield-jackson-amid-flight-cancellations-delays/
1293014054	20260307	202603	2026	2026.1836	CVL	TOURIST						CVL			USA	UNITED STATES	USA								1	012	012	01	1	-0.4	4	1	4	-4.17495029821074	1	Oman	MU	MU		21	57	MU	1	Oman	MU	MU		21	57	MU	1	Oman	MU	MU		21	57	MU	20260307204500	https://www.thenorthernecho.co.uk/news/25917360.middlesbrough-family-hopes-take-sunday-flight-dubai/
1293014055	20260307	202603	2026	2026.1836	CVL	VILLAGE						CVL			nag	NAGA			nag						0	042	042	04	1	1.9	10	1	10	-1.48957298907647	0								0								0								20260307204500	https://morungexpress.com/a-day-in-the-life-of-panel-highlights-journeys-of-women-professionals
1293014056	20260307	202603	2026	2026.1836	CYP	CYPRUS	CYP								BUS	COMPANIES						BUS			1	040	040	04	1	1.0	10	1	10	-1.90217391304348	4	Minsk, Belarus (general), Belarus	BO	BO00	5840	53.9	27.5667	-1946324	4	Minsk, Belarus (general), Belarus	BO	BO00	5840	53.9	27.5667	-1946324	4	Minsk, Belarus (general), Belarus	BO	BO00	5840	53.9	27.5667	-1946324	20260307204500	https://weeklyblitz.net/2026/03/08/belarusian-tycoon-says-cyprus-firms-linked-to-ex-presidents-family-held-assets-on-his-behalf/
1293014057	20260307	202603	2026	2026.1836	CYP	CYPRUS	CYP								GBR	UNITED KINGDOM	GBR								0	111	111	11	3	-2.0	2	1	2	-1.36986301369863	1	Cyprus	CY	CY		35	33	CY	1	United Kingdom	UK	UK		54	-4	UK	1	United Kingdom	UK	UK		54	-4	UK	20260307204500	https://www.foxnews.com/politics/farage-slams-british-prime-minister-extraordinary-lack-support-trumps-iran-strikes
1293014058	20260307	202603	2026	2026.1836	DEU	FRANKFURT	DEU																		1	051	051	05	1	3.4	7	1	7	0.87209302325581	4	Lima, Lima, Peru	PE	PE15	91841	-12.05	-77.05	-352647	0								4	Lima, Lima, Peru	PE	PE15	91841	-12.05	-77.05	-352647	20260307204500	https://eturbonews.com/frankfurt-airport-achieves-double-digit-passenger-growth-in-april/
1293014059	20260307	202603	2026	2026.1836	DEU	MUNICH	DEU																		1	051	051	05	1	3.4	3	1	3	5.76923076923077	4	Hawkesbury, Ontario, Canada	CA	CA08	12697	45.6167	-74.6	-566019	0								4	Hawkesbury, Ontario, Canada	CA	CA08	12697	45.6167	-74.6	-566019	20260307204500	https://www.hawkesburygazette.com/creative-encounters-returns-to-bigci/
1293014060	20260307	202603	2026	2026.1836	DEU	BERLIN	DEU								COP	DEPUTY						COP			0	043	043	04	1	2.8	2	1	2	1.96749358426005	4	Berlin, Berlin, Germany	GM	GM16	16538	52.5167	13.4	-1746443	4	Berlin, Berlin, Germany	GM	GM16	16538	52.5167	13.4	-1746443	4	Berlin, Berlin, Germany	GM	GM16	16538	52.5167	13.4	-1746443	20260307204500	https://eturbonews.com/itb-berlin-2026-angola-global-tourism-uncertainty/
1293014061	20260307	202603	2026	2026.1836	DEU	BERLIN	DEU								GOV	MINIST OF TOURISM						GOV			1	045	045	04	1	5.0	2	1	2	4.41176470588235	4	Berlin, Berlin, Germany	GM	GM16	16538	52.5167	13.4	-1746443	1	Syria	SY	SY		35	38	SY	1	Syria	SY	SY		35	38	SY	20260307204500	https://sana.sy/en/syria/2301055/
1293014062	20260307	202603	2026	2026.1836	DEU	BERLIN	DEU								SYR	SYRIA	SYR								1	043	043	04	1	2.8	10	1	10	4.41176470588235	4	Berlin, Berlin, Germany	GM	GM16	16538	52.5167	13.4	-1746443	1	Syria	SY	SY		35	38	SY	1	Syria	SY	SY		35	38	SY	20260307204500	https://sana.sy/en/syria/2301055/
1293014063	20260307	202603	2026	2026.1836	DEU	GERMANY	DEU								USA	WASHINGTON	USA								1	010	010	01	1	0.0	10	1	10	-2.43055555555555	1	Germany	GM	GM		51.5	10.5	GM	1	United States	US	US		39.828175	-98.5795	US	1	Germany	GM	GM		51.5	10.5	GM	20260307204500	https://timesofindia.indiatimes.com/world/us/what-is-with-this-obsession-with-indians-indian-entrepreneur-hits-out-at-criticism-of-folk-dancer/articleshow/129232074.cms
1293014064	20260307	202603	2026	2026.1836	DEU	GERMANY	DEU								USA	WASHINGTON	USA								1	110	110	11	3	-2.0	10	1	10	-2.43055555555555	1	Germany	GM	GM		51.5	10.5	GM	1	United States	US	US		39.828175	-98.5795	US	1	Germany	GM	GM		51.5	10.5	GM	20260307204500	https://timesofindia.indiatimes.com/world/us/what-is-with-this-obsession-with-indians-indian-entrepreneur-hits-out-at-criticism-of-folk-dancer/articleshow/129232074.cms
1293014065	20260307	202603	2026	2026.1836	DNK	DENMARK	DNK																		1	020	020	02	1	3.0	2	1	2	-5.13051305130513	4	Copenhagen, Køavn*, Denmark	DA	DA05	15213	55.6667	12.5833	-2745636	0								4	Copenhagen, Køavn*, Denmark	DA	DA05	15213	55.6667	12.5833	-2745636	20260307204500	https://internationalviewpoint.org/8th-March-and-Revolutionary-Socialism
1293014066	20260307	202603	2026	2026.1836	DNK	DENMARK	DNK																		1	020	020	02	1	3.0	4	1	4	-5.13051305130513	1	India	IN	IN		20	77	IN	0								1	India	IN	IN		20	77	IN	20260307204500	https://internationalviewpoint.org/8th-March-and-Revolutionary-Socialism
1293014067	20260307	202603	2026	2026.1836	EDU	STUDENT						EDU													1	010	010	01	1	0.0	12	1	6	1.57068062827225	3	Eastern Michigan University, Michigan, United States	US	USMI	MI161	42.247	-83.6227	625280	0								3	Eastern Michigan University, Michigan, United States	US	USMI		42.247	-83.6227	625280	20260307204500	https://www.easternecho.com/article/2026/03/final-four-candidates-for-emu-dean-of-students-meet-matthew-gregory
1293014068	20260307	202603	2026	2026.1836	EDU	STUDENT						EDU													0	010	010	01	1	0.0	5	1	5	0.49504950495049	2	Michigan, United States	US	USMI		43.3504	-84.5603	MI	0								2	Michigan, United States	US	USMI		43.3504	-84.5603	MI	20260307204500	https://www.easternecho.com/article/2026/03/final-4-candidates-for-emu-dean-of-students-meet-jeanette-zalba
1293014069	20260307	202603	2026	2026.1836	EDU	STUDENT						EDU													0	012	012	01	1	-0.4	10	1	10	0.49504950495049	2	Michigan, United States	US	USMI		43.3504	-84.5603	MI	0								2	Michigan, United States	US	USMI		43.3504	-84.5603	MI	20260307204500	https://www.easternecho.com/article/2026/03/final-4-candidates-for-emu-dean-of-students-meet-jeanette-zalba
1293014070	20260307	202603	2026	2026.1836	EDU	SCHOOL						EDU													1	043	043	04	1	2.8	2	1	2	-0.163132137031	4	Terrick Terrick, Victoria, Australia	AS	AS07	5391	-36.0833	144.3	-1604180	0								5	Northern Territory, Northern Territory, Australia	AS	AS03	40197	-20	134	-1592100	20260307204500	https://www.queenslandcountrylife.com.au/story/9186177/preserving-bush-stories-natalie-stockdales-memoir-mission/
1293014071	20260307	202603	2026	2026.1836	EDU	STUDENT						EDU													0	051	051	05	1	3.4	10	1	10	3.45945945945945	4	Diliman, Bulacan, Philippines	RP	RP13	24221	15.025	120.95	-2424559	0								4	Diliman, Bulacan, Philippines	RP	RP13	24221	15.025	120.95	-2424559	20260307204500	https://thelasallian.com/2026/03/08/press-release-dulaang-ups-revival-of-up-playwrights-theatre/
1293014072	20260307	202603	2026	2026.1836	EDU	STUDENT						EDU													1	051	051	05	1	3.4	2	1	2	6.34146341463415	2	Colorado, United States	US	USCO		39.0646	-105.327	CO	0								2	Colorado, United States	US	USCO		39.0646	-105.327	CO	20260307204500	https://kool1079.com/ixp/507/p/colorado-grand-junction-prom-clothing-donations/
1293014073	20260307	202603	2026	2026.1836	EDU	SCHOOL						EDU													1	192	192	19	4	-9.5	2	1	2	-0.163132137031	4	Terrick Terrick, Victoria, Australia	AS	AS07	5391	-36.0833	144.3	-1604180	0								4	Terrick Terrick, Victoria, Australia	AS	AS07	5391	-36.0833	144.3	-1604180	20260307204500	https://www.queenslandcountrylife.com.au/story/9186177/preserving-bush-stories-natalie-stockdales-memoir-mission/
1293014074	20260307	202603	2026	2026.1836	EDU	SCHOOL						EDU			AUS	AUSTRALIA	AUS								1	042	042	04	1	1.9	2	1	2	-0.163132137031	4	Terrick Terrick, Victoria, Australia	AS	AS07	5391	-36.0833	144.3	-1604180	5	Northern Territory, Northern Territory, Australia	AS	AS03	40197	-20	134	-1592100	4	Ravensbourne, Queensland, Australia	AS	AS04	154695	-27.3667	152.167	-1596876	20260307204500	https://www.queenslandcountrylife.com.au/story/9186177/preserving-bush-stories-natalie-stockdales-memoir-mission/
1293014075	20260307	202603	2026	2026.1836	EDU	SCHOOL						EDU			AUS	AUSTRALIA	AUS								1	042	042	04	1	1.9	2	1	2	-0.163132137031	4	Terrick Terrick, Victoria, Australia	AS	AS07	5391	-36.0833	144.3	-1604180	4	Terrick Terrick, Victoria, Australia	AS	AS07	5391	-36.0833	144.3	-1604180	5	Northern Territory, Northern Territory, Australia	AS	AS03	40197	-20	134	-1592100	20260307204500	https://www.queenslandcountrylife.com.au/story/9186177/preserving-bush-stories-natalie-stockdales-memoir-mission/
1293014076	20260307	202603	2026	2026.1836	EDU	SCHOOL						EDU			AUS	AUSTRALIA	AUS								1	042	042	04	1	1.9	2	1	2	-0.163132137031	4	Terrick Terrick, Victoria, Australia	AS	AS07	5391	-36.0833	144.3	-1604180	4	Terrick Terrick, Victoria, Australia	AS	AS07	5391	-36.0833	144.3	-1604180	4	Terrick Terrick, Victoria, Australia	AS	AS07	5391	-36.0833	144.3	-1604180	20260307204500	https://www.queenslandcountrylife.com.au/story/9186177/preserving-bush-stories-natalie-stockdales-memoir-mission/
1293014077	20260307	202603	2026	2026.1836	EDU	SCHOOL						EDU			AUS	AUSTRALIA	AUS								1	192	192	19	4	-9.5	2	1	2	-0.163132137031	4	Terrick Terrick, Victoria, Australia	AS	AS07	5391	-36.0833	144.3	-1604180	5	Northern Territory, Northern Territory, Australia	AS	AS03	40197	-20	134	-1592100	5	Northern Territory, Northern Territory, Australia	AS	AS03	40197	-20	134	-1592100	20260307204500	https://www.queenslandcountrylife.com.au/story/9186177/preserving-bush-stories-natalie-stockdales-memoir-mission/
1293014078	20260307	202603	2026	2026.1836	EDU	SCHOOL						EDU			AUS	AUSTRALIA	AUS								1	192	192	19	4	-9.5	4	1	4	-0.163132137031	4	Terrick Terrick, Victoria, Australia	AS	AS07	5391	-36.0833	144.3	-1604180	4	Terrick Terrick, Victoria, Australia	AS	AS07	5391	-36.0833	144.3	-1604180	4	Terrick Terrick, Victoria, Australia	AS	AS07	5391	-36.0833	144.3	-1604180	20260307204500	https://www.queenslandcountrylife.com.au/story/9186177/preserving-bush-stories-natalie-stockdales-memoir-mission/
1293014079	20260307	202603	2026	2026.1836	EDU	STUDENT						EDU			COD	THE DRC	COD								0	051	051	05	1	3.4	10	1	10	1.57068062827225	3	Eastern Michigan University, Michigan, United States	US	USMI	MI161	42.247	-83.6227	625280	3	Eastern Michigan University, Michigan, United States	US	USMI		42.247	-83.6227	625280	3	Eastern Michigan University, Michigan, United States	US	USMI		42.247	-83.6227	625280	20260307204500	https://www.easternecho.com/article/2026/03/final-four-candidates-for-emu-dean-of-students-meet-matthew-gregory
1293014080	20260307	202603	2026	2026.1836	EDU	SCHOOL						EDU			IRQ	IRAQ	IRQ								1	043	043	04	1	2.8	5	1	5	7.14285714285715	1	Iraq	IZ	IZ		33	44	IZ	1	Iraq	IZ	IZ		33	44	IZ	1	Iraq	IZ	IZ		33	44	IZ	20260307204500	https://www.outerbanksvoice.com/2026/03/07/ocracoke-fig-festival-to-feature-washington-nc-chef-jamie-davis/
1293014081	20260307	202603	2026	2026.1836	EDU	SCHOOL						EDU			LEG	LAWMAKER						LEG			0	051	051	05	1	3.4	3	1	3	2.11416490486258	2	Alabama, United States	US	USAL		32.799	-86.8073	AL	2	Alabama, United States	US	USAL		32.799	-86.8073	AL	2	Alabama, United States	US	USAL		32.799	-86.8073	AL	20260307204500	https://www.al.com/politics/2026/03/alabama-gop-kills-effort-to-rebuke-leader-who-said-he-could-give-a-sh-about-republican-party.html
1293014082	20260307	202603	2026	2026.1836	EDU	COLLEGE						EDU			MIL	MILITARY						MIL			1	042	042	04	1	1.9	10	1	10	-0.34364261168385	3	Washington, District of Columbia, United States	US	USDC	DC001	38.8951	-77.0364	531871	3	Washington, District of Columbia, United States	US	USDC	DC001	38.8951	-77.0364	531871	3	Washington, District of Columbia, United States	US	USDC	DC001	38.8951	-77.0364	531871	20260307204500	https://www.lahainanews.com/wire/?category=5035&ID=388376
1293014083	20260307	202603	2026	2026.1836	EDU	COLLEGE						EDU			MIL	MILITARY						MIL			1	130	130	13	3	-4.4	2	1	2	-0.34364261168385	2	Michigan, United States	US	USMI		43.3504	-84.5603	MI	2	Michigan, United States	US	USMI		43.3504	-84.5603	MI	2	Michigan, United States	US	USMI		43.3504	-84.5603	MI	20260307204500	https://www.lahainanews.com/wire/?category=5035&ID=388376
1293014084	20260307	202603	2026	2026.1836	EDU	COLLEGE						EDU			MIL	MILITARY						MIL			1	130	130	13	3	-4.4	8	1	8	-0.34364261168385	2	New York, United States	US	USNY		42.1497	-74.9384	NY	2	New York, United States	US	USNY		42.1497	-74.9384	NY	2	New York, United States	US	USNY		42.1497	-74.9384	NY	20260307204500	https://www.lahainanews.com/wire/?category=5035&ID=388376
1293014085	20260307	202603	2026	2026.1836	EDU	SCHOOL						EDU			NGOEDU	SIGMA GAMMA RHO						NGO	EDU		1	036	036	03	1	4.0	10	1	10	3.90070921985815	2	Illinois, United States	US	USIL		40.3363	-89.0022	IL	2	Illinois, United States	US	USIL		40.3363	-89.0022	IL	2	Illinois, United States	US	USIL		40.3363	-89.0022	IL	20260307204500	https://www.ksdk.com/article/entertainment/events/sigma-gamma-rho-operation-big-book-bag-30th-anniversary-east-st-louis/63-b55f81cd-9a0d-4814-ad5a-f57bc9f92d5b
1293014086	20260307	202603	2026	2026.1836	EDU	STUDENT						EDU			USA	UNITED STATES	USA								1	010	010	01	1	0.0	8	1	4	1.57068062827225	3	Eastern Michigan University, Michigan, United States	US	USMI	MI161	42.247	-83.6227	625280	3	Eastern Michigan University, Michigan, United States	US	USMI		42.247	-83.6227	625280	3	Eastern Michigan University, Michigan, United States	US	USMI		42.247	-83.6227	625280	20260307204500	https://www.easternecho.com/article/2026/03/final-four-candidates-for-emu-dean-of-students-meet-matthew-gregory
1293014087	20260307	202603	2026	2026.1836	EDU	SCHOOL						EDU			USA	UNITED STATES	USA								1	043	043	04	1	2.8	2	1	2	0.87336244541485	2	Mississippi, United States	US	USMS		32.7673	-89.6812	MS	2	Mississippi, United States	US	USMS		32.7673	-89.6812	MS	2	Mississippi, United States	US	USMS		32.7673	-89.6812	MS	20260307204500	https://pjmedia.com/victoria-taft/2026/03/07/youd-think-a-guy-who-cant-read-would-want-to-know-why-mississippi-schools-beat-californias-n4950360
1293014088	20260307	202603	2026	2026.1836	EDU	UNIVERSITY						EDU			USA	PHILADELPHIA	USA								1	057	057	05	1	8.0	1	1	1	0.64043915827996	3	Temple University, Pennsylvania, United States	US	USPA	PA101	39.9809	-75.153	1189357	3	Philadelphia, Pennsylvania, United States	US	USPA	PA101	39.9523	-75.1638	1209052	3	Temple University, Pennsylvania, United States	US	USPA		39.9809	-75.153	1189357	20260307204500	https://www.artsjournal.com/diacritical/2026/03/aj-chronicles-future-vision-and-what-the-boston-symphony-signaled-this-week.html
1293014089	20260307	202603	2026	2026.1836	EDU	UNIVERSITY						EDU			USA	PHILADELPHIA	USA								1	057	057	05	1	8.0	2	1	2	0.64043915827996	3	Temple University, Pennsylvania, United States	US	USPA	PA101	39.9809	-75.153	1189357	3	Philadelphia, Pennsylvania, United States	US	USPA	PA101	39.9523	-75.1638	1209052	3	Philadelphia, Pennsylvania, United States	US	USPA	PA101	39.9523	-75.1638	1209052	20260307204500	https://www.artsjournal.com/diacritical/2026/03/aj-chronicles-future-vision-and-what-the-boston-symphony-signaled-this-week.html
1293014090	20260307	202603	2026	2026.1836	EDU	UNIVERSITY						EDU			USA	PHILADELPHIA	USA								1	057	057	05	1	8.0	1	1	1	0.64043915827996	3	Philadelphia, Pennsylvania, United States	US	USPA	PA101	39.9523	-75.1638	1209052	3	Philadelphia, Pennsylvania, United States	US	USPA	PA101	39.9523	-75.1638	1209052	3	Philadelphia, Pennsylvania, United States	US	USPA	PA101	39.9523	-75.1638	1209052	20260307204500	https://www.artsjournal.com/diacritical/2026/03/aj-chronicles-future-vision-and-what-the-boston-symphony-signaled-this-week.html
1293014091	20260307	202603	2026	2026.1836	EDU	UNIVERSITY						EDU			USA	UNITED STATES	USA								1	057	057	05	1	8.0	2	1	2	0.64043915827996	3	Miami, Florida, United States	US	USFL	FL086	25.7743	-80.1937	295004	3	Miami, Florida, United States	US	USFL	FL086	25.7743	-80.1937	295004	3	Miami, Florida, United States	US	USFL	FL086	25.7743	-80.1937	295004	20260307204500	https://www.artsjournal.com/diacritical/2026/03/aj-chronicles-future-vision-and-what-the-boston-symphony-signaled-this-week.html
1293014092	20260307	202603	2026	2026.1836	EDU	STUDENT						EDU			USA	COLORADO	USA								0	060	060	06	2	6.0	4	1	4	6.34146341463415	2	Colorado, United States	US	USCO		39.0646	-105.327	CO	2	Colorado, United States	US	USCO		39.0646	-105.327	CO	2	Colorado, United States	US	USCO		39.0646	-105.327	CO	20260307204500	https://kool1079.com/ixp/507/p/colorado-grand-junction-prom-clothing-donations/
1293014093	20260307	202603	2026	2026.1836	EDU	SCHOOL						EDU			USA	CALIFORNIA	USA								0	071	071	07	2	7.4	2	1	2	0.87336244541485	2	Mississippi, United States	US	USMS		32.7673	-89.6812	MS	2	Mississippi, United States	US	USMS		32.7673	-89.6812	MS	2	Mississippi, United States	US	USMS		32.7673	-89.6812	MS	20260307204500	https://pjmedia.com/victoria-taft/2026/03/07/youd-think-a-guy-who-cant-read-would-want-to-know-why-mississippi-schools-beat-californias-n4950360
1293014094	20260307	202603	2026	2026.1836	EDU	STUDENT						EDU			USAEDU	COLORADO	USA					EDU			0	060	060	06	2	6.0	6	1	6	6.34146341463415	2	Colorado, United States	US	USCO		39.0646	-105.327	CO	2	Colorado, United States	US	USCO		39.0646	-105.327	CO	2	Colorado, United States	US	USCO		39.0646	-105.327	CO	20260307204500	https://kool1079.com/ixp/507/p/colorado-grand-junction-prom-clothing-donations/
1293014095	20260307	202603	2026	2026.1836	EDU	ACADEMICS						EDU			idg	INDIGENOUS			idg						0	090	090	09	2	-2.0	10	1	10	0.22404779686333	2	Arizona, United States	US	USAZ		33.7712	-111.388	AZ	2	Arizona, United States	US	USAZ		33.7712	-111.388	AZ	2	Arizona, United States	US	USAZ		33.7712	-111.388	AZ	20260307204500	https://roarnews.co.uk/2026/the-importance-of-interdisciplinary-research/
1293014096	20260307	202603	2026	2026.1836	EDUEDU	SCHOOL						EDU	EDU												0	042	042	04	1	1.9	5	1	5	3.90070921985815	2	Illinois, United States	US	USIL		40.3363	-89.0022	IL	0								2	Illinois, United States	US	USIL		40.3363	-89.0022	IL	20260307204500	https://www.ksdk.com/article/entertainment/events/sigma-gamma-rho-operation-big-book-bag-30th-anniversary-east-st-louis/63-b55f81cd-9a0d-4814-ad5a-f57bc9f92d5b
1293014097	20260307	202603	2026	2026.1836	EDUEDU	SCHOOL						EDU	EDU												0	051	051	05	1	3.4	5	1	5	3.90070921985815	2	Illinois, United States	US	USIL		40.3363	-89.0022	IL	0								2	Illinois, United States	US	USIL		40.3363	-89.0022	IL	20260307204500	https://www.ksdk.com/article/entertainment/events/sigma-gamma-rho-operation-big-book-bag-30th-anniversary-east-st-louis/63-b55f81cd-9a0d-4814-ad5a-f57bc9f92d5b
1293014098	20260307	202603	2026	2026.1836	EDUEDU	UNIVERSITY						EDU	EDU		EDU	UNIVERSITY						EDU			1	112	112	11	3	-2.0	10	1	10	-2.7972027972028	4	Kyiv, Kyyiv, Misto, Ukraine	UP	UP12	28554	50.4333	30.5167	-1044367	4	Kyiv, Kyyiv, Misto, Ukraine	UP	UP12	28554	50.4333	30.5167	-1044367	4	Kyiv, Kyyiv, Misto, Ukraine	UP	UP12	28554	50.4333	30.5167	-1044367	20260307204500	https://internationalviewpoint.org/Last-Year-s-International-Women-s-Day-Ukraine
1293014099	20260307	202603	2026	2026.1836	EDUMED	STUDENT						EDU	MED		EDU	STUDENT						EDU			0	051	051	05	1	3.4	10	1	10	3.45945945945945	4	Diliman, Bulacan, Philippines	RP	RP13	24221	15.025	120.95	-2424559	4	Diliman, Bulacan, Philippines	RP	RP13	24221	15.025	120.95	-2424559	4	Diliman, Bulacan, Philippines	RP	RP13	24221	15.025	120.95	-2424559	20260307204500	https://thelasallian.com/2026/03/08/press-release-dulaang-ups-revival-of-up-playwrights-theatre/
1293014100	20260307	202603	2026	2026.1836	ESPGOV	SPANISH	ESP					GOV			MIL	MILITARY BASE						MIL			1	120	120	12	3	-4.0	3	1	3	-5.25114155251141	1	Spain	SP	SP		40	-4	SP	1	Spain	SP	SP		40	-4	SP	1	Spain	SP	SP		40	-4	SP	20260307204500	https://internationalviewpoint.org/Nooshi-do-you-dare-to-do-as-Spain-s-Social-Democrats-have-done
1293014101	20260307	202603	2026	2026.1836	EUR	EUROPEAN	EUR																		0	010	010	01	1	0.0	10	1	10	-3.06620209059234	4	Luxeuil, Franche-ComtéR, France	FR	FRA6	16297	47.8171	6.365	-1448417	0								4	Luxeuil, Franche-ComtéR, France	FR	FRA6	16297	47.8171	6.365	-1448417	20260307204500	https://weeklyblitz.net/2026/03/08/europe-moves-toward-independent-nuclear-deterrence-under-macrons-new-strategy/
1293014102	20260307	202603	2026	2026.1836	EUR	EUROPE	EUR																		1	043	043	04	1	2.8	10	1	10	0.87209302325581	4	Frankfurt, Brandenburg, Germany	GM	GM11	16538	52.35	14.55	-1771146	0								4	Frankfurt, Brandenburg, Germany	GM	GM11	16538	52.35	14.55	-1771146	20260307204500	https://eturbonews.com/frankfurt-airport-achieves-double-digit-passenger-growth-in-april/
1293014103	20260307	202603	2026	2026.1836	EUR	EUROPE	EUR																		0	172	172	17	4	-5.0	10	1	10	-3.48675034867503	4	Kiev, Ukraine (general), Ukraine	UP	UP00	28554	50.4333	30.5167	-1044367	0								4	Kiev, Ukraine (general), Ukraine	UP	UP00	28554	50.4333	30.5167	-1044367	20260307204500	https://weeklyblitz.net/2026/03/08/ukrainians-emerge-in-to-a-heavy-social-and-economic-burden-in-europe/
1293014104	20260307	202603	2026	2026.1836	EUR	EUROPEAN	EUR								FRA	FRANCE	FRA								0	070	070	07	2	7.0	10	1	10	-3.06620209059234	4	Luxeuil, Franche-ComtéR, France	FR	FRA6	16297	47.8171	6.365	-1448417	4	Luxeuil, Franche-ComtéR, France	FR	FRA6	16297	47.8171	6.365	-1448417	4	Luxeuil, Franche-ComtéR, France	FR	FRA6	16297	47.8171	6.365	-1448417	20260307204500	https://weeklyblitz.net/2026/03/08/europe-moves-toward-independent-nuclear-deterrence-under-macrons-new-strategy/
1293014105	20260307	202603	2026	2026.1836	EUR	EUROPE	EUR								MIL	MILITARY						MIL			0	010	010	01	1	0.0	10	1	10	-3.06620209059234	4	Luxeuil, Franche-ComtéR, France	FR	FRA6	16297	47.8171	6.365	-1448417	4	Luxeuil, Franche-ComtéR, France	FR	FRA6	16297	47.8171	6.365	-1448417	4	Luxeuil, Franche-ComtéR, France	FR	FRA6	16297	47.8171	6.365	-1448417	20260307204500	https://weeklyblitz.net/2026/03/08/europe-moves-toward-independent-nuclear-deterrence-under-macrons-new-strategy/
1293014106	20260307	202603	2026	2026.1836	FRA	FRANCE	FRA																		0	051	051	05	1	3.4	5	1	5	-3.06620209059234	4	Luxeuil, Franche-ComtéR, France	FR	FRA6	16297	47.8171	6.365	-1448417	0								4	Luxeuil, Franche-ComtéR, France	FR	FRA6	16297	47.8171	6.365	-1448417	20260307204500	https://weeklyblitz.net/2026/03/08/europe-moves-toward-independent-nuclear-deterrence-under-macrons-new-strategy/
1293014107	20260307	202603	2026	2026.1836	FRA	FRANCE	FRA								USA	UNITED STATES	USA								1	043	043	04	1	2.8	2	1	2	0	4	Paris, France (general), France	FR	FR00	16282	48.8667	2.33333	-1456928	4	Paris, France (general), France	FR	FR00	16282	48.8667	2.33333	-1456928	3	Chicago, Illinois, United States	US	USIL	IL031	41.85	-87.6501	423587	20260307204500	https://www.vogue.com/article/lily-collins-recovers-her-engagement-ring-three-years-after-it-was-stolen
1293014108	20260307	202603	2026	2026.1836	FRA	FRANCE	FRA								USA	UNITED STATES	USA								1	043	043	04	1	2.8	2	1	2	0	4	Paris, France (general), France	FR	FR00	16282	48.8667	2.33333	-1456928	3	Chicago, Illinois, United States	US	USIL	IL031	41.85	-87.6501	423587	3	Chicago, Illinois, United States	US	USIL	IL031	41.85	-87.6501	423587	20260307204500	https://www.vogue.com/article/lily-collins-recovers-her-engagement-ring-three-years-after-it-was-stolen
1293014109	20260307	202603	2026	2026.1836	FRAMED	AGENCE FRANCE PRESS	FRA					MED			RUS	RUSSIA	RUS								0	194	194	19	4	-10.0	2	1	2	-3.97058823529411	4	Moscow, Moskva, Russia	RS	RS48	25106	55.7522	37.6156	-2960561	4	Kharkiv, Kharkivs'ka Oblast', Ukraine	UP	UP07	25036	49.9808	36.2527	-1041320	4	Kharkiv, Kharkivs'ka Oblast', Ukraine	UP	UP07	25036	49.9808	36.2527	-1041320	20260307204500	https://time.com/7383068/iran-war-russia-oil/
1293014110	20260307	202603	2026	2026.1836	FRAMED	AGENCE FRANCE PRESS	FRA					MED			RUS	RUSSIA	RUS								0	194	194	19	4	-10.0	8	1	8	-3.97058823529411	4	Moscow, Moskva, Russia	RS	RS48	25106	55.7522	37.6156	-2960561	4	Moscow, Moskva, Russia	RS	RS48	25106	55.7522	37.6156	-2960561	4	Moscow, Moskva, Russia	RS	RS48	25106	55.7522	37.6156	-2960561	20260307204500	https://time.com/7383068/iran-war-russia-oil/
1293014111	20260307	202603	2026	2026.1836	GBR	UNITED KINGDOM	GBR																		1	020	020	02	1	3.0	10	1	10	-1.67310167310168	1	Oman	MU	MU		21	57	MU	0								1	Oman	MU	MU		21	57	MU	20260307204500	https://www.manchestereveningnews.co.uk/news/world-news/foreign-office-updates-uae-travel-33551289
1293014112	20260307	202603	2026	2026.1836	GBR	BIRMINGHAM	GBR																		1	051	051	05	1	3.4	2	1	2	-8.33333333333334	2	Alabama, United States	US	USAL		32.799	-86.8073	AL	0								2	Alabama, United States	US	USAL		32.799	-86.8073	AL	20260307204500	https://abc3340.com/news/local/strong-storms-possible-across-alabama-saturday-afternoon-another-severe-threat-midweek
1293014113	20260307	202603	2026	2026.1836	GBR	UNITED KINGDOM	GBR																		1	114	114	11	3	-2.0	1	1	1	-1.36986301369863	1	Mauritius	MP	MP		16	146	MP	0								1	Mauritius	MP	MP		16	146	MP	20260307204500	https://www.foxnews.com/politics/farage-slams-british-prime-minister-extraordinary-lack-support-trumps-iran-strikes
1293014114	20260307	202603	2026	2026.1836	GBR	UNITED KINGDOM	GBR																		1	114	114	11	3	-2.0	1	1	1	-1.36986301369863	1	United Kingdom	UK	UK		54	-4	UK	0								1	Iran	IR	IR		32	53	IR	20260307204500	https://www.foxnews.com/politics/farage-slams-british-prime-minister-extraordinary-lack-support-trumps-iran-strikes
1293014115	20260307	202603	2026	2026.1836	GBR	UNITED KINGDOM	GBR																		1	114	114	11	3	-2.0	2	1	2	-1.36986301369863	1	United Kingdom	UK	UK		54	-4	UK	0								1	United Kingdom	UK	UK		54	-4	UK	20260307204500	https://www.foxnews.com/politics/farage-slams-british-prime-minister-extraordinary-lack-support-trumps-iran-strikes
1293014116	20260307	202603	2026	2026.1836	GBR	UNITED KINGDOM	GBR																		0	1246	124	12	3	-4.0	1	1	1	-1.36986301369863	1	United Kingdom	UK	UK		54	-4	UK	0								2	Florida, United States	US	USFL		27.8333	-81.717	FL	20260307204500	https://www.foxnews.com/politics/farage-slams-british-prime-minister-extraordinary-lack-support-trumps-iran-strikes
1293014117	20260307	202603	2026	2026.1836	GBR	UNITED KINGDOM	GBR																		0	1246	124	12	3	-4.0	1	1	1	-1.36986301369863	1	United Kingdom	UK	UK		54	-4	UK	0								1	United Kingdom	UK	UK		54	-4	UK	20260307204500	https://www.foxnews.com/politics/farage-slams-british-prime-minister-extraordinary-lack-support-trumps-iran-strikes
1293014118	20260307	202603	2026	2026.1836	GBR	UNITED KINGDOM	GBR								ARE	UNITED ARAB EMIRATES	ARE								1	042	042	04	1	1.9	8	1	8	-1.67310167310168	1	United Kingdom	UK	UK		54	-4	UK	4	Dubai, Dubayy, United Arab Emirates	AE	AE03	28575	25.2522	55.28	-782831	4	Dubai, Dubayy, United Arab Emirates	AE	AE03	28575	25.2522	55.28	-782831	20260307204500	https://www.manchestereveningnews.co.uk/news/world-news/foreign-office-updates-uae-travel-33551289
1293014119	20260307	202603	2026	2026.1836	GBR	UNITED KINGDOM	GBR								ARE	UNITED ARAB EMIRATES	ARE								1	042	042	04	1	1.9	2	1	2	-1.67310167310168	1	United Kingdom	UK	UK		54	-4	UK	4	Dubai, Dubayy, United Arab Emirates	AE	AE03	28575	25.2522	55.28	-782831	1	United Kingdom	UK	UK		54	-4	UK	20260307204500	https://www.manchestereveningnews.co.uk/news/world-news/foreign-office-updates-uae-travel-33551289
1293014120	20260307	202603	2026	2026.1836	GBR	UNITED KINGDOM	GBR								CVL	TOURIST						CVL			1	012	012	01	1	-0.4	4	1	4	-4.17495029821074	4	Dubai, Dubayy, United Arab Emirates	AE	AE03	28575	25.2522	55.28	-782831	4	Dubai, Dubayy, United Arab Emirates	AE	AE03	28575	25.2522	55.28	-782831	4	Dubai, Dubayy, United Arab Emirates	AE	AE03	28575	25.2522	55.28	-782831	20260307204500	https://www.thenorthernecho.co.uk/news/25917360.middlesbrough-family-hopes-take-sunday-flight-dubai/
1293014121	20260307	202603	2026	2026.1836	GBR	UNITED KINGDOM	GBR								CVL	TOURIST						CVL			1	012	012	01	1	-0.4	2	1	2	-4.17495029821074	1	Oman	MU	MU		21	57	MU	1	Oman	MU	MU		21	57	MU	1	Oman	MU	MU		21	57	MU	20260307204500	https://www.thenorthernecho.co.uk/news/25917360.middlesbrough-family-hopes-take-sunday-flight-dubai/
1293014122	20260307	202603	2026	2026.1836	GBR	UNITED KINGDOM	GBR								EDUEDU	SCHOOL						EDU	EDU		1	051	051	05	1	3.4	2	1	2	0.22404779686333	4	Cambridge, Cambridgeshire, United Kingdom	UK	UKC3	40098	52.2	0.116667	-2591658	4	Cambridge, Cambridgeshire, United Kingdom	UK	UKC3	40098	52.2	0.116667	-2591658	4	Cambridge, Cambridgeshire, United Kingdom	UK	UKC3	40098	52.2	0.116667	-2591658	20260307204500	https://roarnews.co.uk/2026/the-importance-of-interdisciplinary-research/
1293014123	20260307	202603	2026	2026.1836	GBR	UNITED KINGDOM	GBR								GBREDU	UNITED KINGDOM	GBR					EDU			1	010	010	01	1	0.0	2	1	2	0.22404779686333	2	Arizona, United States	US	USAZ		33.7712	-111.388	AZ	2	Arizona, United States	US	USAZ		33.7712	-111.388	AZ	2	Arizona, United States	US	USAZ		33.7712	-111.388	AZ	20260307204500	https://roarnews.co.uk/2026/the-importance-of-interdisciplinary-research/
1293014124	20260307	202603	2026	2026.1836	GBR	UNITED KINGDOM	GBR								GOV	PRESIDENT						GOV			1	040	040	04	1	1.0	10	1	10	0.70921985815603	1	United Kingdom	UK	UK		54	-4	UK	1	United Kingdom	UK	UK		54	-4	UK	1	United Kingdom	UK	UK		54	-4	UK	20260307204500	https://www.miragenews.com/uk-pm-talks-with-turkiyes-erdogan-march-7-2026-1633021/
1293014125	20260307	202603	2026	2026.1836	GBR	UNITED KINGDOM	GBR								GOV	ADMINISTRATION						GOV			0	042	042	04	1	1.9	1	1	1	-1.36986301369863	1	United Kingdom	UK	UK		54	-4	UK	1	Mauritius	MP	MP		16	146	MP	1	Mauritius	MP	MP		16	146	MP	20260307204500	https://www.foxnews.com/politics/farage-slams-british-prime-minister-extraordinary-lack-support-trumps-iran-strikes
1293014126	20260307	202603	2026	2026.1836	GBR	UNITED KINGDOM	GBR								GOV	ADMINISTRATION						GOV			0	042	042	04	1	1.9	1	1	1	-1.36986301369863	1	United Kingdom	UK	UK		54	-4	UK	1	United Kingdom	UK	UK		54	-4	UK	1	United Kingdom	UK	UK		54	-4	UK	20260307204500	https://www.foxnews.com/politics/farage-slams-british-prime-minister-extraordinary-lack-support-trumps-iran-strikes
1293014127	20260307	202603	2026	2026.1836	GBR	UNITED KINGDOM	GBR								GOV	PRIME MINISTER						GOV			1	111	111	11	3	-2.0	1	1	1	-1.36986301369863	1	United Kingdom	UK	UK		54	-4	UK	1	United Kingdom	UK	UK		54	-4	UK	1	United Kingdom	UK	UK		54	-4	UK	20260307204500	https://www.foxnews.com/politics/farage-slams-british-prime-minister-extraordinary-lack-support-trumps-iran-strikes
1293014128	20260307	202603	2026	2026.1836	GBR	UNITED KINGDOM	GBR								IRN	IRAN	IRN								0	110	110	11	3	-2.0	2	1	2	-1.36986301369863	1	United Kingdom	UK	UK		54	-4	UK	1	United Kingdom	UK	UK		54	-4	UK	1	United Kingdom	UK	UK		54	-4	UK	20260307204500	https://www.foxnews.com/politics/farage-slams-british-prime-minister-extraordinary-lack-support-trumps-iran-strikes
1293014129	20260307	202603	2026	2026.1836	GBR	LONDON	GBR								IRN	IRANIAN	IRN								0	111	111	11	3	-2.0	2	1	2	-1.50602409638554	4	Tehran, Tehran, Iran	IR	IR26	41130	35.75	51.5148	10074674	4	Tehran, Tehran, Iran	IR	IR26	41130	35.75	51.5148	10074674	4	Tehran, Tehran, Iran	IR	IR26	41130	35.75	51.5148	10074674	20260307204500	https://www.ncr-iran.org/en/news/iran-resistance/baroness-oloan-institutionalized-female-leadership-is-the-backbone-of-irans-resistance/
1293014130	20260307	202603	2026	2026.1836	GBR	BRITAIN	GBR								ISR	ISRAELI	ISR								1	0841	084	08	2	7.0	2	1	2	-3.35570469798658	1	United Kingdom	UK	UK		54	-4	UK	4	Tel Aviv, Tel Aviv, Israel	IS	IS05	18316	32.0667	34.7667	-781545	1	United Kingdom	UK	UK		54	-4	UK	20260307204500	https://www.aol.co.uk/articles/trump-must-now-see-job-201140525.html
1293014131	20260307	202603	2026	2026.1836	GBR	UNITED KINGDOM	GBR								ISR	ISRAEL	ISR								1	0841	084	08	2	7.0	4	1	4	-3.35570469798658	1	United Kingdom	UK	UK		54	-4	UK	4	Tel Aviv, Tel Aviv, Israel	IS	IS05	18316	32.0667	34.7667	-781545	1	United States	US	US		39.828175	-98.5795	US	20260307204500	https://www.aol.co.uk/articles/trump-must-now-see-job-201140525.html
1293014132	20260307	202603	2026	2026.1836	GBR	BRITAIN	GBR								ISR	ISRAELI	ISR								1	0841	084	08	2	7.0	2	1	2	-3.35570469798658	1	United Kingdom	UK	UK		54	-4	UK	1	United Kingdom	UK	UK		54	-4	UK	1	United Kingdom	UK	UK		54	-4	UK	20260307204500	https://www.aol.co.uk/articles/trump-must-now-see-job-201140525.html
1293014133	20260307	202603	2026	2026.1836	GBR	UNITED KINGDOM	GBR								ISR	ISRAEL	ISR								1	0841	084	08	2	7.0	2	1	2	-3.35570469798658	1	United Kingdom	UK	UK		54	-4	UK	1	United States	US	US		39.828175	-98.5795	US	1	United Kingdom	UK	UK		54	-4	UK	20260307204500	https://www.aol.co.uk/articles/trump-must-now-see-job-201140525.html
1293014134	20260307	202603	2026	2026.1836	GBR	MANCHESTER	GBR								MED	WRITER						MED			1	046	046	04	1	7.0	10	1	10	2.38907849829352	0								0								0								20260307204500	https://www.manchestereveningnews.co.uk/news/uk-news/winning-lotto-numbers-full-national-33551268
1293014135	20260307	202603	2026	2026.1836	GBR	UNITED KINGDOM	GBR								MNCUSA	NETFLIX	USA					MNC			1	111	111	11	3	-2.0	2	1	2	2.68948655256724	4	Sussex, East Sussex, United Kingdom	UK	UKE2	40137	50.9167	-0.083333	-2609142	4	Sussex, East Sussex, United Kingdom	UK	UKE2	40137	50.9167	-0.083333	-2609142	1	United States	US	US		39.828175	-98.5795	US	20260307204500	https://www.nzherald.co.nz/lifestyle/meghan-markle-splits-from-netflix-to-take-full-control-of-as-ever-jam-brand/QF645D7H3BB45DNCA7UBDTYNLM/
1293014136	20260307	202603	2026	2026.1836	GBR	UNITED KINGDOM	GBR								MNCUSAGOV	NETFLIX	USA					MNC	GOV		1	013	013	01	1	0.4	4	1	4	2.68948655256724	4	Sussex, East Sussex, United Kingdom	UK	UKE2	40137	50.9167	-0.083333	-2609142	4	Sussex, East Sussex, United Kingdom	UK	UKE2	40137	50.9167	-0.083333	-2609142	4	Sussex, East Sussex, United Kingdom	UK	UKE2	40137	50.9167	-0.083333	-2609142	20260307204500	https://www.nzherald.co.nz/lifestyle/meghan-markle-splits-from-netflix-to-take-full-control-of-as-ever-jam-brand/QF645D7H3BB45DNCA7UBDTYNLM/
1293014137	20260307	202603	2026	2026.1836	GBR	BRITAIN	GBR								USA	AMERICAN	USA								1	0841	084	08	2	7.0	2	1	2	-3.35570469798658	4	Tehran, Tehran, Iran	IR	IR26	41130	35.75	51.5148	10074674	4	Tehran, Tehran, Iran	IR	IR26	41130	35.75	51.5148	10074674	4	Tehran, Tehran, Iran	IR	IR26	41130	35.75	51.5148	10074674	20260307204500	https://www.aol.co.uk/articles/trump-must-now-see-job-201140525.html
1293014138	20260307	202603	2026	2026.1836	GBR	BRITAIN	GBR								USA	AMERICAN	USA								1	0841	084	08	2	7.0	8	1	8	-3.35570469798658	1	Iraq	IZ	IZ		33	44	IZ	1	Iraq	IZ	IZ		33	44	IZ	1	Iraq	IZ	IZ		33	44	IZ	20260307204500	https://www.aol.co.uk/articles/trump-must-now-see-job-201140525.html
1293014139	20260307	202603	2026	2026.1836	GBR	BIRMINGHAM	GBR								USA	ALABAMA	USA								1	192	192	19	4	-9.5	5	1	5	-8.33333333333334	2	Alabama, United States	US	USAL		32.799	-86.8073	AL	2	Alabama, United States	US	USAL		32.799	-86.8073	AL	2	Alabama, United States	US	USAL		32.799	-86.8073	AL	20260307204500	https://abc3340.com/news/local/strong-storms-possible-across-alabama-saturday-afternoon-another-severe-threat-midweek
1293014140	20260307	202603	2026	2026.1836	GBRGOV	UNITED KINGDOM	GBR					GOV			GBRGOV	UNITED KINGDOM	GBR					GOV			1	111	111	11	3	-2.0	1	1	1	-1.36986301369863	1	Mauritius	MP	MP		16	146	MP	1	Mauritius	MP	MP		16	146	MP	1	Mauritius	MP	MP		16	146	MP	20260307204500	https://www.foxnews.com/politics/farage-slams-british-prime-minister-extraordinary-lack-support-trumps-iran-strikes
1293014141	20260307	202603	2026	2026.1836	GBRGOV	BRITISH	GBR					GOV			MUS	MAURITIUS	MUS								0	120	120	12	3	-4.0	3	1	3	-1.36986301369863	1	United Kingdom	UK	UK		54	-4	UK	1	Mauritius	MP	MP		16	146	MP	1	United Kingdom	UK	UK		54	-4	UK	20260307204500	https://www.foxnews.com/politics/farage-slams-british-prime-minister-extraordinary-lack-support-trumps-iran-strikes
1293014142	20260307	202603	2026	2026.1836	GBRLEG	UNITED KINGDOM	GBR					LEG			GBR	UNITED KINGDOM	GBR								0	040	040	04	1	1.0	2	1	2	-1.50602409638554	4	London, London, City of, United Kingdom	UK	UKH9	40110	51.5	-0.116667	-2601889	4	London, London, City of, United Kingdom	UK	UKH9	40110	51.5	-0.116667	-2601889	4	London, London, City of, United Kingdom	UK	UKH9	40110	51.5	-0.116667	-2601889	20260307204500	https://www.ncr-iran.org/en/news/iran-resistance/baroness-oloan-institutionalized-female-leadership-is-the-backbone-of-irans-resistance/
1293014143	20260307	202603	2026	2026.1836	GBRLEG	UNITED KINGDOM	GBR					LEG			GBR	UNITED KINGDOM	GBR								0	040	040	04	1	1.0	8	1	8	-1.50602409638554	4	Tehran, Tehran, Iran	IR	IR26	41130	35.75	51.5148	10074674	4	Tehran, Tehran, Iran	IR	IR26	41130	35.75	51.5148	10074674	4	Tehran, Tehran, Iran	IR	IR26	41130	35.75	51.5148	10074674	20260307204500	https://www.ncr-iran.org/en/news/iran-resistance/baroness-oloan-institutionalized-female-leadership-is-the-backbone-of-irans-resistance/
1293014144	20260307	202603	2026	2026.1836	GME	EAST GERMANY																			0	138	138	13	3	-7.0	4	1	4	-3.06620209059234	1	Germany	GM	GM		51.5	10.5	GM	0								1	Germany	GM	GM		51.5	10.5	GM	20260307204500	https://weeklyblitz.net/2026/03/08/europe-moves-toward-independent-nuclear-deterrence-under-macrons-new-strategy/
1293014145	20260307	202603	2026	2026.1836	GOV	GOVERNOR						GOV													0	010	010	01	1	0.0	2	1	2	-1.13636363636363	4	Osun, Nigeria (general), Nigeria	NI	NI00	191219	7.53333	4.05	-2024291	0								4	Iragbiji, Nigeria (general), Nigeria	NI	NI00	22995	7.9	4.68333	-2012470	20260307204500	https://www.opinionnigeria.com/2026-oyetolas-misreading-of-osun-peoples-resolve-by-sarafa-ibrahim/
1293014146	20260307	202603	2026	2026.1836	GOV	GOVERNOR						GOV													0	010	010	01	1	0.0	6	1	6	-1.13636363636363	4	Osun, Nigeria (general), Nigeria	NI	NI00	191219	7.53333	4.05	-2024291	0								4	Osun, Nigeria (general), Nigeria	NI	NI00	191219	7.53333	4.05	-2024291	20260307204500	https://www.opinionnigeria.com/2026-oyetolas-misreading-of-osun-peoples-resolve-by-sarafa-ibrahim/
1293014147	20260307	202603	2026	2026.1836	GOV	AUTHORITIES						GOV													1	010	010	01	1	0.0	10	1	10	-3.50877192982456	3	Atlanta, Georgia, United States	US	USGA	GA121	33.749	-84.388	351615	0								3	Atlanta, Georgia, United States	US	USGA	GA121	33.749	-84.388	351615	20260307204500	https://timesofindia.indiatimes.com/world/us/southwest-flight-diverted-mid-air-over-possible-security-matter-fbi-confirms-no-threat/articleshow/129233145.cms
1293014148	20260307	202603	2026	2026.1836	GOV	MAYOR						GOV													0	011	011	01	1	-0.1	6	1	6	-0.49079754601227	4	Toronto, Ontario, Canada	CA	CA08	12686	43.6667	-79.4167	-574890	0								4	Toronto, Ontario, Canada	CA	CA08	12686	43.6667	-79.4167	-574890	20260307204500	https://www.stcatharinesstandard.ca/news/ontario/doug-fords-push-for-jets-at-billy-bishop-airport-runs-into-some-familiar-turbulence/article_522a9a12-1fc4-57eb-b2e8-d0ae4bac3d7e.html
1293014149	20260307	202603	2026	2026.1836	GOV	PRIME MINISTER						GOV													1	012	012	01	1	-0.4	10	1	10	-3.35570469798658	4	Tel Aviv, Tel Aviv, Israel	IS	IS05	18316	32.0667	34.7667	-781545	0								4	Tel Aviv, Tel Aviv, Israel	IS	IS05	18316	32.0667	34.7667	-781545	20260307204500	https://www.aol.co.uk/articles/trump-must-now-see-job-201140525.html
1293014150	20260307	202603	2026	2026.1836	GOV	SOVEREIGN						GOV													0	020	020	02	1	3.0	5	1	5	3.11820159535896	1	Ecuador	EC	EC		-2	-77.5	EC	0								1	Ecuador	EC	EC		-2	-77.5	EC	20260307204500	https://www.miragenews.com/rubio-noem-speak-at-shield-of-americas-summit-1633032/
1293014151	20260307	202603	2026	2026.1836	GOV	MINIST						GOV													0	030	030	03	1	4.0	10	1	10	-1.50602409638554	4	London, London, City of, United Kingdom	UK	UKH9	40110	51.5	-0.116667	-2601889	0								4	London, London, City of, United Kingdom	UK	UKH9	40110	51.5	-0.116667	-2601889	20260307204500	https://www.ncr-iran.org/en/news/iran-resistance/baroness-oloan-institutionalized-female-leadership-is-the-backbone-of-irans-resistance/
1293014152	20260307	202603	2026	2026.1836	GOV	ENVOY						GOV													1	040	040	04	1	1.0	4	1	4	-1.55440414507772	4	Afrin, ?alab, Syria	SY	SY09	26319	36.2251	37.3266	-2537705	0								4	Afrin, ?alab, Syria	SY	SY09	26319	36.2251	37.3266	-2537705	20260307204500	https://sana.sy/en/syria/2301057/
1293014153	20260307	202603	2026	2026.1836	GOV	CABINET						GOV													0	043	043	04	1	2.8	3	1	3	-3.68873168266802	4	Beijing, Beijing, China	CH	CH22	13001	39.9289	116.388	-1898541	0								4	Beijing, Beijing, China	CH	CH22	13001	39.9289	116.388	-1898541	20260307204500	https://pjmedia.com/david-manney/2026/03/07/iran-war-reveals-the-energy-war-behind-russia-and-chinas-alliance-n4950373
1293014154	20260307	202603	2026	2026.1836	GOV	GOVERNMENT						GOV													1	050	050	05	1	3.5	2	1	2	5.56844547563805	1	Hong Kong	HK	HK		22.25	114.166667	HK	0								1	Hong Kong	HK	HK		22.25	114.166667	HK	20260307204500	https://eturbonews.com/hainan-looks-be-tourist-mecca/
1293014155	20260307	202603	2026	2026.1836	GOV	PRESIDENT						GOV													0	051	051	05	1	3.4	10	1	10	1.28205128205128	2	Oklahoma, United States	US	USOK		35.5376	-96.9247	OK	0								2	Oklahoma, United States	US	USOK		35.5376	-96.9247	OK	20260307204500	https://upolitics.com/news/trump-says-kristi-noem-lied-when-she-said-he-approved-220-million-dhs-ad-campaign-featuring-her-on-a-horse/
1293014156	20260307	202603	2026	2026.1836	GOV	GOVERNMENT						GOV													0	110	110	11	3	-2.0	10	1	10	-3.75293197810789	4	Khamba, Punjab, Pakistan	PK	PK04	23677	31.4372	74.2537	-2765193	0								4	Khamba, Punjab, Pakistan	PK	PK04	23677	31.4372	74.2537	-2765193	20260307204500	https://weeklyblitz.net/2026/03/08/jamaat-awami-league-nexus-the-fault-line-beneath-bangladeshs-politics/
1293014157	20260307	202603	2026	2026.1836	GOV	PRESIDENT						GOV													1	110	110	11	3	-2.0	6	1	6	1.28205128205128	2	Oklahoma, United States	US	USOK		35.5376	-96.9247	OK	0								2	Oklahoma, United States	US	USOK		35.5376	-96.9247	OK	20260307204500	https://upolitics.com/news/trump-says-kristi-noem-lied-when-she-said-he-approved-220-million-dhs-ad-campaign-featuring-her-on-a-horse/
1293014158	20260307	202603	2026	2026.1836	GOV	REGIME						GOV													0	130	130	13	3	-4.4	10	1	10	-1.50602409638554	4	London, London, City of, United Kingdom	UK	UKH9	40110	51.5	-0.116667	-2601889	0								4	London, London, City of, United Kingdom	UK	UKH9	40110	51.5	-0.116667	-2601889	20260307204500	https://www.ncr-iran.org/en/news/iran-resistance/baroness-oloan-institutionalized-female-leadership-is-the-backbone-of-irans-resistance/
1293014159	20260307	202603	2026	2026.1836	GOV	AUTHORITIES						GOV													1	130	130	13	3	-4.4	4	1	4	-10.913140311804	2	New York, United States	US	USNY		42.1497	-74.9384	NY	0								2	New York, United States	US	USNY		42.1497	-74.9384	NY	20260307204500	https://www.hindustantimes.com/world-news/us-news/deadly-storms-hit-michigan-and-oklahoma-as-forecasters-warn-of-more-dangerous-weather-101772897279523.html
1293014160	20260307	202603	2026	2026.1836	GOV	GOVERNMENT						GOV													0	141	141	14	3	-6.5	10	1	10	-3.75293197810789	4	Khamba, Punjab, Pakistan	PK	PK04	23677	31.4372	74.2537	-2765193	0								4	Khamba, Punjab, Pakistan	PK	PK04	23677	31.4372	74.2537	-2765193	20260307204500	https://weeklyblitz.net/2026/03/08/jamaat-awami-league-nexus-the-fault-line-beneath-bangladeshs-politics/
1293014161	20260307	202603	2026	2026.1836	GOV	AUTHORITIES						GOV													1	173	173	17	4	-5.0	6	1	4	-16.2337662337662	4	Hebron, Israel (general), Israel	IS	IS00	18315	31.5333	35.1	-793097	0								4	Hebron, Israel (general), Israel	IS	IS00	18315	31.5333	35.1	-793097	20260307204500	https://www.10tv.com/article/news/local/hebron-shooting-16-year-old-injured-suspect-arrested/530-d663f8d8-7582-4cd3-92a4-9bd887e028d2
1293014162	20260307	202603	2026	2026.1836	GOV	AUTHORITIES						GOV													1	173	173	17	4	-5.0	2	1	2	-16.2337662337662	4	Hebron, Israel (general), Israel	IS	IS00	18315	31.5333	35.1	-793097	0								3	Licking County, Ohio, United States	US	USOH		40.0834	-82.5002	1074057	20260307204500	https://www.10tv.com/article/news/local/hebron-shooting-16-year-old-injured-suspect-arrested/530-d663f8d8-7582-4cd3-92a4-9bd887e028d2
1293014163	20260307	202603	2026	2026.1836	GOV	AUTHORITIES						GOV													1	180	180	18	4	-9.0	2	1	2	-16.2337662337662	4	Hebron, Israel (general), Israel	IS	IS00	18315	31.5333	35.1	-793097	0								4	Hebron, Israel (general), Israel	IS	IS00	18315	31.5333	35.1	-793097	20260307204500	https://www.10tv.com/article/news/local/hebron-shooting-16-year-old-injured-suspect-arrested/530-d663f8d8-7582-4cd3-92a4-9bd887e028d2
1293014164	20260307	202603	2026	2026.1836	GOV	AUTHORITIES						GOV													1	180	180	18	4	-9.0	6	1	4	-16.2337662337662	4	Hebron, Israel (general), Israel	IS	IS00	18315	31.5333	35.1	-793097	0								3	Licking County, Ohio, United States	US	USOH		40.0834	-82.5002	1074057	20260307204500	https://www.10tv.com/article/news/local/hebron-shooting-16-year-old-injured-suspect-arrested/530-d663f8d8-7582-4cd3-92a4-9bd887e028d2
1293014165	20260307	202603	2026	2026.1836	GOV	AUTHORITIES						GOV			BLRGOV	BELARUSIAN	BLR					GOV			1	051	051	05	1	3.4	1	1	1	-1.90217391304348	1	Cyprus	CY	CY		35	33	CY	4	Minsk, Belarus (general), Belarus	BO	BO00	5840	53.9	27.5667	-1946324	4	Minsk, Belarus (general), Belarus	BO	BO00	5840	53.9	27.5667	-1946324	20260307204500	https://weeklyblitz.net/2026/03/08/belarusian-tycoon-says-cyprus-firms-linked-to-ex-presidents-family-held-assets-on-his-behalf/
1293014166	20260307	202603	2026	2026.1836	GOV	AUTHORITIES						GOV			BLRGOV	BELARUSIAN	BLR					GOV			1	051	051	05	1	3.4	1	1	1	-1.90217391304348	1	Cyprus	CY	CY		35	33	CY	1	Cyprus	CY	CY		35	33	CY	1	Cyprus	CY	CY		35	33	CY	20260307204500	https://weeklyblitz.net/2026/03/08/belarusian-tycoon-says-cyprus-firms-linked-to-ex-presidents-family-held-assets-on-his-behalf/
1293014167	20260307	202603	2026	2026.1836	GOV	PRESIDENT						GOV			BUS	TANKER						BUS			1	010	010	01	1	0.0	2	1	2	-1.89328743545611	4	Quebec, Quebec, Canada	CA	CA10	12750	47.5	-72	-571850	4	Quebec, Quebec, Canada	CA	CA10	12750	47.5	-72	-571850	4	Quebec, Quebec, Canada	CA	CA10	12750	47.5	-72	-571850	20260307204500	https://www.el-balad.com/16872131
1293014168	20260307	202603	2026	2026.1836	GOV	MAYOR						GOV			CAN	CANADA	CAN								0	011	011	01	1	-0.1	2	1	2	-0.49079754601227	4	Toronto, Ontario, Canada	CA	CA08	12686	43.6667	-79.4167	-574890	4	Toronto, Ontario, Canada	CA	CA08	12686	43.6667	-79.4167	-574890	4	Toronto, Ontario, Canada	CA	CA08	12686	43.6667	-79.4167	-574890	20260307204500	https://www.stcatharinesstandard.ca/news/ontario/doug-fords-push-for-jets-at-billy-bishop-airport-runs-into-some-familiar-turbulence/article_522a9a12-1fc4-57eb-b2e8-d0ae4bac3d7e.html
1293014169	20260307	202603	2026	2026.1836	GOV	ADMINISTRATION						GOV			CHN	SHANGHAI	CHN								0	042	042	04	1	1.9	2	1	2	5.75757575757576	4	Shanghai, Shanghai, China	CH	CH23	13243	31.2222	121.458	-1924465	4	Shanghai, Shanghai, China	CH	CH23	13243	31.2222	121.458	-1924465	4	Shanghai, Shanghai, China	CH	CH23	13243	31.2222	121.458	-1924465	20260307204500	https://eturbonews.com/world-travel-fair-2015/
1293014170	20260307	202603	2026	2026.1836	GOV	CABINET						GOV			CHN	CHINA	CHN								0	043	043	04	1	2.8	2	1	2	-3.68873168266802	4	Beijing, Beijing, China	CH	CH22	13001	39.9289	116.388	-1898541	4	Beijing, Beijing, China	CH	CH22	13001	39.9289	116.388	-1898541	3	Washington, District of Columbia, United States	US	USDC	DC001	38.8951	-77.0364	531871	20260307204500	https://pjmedia.com/david-manney/2026/03/07/iran-war-reveals-the-energy-war-behind-russia-and-chinas-alliance-n4950373
1293014171	20260307	202603	2026	2026.1836	GOV	PRESIDENT						GOV			CUB	CUBA	CUB								1	130	130	13	3	-4.4	3	1	3	-3.23076923076923	1	Cuba	CU	CU		22	-79.5	CU	1	Cuba	CU	CU		22	-79.5	CU	1	Cuba	CU	CU		22	-79.5	CU	20260307204500	https://www.independent.co.uk/news/world/americas/us-politics/trump-cuba-warning-iran-venezuela-b2934021.html
1293014172	20260307	202603	2026	2026.1836	GOV	PRESIDENT						GOV			CUB	CUBA	CUB								1	130	130	13	3	-4.4	2	1	2	-3.23076923076923	1	Iran	IR	IR		32	53	IR	1	Cuba	CU	CU		22	-79.5	CU	1	Iran	IR	IR		32	53	IR	20260307204500	https://www.independent.co.uk/news/world/americas/us-politics/trump-cuba-warning-iran-venezuela-b2934021.html
1293014173	20260307	202603	2026	2026.1836	GOV	PRESIDENT						GOV			CVL	COMMUNITY						CVL			1	040	040	04	1	1.0	5	1	5	6.87022900763358	4	Saint Anne Island, Seychelles (general), Seychelles	SE	SE00	61280	-4.6	55.5	-1322664	4	Saint Anne Island, Seychelles (general), Seychelles	SE	SE00	61280	-4.6	55.5	-1322664	4	Saint Anne Island, Seychelles (general), Seychelles	SE	SE00	61280	-4.6	55.5	-1322664	20260307204500	https://eturbonews.com/club-med-seychelles-tourism-community-growth-strategy/
1293014174	20260307	202603	2026	2026.1836	GOV	PRESIDENT						GOV			GBR	UNITED KINGDOM	GBR								1	040	040	04	1	1.0	4	1	4	0.70921985815603	1	Iran	IR	IR		32	53	IR	1	United Kingdom	UK	UK		54	-4	UK	1	Iran	IR	IR		32	53	IR	20260307204500	https://www.miragenews.com/uk-pm-talks-with-turkiyes-erdogan-march-7-2026-1633021/
1293014175	20260307	202603	2026	2026.1836	GOV	PRESIDENT						GOV			GBR	UNITED KINGDOM	GBR								1	040	040	04	1	1.0	6	1	6	0.70921985815603	1	United Kingdom	UK	UK		54	-4	UK	1	United Kingdom	UK	UK		54	-4	UK	1	United Kingdom	UK	UK		54	-4	UK	20260307204500	https://www.miragenews.com/uk-pm-talks-with-turkiyes-erdogan-march-7-2026-1633021/
1293014176	20260307	202603	2026	2026.1836	GOV	ADMINISTRATION						GOV			GBR	UNITED KINGDOM	GBR								0	043	043	04	1	2.8	1	1	1	-1.36986301369863	1	Mauritius	MP	MP		16	146	MP	1	United Kingdom	UK	UK		54	-4	UK	1	Mauritius	MP	MP		16	146	MP	20260307204500	https://www.foxnews.com/politics/farage-slams-british-prime-minister-extraordinary-lack-support-trumps-iran-strikes
1293014177	20260307	202603	2026	2026.1836	GOV	ADMINISTRATION						GOV			GBR	UNITED KINGDOM	GBR								0	043	043	04	1	2.8	1	1	1	-1.36986301369863	1	United Kingdom	UK	UK		54	-4	UK	1	United Kingdom	UK	UK		54	-4	UK	1	United Kingdom	UK	UK		54	-4	UK	20260307204500	https://www.foxnews.com/politics/farage-slams-british-prime-minister-extraordinary-lack-support-trumps-iran-strikes
1293014178	20260307	202603	2026	2026.1836	GOV	PRESIDENT						GOV			GBR	UNITED KINGDOM	GBR								1	173	173	17	4	-5.0	2	1	2	6.5979381443299	4	Sydney, New South Wales, Australia	AS	AS02	154637	-33.8833	151.217	-1603135	1	New Zealand	NZ	NZ		-42	174	NZ	4	Sydney, New South Wales, Australia	AS	AS02	154637	-33.8833	151.217	-1603135	20260307204500	https://travelweekly.com.au/gavin-smith-joins-cruising-hall-of-fame-at-23rd-annual-clia-awards/
1293014179	20260307	202603	2026	2026.1836	GOV	PRESIDENT						GOV			GBR	LONDON	GBR								1	173	173	17	4	-5.0	8	1	8	6.5979381443299	4	London, London, City of, United Kingdom	UK	UKH9	40110	51.5	-0.116667	-2601889	4	London, London, City of, United Kingdom	UK	UKH9	40110	51.5	-0.116667	-2601889	1	New Zealand	NZ	NZ		-42	174	NZ	20260307204500	https://travelweekly.com.au/gavin-smith-joins-cruising-hall-of-fame-at-23rd-annual-clia-awards/
1293014180	20260307	202603	2026	2026.1836	GOV	EMBASSY						GOV			GBRCVL	UNITED KINGDOM	GBR					CVL			1	050	050	05	1	3.5	2	1	2	0.43478260869565	1	United Kingdom	UK	UK		54	-4	UK	1	United Kingdom	UK	UK		54	-4	UK	1	United Kingdom	UK	UK		54	-4	UK	20260307204500	https://www.thenationalnews.com/news/uae/2026/03/07/uk-to-charter-flight-from-uae-to-help-british-nationals-who-want-to-leave-following-iranian-attacks/
1293014181	20260307	202603	2026	2026.1836	GOV	GOVERNMENT						GOV			IRN	IRAN	IRN								0	114	114	11	3	-2.0	2	1	2	0	4	London, London, City of, United Kingdom	UK	UKH9	40110	51.5	-0.116667	-2601889	4	London, London, City of, United Kingdom	UK	UKH9	40110	51.5	-0.116667	-2601889	4	London, London, City of, United Kingdom	UK	UKH9	40110	51.5	-0.116667	-2601889	20260307204500	https://www.ncr-iran.org/en/news/iran-resistance/mp-bob-blackman-the-choice-for-iran-is-not-chaos-but-a-transition-from-dictatorship-to-democracy/
1293014182	20260307	202603	2026	2026.1836	GOV	PRESIDENT						GOV			IRN	IRAN	IRN								1	130	130	13	3	-4.4	2	1	2	-4.03361344537815	4	Cairo, Al Qahirah, Egypt	EG	EG11	65350	30.05	31.25	-290692	4	Beirut, Beyrouth, Lebanon	LE	LE04	18808	33.8719	35.5097	-801546	4	Cairo, Al Qahirah, Egypt	EG	EG11	65350	30.05	31.25	-290692	20260307204500	https://www.wusa9.com/article/news/nation-world/attack-on-iran/iran-us-israel-attack-missiles-drones-strikes/507-7206fa4b-38d7-4b56-9119-20b89c0e8e3e
1293014183	20260307	202603	2026	2026.1836	GOV	PRESIDENT						GOV			IRN	IRAN	IRN								1	130	130	13	3	-4.4	6	1	6	-4.03361344537815	4	Cairo, Al Qahirah, Egypt	EG	EG11	65350	30.05	31.25	-290692	4	Beirut, Beyrouth, Lebanon	LE	LE04	18808	33.8719	35.5097	-801546	4	Beirut, Beyrouth, Lebanon	LE	LE04	18808	33.8719	35.5097	-801546	20260307204500	https://www.wusa9.com/article/news/nation-world/attack-on-iran/iran-us-israel-attack-missiles-drones-strikes/507-7206fa4b-38d7-4b56-9119-20b89c0e8e3e
1293014184	20260307	202603	2026	2026.1836	GOV	PRESIDENT						GOV			IRN	IRAN	IRN								1	138	138	13	3	-7.0	2	1	2	-4.63576158940398	4	As Iran, Az¯arbayjan-e Sharqi, Iran	IR	IR33	40986	39.0251	47.0697	-3816384	4	As Iran, Az¯arbayjan-e Sharqi, Iran	IR	IR33	40986	39.0251	47.0697	-3816384	4	As Iran, Az¯arbayjan-e Sharqi, Iran	IR	IR33	40986	39.0251	47.0697	-3816384	20260307204500	https://www.aljazeera.com/news/2026/3/7/uae-president-says-prepared-to-confront-threats-as-iran-attacks-continue
1293014185	20260307	202603	2026	2026.1836	GOV	GOVERNMENT						GOV			IRN	IRAN	IRN								0	141	141	14	3	-6.5	2	1	2	0	4	London, London, City of, United Kingdom	UK	UKH9	40110	51.5	-0.116667	-2601889	4	London, London, City of, United Kingdom	UK	UKH9	40110	51.5	-0.116667	-2601889	4	London, London, City of, United Kingdom	UK	UKH9	40110	51.5	-0.116667	-2601889	20260307204500	https://www.ncr-iran.org/en/news/iran-resistance/mp-bob-blackman-the-choice-for-iran-is-not-chaos-but-a-transition-from-dictatorship-to-democracy/
1293014186	20260307	202603	2026	2026.1836	GOV	GOVERNMENT						GOV			IRN	IRAN	IRN								0	141	141	14	3	-6.5	8	1	8	0	4	Tehran, Tehran, Iran	IR	IR26	41130	35.75	51.5148	10074674	4	Tehran, Tehran, Iran	IR	IR26	41130	35.75	51.5148	10074674	4	Tehran, Tehran, Iran	IR	IR26	41130	35.75	51.5148	10074674	20260307204500	https://www.ncr-iran.org/en/news/iran-resistance/mp-bob-blackman-the-choice-for-iran-is-not-chaos-but-a-transition-from-dictatorship-to-democracy/
1293014187	20260307	202603	2026	2026.1836	GOV	GOVERNMENT						GOV			IRN	IRANIAN	IRN								0	163	163	16	4	-8.0	2	1	2	-1.50602409638554	4	London, London, City of, United Kingdom	UK	UKH9	40110	51.5	-0.116667	-2601889	4	Tehran, Tehran, Iran	IR	IR26	41130	35.75	51.5148	10074674	4	London, London, City of, United Kingdom	UK	UKH9	40110	51.5	-0.116667	-2601889	20260307204500	https://www.ncr-iran.org/en/news/iran-resistance/baroness-oloan-institutionalized-female-leadership-is-the-backbone-of-irans-resistance/
1293014188	20260307	202603	2026	2026.1836	GOV	GOVERNMENT						GOV			IRN	IRANIAN	IRN								0	163	163	16	4	-8.0	6	1	6	-1.50602409638554	4	London, London, City of, United Kingdom	UK	UKH9	40110	51.5	-0.116667	-2601889	4	Tehran, Tehran, Iran	IR	IR26	41130	35.75	51.5148	10074674	4	Tehran, Tehran, Iran	IR	IR26	41130	35.75	51.5148	10074674	20260307204500	https://www.ncr-iran.org/en/news/iran-resistance/baroness-oloan-institutionalized-female-leadership-is-the-backbone-of-irans-resistance/
1293014189	20260307	202603	2026	2026.1836	GOV	GOVERNMENT						GOV			IRN	IRANIAN	IRN								0	163	163	16	4	-8.0	2	1	2	-1.50602409638554	4	Tehran, Tehran, Iran	IR	IR26	41130	35.75	51.5148	10074674	4	Tehran, Tehran, Iran	IR	IR26	41130	35.75	51.5148	10074674	4	Tehran, Tehran, Iran	IR	IR26	41130	35.75	51.5148	10074674	20260307204500	https://www.ncr-iran.org/en/news/iran-resistance/baroness-oloan-institutionalized-female-leadership-is-the-backbone-of-irans-resistance/
1293014190	20260307	202603	2026	2026.1836	GOV	AUTHORITIES						GOV			ISR	ISRAEL	ISR								1	173	173	17	4	-5.0	6	1	4	-16.2337662337662	4	Hebron, Israel (general), Israel	IS	IS00	18315	31.5333	35.1	-793097	4	Hebron, Israel (general), Israel	IS	IS00	18315	31.5333	35.1	-793097	4	Hebron, Israel (general), Israel	IS	IS00	18315	31.5333	35.1	-793097	20260307204500	https://www.10tv.com/article/news/local/hebron-shooting-16-year-old-injured-suspect-arrested/530-d663f8d8-7582-4cd3-92a4-9bd887e028d2
1293014191	20260307	202603	2026	2026.1836	GOV	AUTHORITIES						GOV			ISR	ISRAEL	ISR								1	173	173	17	4	-5.0	2	1	2	-16.2337662337662	3	Licking County, Ohio, United States	US	USOH	OH089	40.0834	-82.5002	1074057	3	Licking County, Ohio, United States	US	USOH		40.0834	-82.5002	1074057	3	Licking County, Ohio, United States	US	USOH		40.0834	-82.5002	1074057	20260307204500	https://www.10tv.com/article/news/local/hebron-shooting-16-year-old-injured-suspect-arrested/530-d663f8d8-7582-4cd3-92a4-9bd887e028d2
1293014192	20260307	202603	2026	2026.1836	GOV	MAYOR						GOV			JEW	JEWISH				JEW					0	120	120	12	3	-4.0	5	1	5	-9.86328125	4	Gaza, Israel (general), Israel	IS	IS00	18315	31.4167	34.3333	-797156	4	Gaza, Israel (general), Israel	IS	IS00	18315	31.4167	34.3333	-797156	4	Gaza, Israel (general), Israel	IS	IS00	18315	31.4167	34.3333	-797156	20260307204500	https://timesofindia.indiatimes.com/world/us/zohran-mamdani-reassured-jewish-new-yorkers-but-his-wifes-oct-7-social-media-activity-tells-another-story/articleshow/129233815.cms
1293014193	20260307	202603	2026	2026.1836	GOV	AUTHORITIES						GOV			JUD	ATTORNEY						JUD			1	080	080	08	2	5.0	5	1	5	-6.54761904761904	2	California, United States	US	USCA		36.17	-119.746	CA	2	California, United States	US	USCA		36.17	-119.746	CA	2	California, United States	US	USCA		36.17	-119.746	CA	20260307204500	https://timesofindia.indiatimes.com/world/us/this-is-heartless-ice-faces-online-backlash-after-deaf-6-year-old-deported-to-colombia-without-assistive-devices/articleshow/129232891.cms
1293014194	20260307	202603	2026	2026.1836	GOV	AMBASSADOR						GOV			LBN	BEIRUT	LBN								1	040	040	04	1	1.0	8	1	8	1.01010101010101	4	Beirut, Beyrouth, Lebanon	LE	LE04	18808	33.8719	35.5097	-801546	4	Beirut, Beyrouth, Lebanon	LE	LE04	18808	33.8719	35.5097	-801546	4	Beirut, Beyrouth, Lebanon	LE	LE04	18808	33.8719	35.5097	-801546	20260307204500	https://sana.sy/en/syria/2301096/
1293014195	20260307	202603	2026	2026.1836	GOV	AMBASSADOR						GOV			LBN	BEIRUT	LBN								1	046	046	04	1	7.0	5	1	5	1.01010101010101	4	Beirut, Beyrouth, Lebanon	LE	LE04	18808	33.8719	35.5097	-801546	4	Beirut, Beyrouth, Lebanon	LE	LE04	18808	33.8719	35.5097	-801546	4	Beirut, Beyrouth, Lebanon	LE	LE04	18808	33.8719	35.5097	-801546	20260307204500	https://sana.sy/en/syria/2301096/
1293014196	20260307	202603	2026	2026.1836	GOV	AMBASSADOR						GOV			LBNGOV	LEBANON	LBN					GOV			1	046	046	04	1	7.0	3	1	3	1.01010101010101	4	Beirut, Beyrouth, Lebanon	LE	LE04	18808	33.8719	35.5097	-801546	4	Beirut, Beyrouth, Lebanon	LE	LE04	18808	33.8719	35.5097	-801546	4	Beirut, Beyrouth, Lebanon	LE	LE04	18808	33.8719	35.5097	-801546	20260307204500	https://sana.sy/en/syria/2301096/
1293014197	20260307	202603	2026	2026.1836	GOV	PRESIDENT						GOV			MED	CORRESPONDENT						MED			1	010	010	01	1	0.0	3	1	3	1.28205128205128	2	Oklahoma, United States	US	USOK		35.5376	-96.9247	OK	2	Oklahoma, United States	US	USOK		35.5376	-96.9247	OK	2	Oklahoma, United States	US	USOK		35.5376	-96.9247	OK	20260307204500	https://upolitics.com/news/trump-says-kristi-noem-lied-when-she-said-he-approved-220-million-dhs-ad-campaign-featuring-her-on-a-horse/
1293014198	20260307	202603	2026	2026.1836	GOV	PRESIDENT						GOV			MIL	AIR FORCE						MIL			1	0332	033	03	1	5.2	6	1	6	-1.52477763659466	1	Iran	IR	IR		32	53	IR	3	Dover Air Force Base, Delaware, United States	US	USDE		39.128	-75.4655	2512167	3	Dover Air Force Base, Delaware, United States	US	USDE		39.128	-75.4655	2512167	20260307204500	https://www.hindustantimes.com/world-news/us-news/trump-to-join-grieving-families-at-dover-air-force-base-for-return-of-soldiers-killed-in-iran-war-who-were-they-101772903902315.html
1293014199	20260307	202603	2026	2026.1836	GOV	PRESIDENT						GOV			MIL	MILITARY BASE						MIL			0	043	043	04	1	2.8	5	1	5	-5.8128078817734	4	Tehran, Tehran, Iran	IR	IR26	41130	35.75	51.5148	10074674	1	Saudi Arabia	SA	SA		25	45	SA	4	Tehran, Tehran, Iran	IR	IR26	41130	35.75	51.5148	10074674	20260307204500	https://www.manilatimes.net/2026/03/08/world/iran-fires-at-gulf-neighbors-as-trump-threatens-more-strikes/2295382
1293014200	20260307	202603	2026	2026.1836	GOV	ADMINISTRATION						GOV			NPL	NEPAL	NPL								0	043	043	04	1	2.8	2	1	2	-3.75293197810789	1	Nepal	NP	NP		28	84	NP	1	Nepal	NP	NP		28	84	NP	4	Dhaka, Dhaka, Bangladesh	BG	BG81	5778	23.7231	90.4086	-2737683	20260307204500	https://weeklyblitz.net/2026/03/08/jamaat-awami-league-nexus-the-fault-line-beneath-bangladeshs-politics/
1293014201	20260307	202603	2026	2026.1836	GOV	ADMINISTRATION						GOV			NPL	NEPAL	NPL								0	043	043	04	1	2.8	8	1	8	-3.75293197810789	1	Nepal	NP	NP		28	84	NP	1	Nepal	NP	NP		28	84	NP	1	Nepal	NP	NP		28	84	NP	20260307204500	https://weeklyblitz.net/2026/03/08/jamaat-awami-league-nexus-the-fault-line-beneath-bangladeshs-politics/
1293014202	20260307	202603	2026	2026.1836	GOV	CABINET						GOV			RUS	RUSSIA	RUS								0	043	043	04	1	2.8	1	1	1	-3.68873168266802	4	Beijing, Beijing, China	CH	CH22	13001	39.9289	116.388	-1898541	4	Beijing, Beijing, China	CH	CH22	13001	39.9289	116.388	-1898541	4	Beijing, Beijing, China	CH	CH22	13001	39.9289	116.388	-1898541	20260307204500	https://pjmedia.com/david-manney/2026/03/07/iran-war-reveals-the-energy-war-behind-russia-and-chinas-alliance-n4950373
1293014203	20260307	202603	2026	2026.1836	GOV	CABINET						GOV			RUS	RUSSIA	RUS								0	043	043	04	1	2.8	2	1	2	-3.68873168266802	4	Beijing, Beijing, China	CH	CH22	13001	39.9289	116.388	-1898541	4	Moscow, Moskva, Russia	RS	RS48	25106	55.7522	37.6156	-2960561	4	Beijing, Beijing, China	CH	CH22	13001	39.9289	116.388	-1898541	20260307204500	https://pjmedia.com/david-manney/2026/03/07/iran-war-reveals-the-energy-war-behind-russia-and-chinas-alliance-n4950373
1293014204	20260307	202603	2026	2026.1836	GOV	PRINCE						GOV			SAU	SAUDI ARABIA	SAU								0	042	042	04	1	1.9	3	1	3	-4.63576158940398	4	Riyadh, Ar Riya?, Saudi Arabia	SA	SA10	25316	24.6408	46.7728	-3093009	4	Riyadh, Ar Riya?, Saudi Arabia	SA	SA10	25316	24.6408	46.7728	-3093009	1	Kuwait	KU	KU		29.5	47.75	KU	20260307204500	https://www.aljazeera.com/news/2026/3/7/uae-president-says-prepared-to-confront-threats-as-iran-attacks-continue
1293014205	20260307	202603	2026	2026.1836	GOV	PRINCE						GOV			SAU	SAUDI ARABIA	SAU								0	042	042	04	1	1.9	2	1	2	-4.63576158940398	1	Qatar	QA	QA		25.5	51.25	QA	4	Dubai, Dubayy, United Arab Emirates	AE	AE03	28575	25.2522	55.28	-782831	4	Riyadh, Ar Riya?, Saudi Arabia	SA	SA10	25316	24.6408	46.7728	-3093009	20260307204500	https://www.aljazeera.com/news/2026/3/7/uae-president-says-prepared-to-confront-threats-as-iran-attacks-continue
1293014206	20260307	202603	2026	2026.1836	GOV	ENVOY						GOV			SYR	SYRIA	SYR								1	040	040	04	1	1.0	6	1	6	-1.55440414507772	4	Afrin, ?alab, Syria	SY	SY09	26319	36.2251	37.3266	-2537705	4	Afrin, ?alab, Syria	SY	SY09	26319	36.2251	37.3266	-2537705	4	Afrin, ?alab, Syria	SY	SY09	26319	36.2251	37.3266	-2537705	20260307204500	https://sana.sy/en/syria/2301057/
1293014207	20260307	202603	2026	2026.1836	GOV	ENVOY						GOV			SYR	SYRIA	SYR								1	042	042	04	1	1.9	6	1	6	-1.55440414507772	4	Afrin, ?alab, Syria	SY	SY09	26319	36.2251	37.3266	-2537705	4	Afrin, ?alab, Syria	SY	SY09	26319	36.2251	37.3266	-2537705	4	Afrin, ?alab, Syria	SY	SY09	26319	36.2251	37.3266	-2537705	20260307204500	https://sana.sy/en/syria/2301057/
1293014208	20260307	202603	2026	2026.1836	GOV	SECRETARY OF STATE						GOV			USA	AMERICAN	USA								1	016	016	01	1	-2.0	6	1	6	-8.23529411764706	3	Washington, District of Columbia, United States	US	USDC	DC001	38.8951	-77.0364	531871	3	Washington, District of Columbia, United States	US	USDC	DC001	38.8951	-77.0364	531871	3	Washington, District of Columbia, United States	US	USDC	DC001	38.8951	-77.0364	531871	20260307204500	https://www.hindustantimes.com/world-news/us-news/turkey-warns-over-dangerous-bid-to-stir-civil-war-in-iran-101772912062865.html
1293014209	20260307	202603	2026	2026.1836	GOV	PRESIDENT						GOV			USA	AMERICAN	USA								1	036	036	03	1	4.0	10	1	10	3.11820159535896	1	United States	US	US		39.828175	-98.5795	US	1	United States	US	US		39.828175	-98.5795	US	1	United States	US	US		39.828175	-98.5795	US	20260307204500	https://www.miragenews.com/rubio-noem-speak-at-shield-of-americas-summit-1633032/
1293014210	20260307	202603	2026	2026.1836	GOV	PRINCE						GOV			USA	UNITED STATES	USA								0	042	042	04	1	1.9	1	1	1	1.96923076923077	3	Milwaukee, Wisconsin, United States	US	USWI	WI079	43.0389	-87.9065	1577901	3	Marquette University, Wisconsin, United States	US	USWI		43.0375	-87.9298	1569068	3	Marquette University, Wisconsin, United States	US	USWI		43.0375	-87.9298	1569068	20260307204500	https://www.yahoo.com/news/articles/discussion-guns-milwaukee-thats-goal-200856721.html
1293014211	20260307	202603	2026	2026.1836	GOV	PRINCE						GOV			USA	UNITED STATES	USA								0	042	042	04	1	1.9	4	1	3	1.96923076923077	3	Milwaukee, Wisconsin, United States	US	USWI	WI079	43.0389	-87.9065	1577901	3	Marquette University, Wisconsin, United States	US	USWI		43.0375	-87.9298	1569068	3	Milwaukee, Wisconsin, United States	US	USWI	WI079	43.0389	-87.9065	1577901	20260307204500	https://www.yahoo.com/news/articles/discussion-guns-milwaukee-thats-goal-200856721.html
1293014212	20260307	202603	2026	2026.1836	GOV	PRINCE						GOV			USA	UNITED STATES	USA								0	042	042	04	1	1.9	3	1	2	1.96923076923077	3	Milwaukee, Wisconsin, United States	US	USWI	WI079	43.0389	-87.9065	1577901	3	Marquette University, Wisconsin, United States	US	USWI		43.0375	-87.9298	1569068	2	Wisconsin, United States	US	USWI		44.2563	-89.6385	WI	20260307204500	https://www.yahoo.com/news/articles/discussion-guns-milwaukee-thats-goal-200856721.html
1293014213	20260307	202603	2026	2026.1836	GOV	PRINCE						GOV			USA	MILWAUKEE	USA								0	042	042	04	1	1.9	44	1	10	1.96923076923077	3	Milwaukee, Wisconsin, United States	US	USWI	WI079	43.0389	-87.9065	1577901	3	Milwaukee, Wisconsin, United States	US	USWI	WI079	43.0389	-87.9065	1577901	3	Milwaukee, Wisconsin, United States	US	USWI	WI079	43.0389	-87.9065	1577901	20260307204500	https://www.yahoo.com/news/articles/discussion-guns-milwaukee-thats-goal-200856721.html
1293014214	20260307	202603	2026	2026.1836	GOV	PRINCE						GOV			USA	MILWAUKEE	USA								0	042	042	04	1	1.9	1	1	1	1.96923076923077	3	Milwaukee, Wisconsin, United States	US	USWI	WI079	43.0389	-87.9065	1577901	3	Milwaukee, Wisconsin, United States	US	USWI	WI079	43.0389	-87.9065	1577901	3	Milwaukee County, Wisconsin, United States	US	USWI		43.0006	-87.9668	1581100	20260307204500	https://www.yahoo.com/news/articles/discussion-guns-milwaukee-thats-goal-200856721.html
1293014215	20260307	202603	2026	2026.1836	GOV	PRINCE						GOV			USA	MILWAUKEE	USA								0	042	042	04	1	1.9	5	1	5	1.96923076923077	3	Milwaukee, Wisconsin, United States	US	USWI	WI079	43.0389	-87.9065	1577901	3	Milwaukee County, Wisconsin, United States	US	USWI		43.0006	-87.9668	1581100	3	Milwaukee, Wisconsin, United States	US	USWI	WI079	43.0389	-87.9065	1577901	20260307204500	https://www.yahoo.com/news/articles/discussion-guns-milwaukee-thats-goal-200856721.html
1293014216	20260307	202603	2026	2026.1836	GOV	PRINCE						GOV			USA	MILWAUKEE	USA								0	042	042	04	1	1.9	2	1	2	1.96923076923077	3	Milwaukee, Wisconsin, United States	US	USWI	WI079	43.0389	-87.9065	1577901	3	Milwaukee County, Wisconsin, United States	US	USWI		43.0006	-87.9668	1581100	3	Milwaukee County, Wisconsin, United States	US	USWI		43.0006	-87.9668	1581100	20260307204500	https://www.yahoo.com/news/articles/discussion-guns-milwaukee-thats-goal-200856721.html
1293014217	20260307	202603	2026	2026.1836	GOV	PRINCE						GOV			USA	UNITED STATES	USA								0	042	042	04	1	1.9	10	1	6	1.96923076923077	3	Milwaukee, Wisconsin, United States	US	USWI	WI079	43.0389	-87.9065	1577901	2	Wisconsin, United States	US	USWI		44.2563	-89.6385	WI	3	Milwaukee, Wisconsin, United States	US	USWI	WI079	43.0389	-87.9065	1577901	20260307204500	https://www.yahoo.com/news/articles/discussion-guns-milwaukee-thats-goal-200856721.html
1293014218	20260307	202603	2026	2026.1836	GOV	PRINCE						GOV			USA	UNITED STATES	USA								0	042	042	04	1	1.9	2	1	2	1.96923076923077	2	Wisconsin, United States	US	USWI		44.2563	-89.6385	WI	2	Wisconsin, United States	US	USWI		44.2563	-89.6385	WI	3	Milwaukee, Wisconsin, United States	US	USWI	WI079	43.0389	-87.9065	1577901	20260307204500	https://www.yahoo.com/news/articles/discussion-guns-milwaukee-thats-goal-200856721.html
1293014219	20260307	202603	2026	2026.1836	GOV	PRESIDENT						GOV			USA	UNITED STATES	USA								1	046	046	04	1	7.0	4	1	4	-1.52477763659466	1	Iran	IR	IR		32	53	IR	3	Dover Air Force Base, Delaware, United States	US	USDE		39.128	-75.4655	2512167	3	Dover Air Force Base, Delaware, United States	US	USDE		39.128	-75.4655	2512167	20260307204500	https://www.hindustantimes.com/world-news/us-news/trump-to-join-grieving-families-at-dover-air-force-base-for-return-of-soldiers-killed-in-iran-war-who-were-they-101772903902315.html
1293014220	20260307	202603	2026	2026.1836	GOV	PRESIDENT						GOV			USA	UNITED STATES	USA								1	110	110	11	3	-2.0	2	1	2	0.63694267515924	3	Washington, District of Columbia, United States	US	USDC	DC001	38.8951	-77.0364	531871	2	South Dakota, United States	US	USSD		44.2853	-99.4632	SD	2	South Dakota, United States	US	USSD		44.2853	-99.4632	SD	20260307204500	https://www.hindustantimes.com/world-news/us-news/kristi-noems-husband-byron-vs-corey-lewandowski-who-is-richer-a-look-their-wealth-and-income-101772896323910.html
1293014221	20260307	202603	2026	2026.1836	GOV	PRESIDENT						GOV			USA	UNITED STATES	USA								1	110	110	11	3	-2.0	2	1	2	1.28205128205128	2	Oklahoma, United States	US	USOK		35.5376	-96.9247	OK	2	Oklahoma, United States	US	USOK		35.5376	-96.9247	OK	2	Oklahoma, United States	US	USOK		35.5376	-96.9247	OK	20260307204500	https://upolitics.com/news/trump-says-kristi-noem-lied-when-she-said-he-approved-220-million-dhs-ad-campaign-featuring-her-on-a-horse/
1293014222	20260307	202603	2026	2026.1836	GOV	AUTHORITIES						GOV			USA	UNITED STATES	USA								1	130	130	13	3	-4.4	6	1	6	-10.913140311804	2	New York, United States	US	USNY		42.1497	-74.9384	NY	2	New York, United States	US	USNY		42.1497	-74.9384	NY	2	New York, United States	US	USNY		42.1497	-74.9384	NY	20260307204500	https://www.hindustantimes.com/world-news/us-news/deadly-storms-hit-michigan-and-oklahoma-as-forecasters-warn-of-more-dangerous-weather-101772897279523.html
1293014223	20260307	202603	2026	2026.1836	GOV	PRESIDENT						GOV			USAGOV	U. S.	USA					GOV			0	120	120	12	3	-4.0	7	1	7	-4.89913544668588	4	Mehrabad, Kerman, Iran	IR	IR29	41034	30.064	55.1322	10505359	4	Mehrabad, Kerman, Iran	IR	IR29	41034	30.064	55.1322	10505359	4	Mehrabad, Kerman, Iran	IR	IR29	41034	30.064	55.1322	10505359	20260307204500	https://www.el-balad.com/16872138
1293014224	20260307	202603	2026	2026.1836	GOV	PRESIDENT						GOV			USAGOV	U. S.	USA					GOV			0	120	120	12	3	-4.0	3	1	3	-4.89913544668588	1	Israel	IS	IS		31.5	34.75	IS	1	Israel	IS	IS		31.5	34.75	IS	1	Israel	IS	IS		31.5	34.75	IS	20260307204500	https://www.el-balad.com/16872138
1293014225	20260307	202603	2026	2026.1836	GOV	PRESIDENT						GOV			VEN	VENEZUELAN	VEN								0	010	010	01	1	0.0	1	1	1	-3.68873168266802	4	Beijing, Beijing, China	CH	CH22	13001	39.9289	116.388	-1898541	4	Beijing, Beijing, China	CH	CH22	13001	39.9289	116.388	-1898541	4	Beijing, Beijing, China	CH	CH22	13001	39.9289	116.388	-1898541	20260307204500	https://pjmedia.com/david-manney/2026/03/07/iran-war-reveals-the-energy-war-behind-russia-and-chinas-alliance-n4950373
1293014226	20260307	202603	2026	2026.1836	GOV	PRESIDENT						GOV			VEN	VENEZUELAN	VEN								0	010	010	01	1	0.0	1	1	1	-3.68873168266802	4	Beijing, Beijing, China	CH	CH22	13001	39.9289	116.388	-1898541	4	Caracas, Distrito Federal, Venezuela	VE	VE25	31959	10.5	-66.9167	-938457	4	Caracas, Distrito Federal, Venezuela	VE	VE25	31959	10.5	-66.9167	-938457	20260307204500	https://pjmedia.com/david-manney/2026/03/07/iran-war-reveals-the-energy-war-behind-russia-and-chinas-alliance-n4950373
1293014227	20260307	202603	2026	2026.1836	GOVELI	GOVERNOR						GOV	ELI												0	042	042	04	1	1.9	1	1	1	-8.98692810457518	5	Edo State, Edo, Nigeria	NI	NI37	191281	6.5	6	29623	0								5	Edo State, Edo, Nigeria	NI	NI37	191281	6.5	6	29623	20260307204500	https://www.opinionnigeria.com/afenifere-raises-alarm-over-terror-attacks-in-yorubaland-says-kidnappers-demand-virgins-drugs-as-ransom/
1293014228	20260307	202603	2026	2026.1836	GOVELI	GOVERNOR						GOV	ELI		NGA	NIGERIA	NGA								0	042	042	04	1	1.9	2	1	2	-8.98692810457518	5	Edo State, Edo, Nigeria	NI	NI37	191281	6.5	6	29623	5	Edo State, Edo, Nigeria	NI	NI37	191281	6.5	6	29623	5	Edo State, Edo, Nigeria	NI	NI37	191281	6.5	6	29623	20260307204500	https://www.opinionnigeria.com/afenifere-raises-alarm-over-terror-attacks-in-yorubaland-says-kidnappers-demand-virgins-drugs-as-ransom/
1293014229	20260307	202603	2026	2026.1836	GOVELI	GOVERNOR						GOV	ELI		NGA	NIGERIA	NGA								0	042	042	04	1	1.9	2	1	2	-8.98692810457518	5	Ebonyi State, Ebonyi, Nigeria	NI	NI53	191314	6.25	8.08333	9098617	5	Ebonyi State, Ebonyi, Nigeria	NI	NI53	191314	6.25	8.08333	9098617	5	Ebonyi State, Ebonyi, Nigeria	NI	NI53	191314	6.25	8.08333	9098617	20260307204500	https://www.opinionnigeria.com/afenifere-raises-alarm-over-terror-attacks-in-yorubaland-says-kidnappers-demand-virgins-drugs-as-ransom/
1293014230	20260307	202603	2026	2026.1836	GOVENV	MINIST FOR ENVIRONMENT						GOV	ENV		CVL	VILLAGE						CVL			1	051	051	05	1	3.4	5	1	5	3.52609308885754	5	Nagaland, Nagaland, India	IN	IN20	17807	26	94.25	-2105305	5	Nagaland, Nagaland, India	IN	IN20	17807	26	94.25	-2105305	5	Nagaland, Nagaland, India	IN	IN20	17807	26	94.25	-2105305	20260307204500	https://morungexpress.com/nagaland-celebrates-womens-contributions-and-leadership
1293014231	20260307	202603	2026	2026.1836	GRDGOVMED	BRIAN MC	GRD					GOV	MED		COP	POLICE OFFICER						COP			1	173	173	17	4	-5.0	3	1	3	-5.59284116331096	2	Montana, United States	US	USMT		46.9048	-110.326	MT	2	Montana, United States	US	USMT		46.9048	-110.326	MT	2	Montana, United States	US	USMT		46.9048	-110.326	MT	20260307204500	https://www.hindustantimes.com/world-news/us-news/where-is-brian-mcginnis-now-former-army-officer-raises-questions-after-capitol-arrest-not-been-able-to-speak-to-him-101772900529784.html
1293014232	20260307	202603	2026	2026.1836	GUY	GUYANA	GUY								CAN	CANADA	CAN								1	045	045	04	1	5.0	2	1	2	2.71226415094339	4	Tunapuna, Saint George, Trinidad And Tobago	TD	TD08	27422	10.6524	-61.3888	-1360926	4	Tunapuna, Saint George, Trinidad And Tobago	TD	TD08	27422	10.6524	-61.3888	-1360926	4	Tunapuna, Saint George, Trinidad And Tobago	TD	TD08	27422	10.6524	-61.3888	-1360926	20260307204500	https://eturbonews.com/steelpan-indian-diaspora-cultural-identity/
1293014233	20260307	202603	2026	2026.1836	GUY	GUYANA	GUY								CAN	CANADA	CAN								1	045	045	04	1	5.0	8	1	8	2.71226415094339	1	Guyana	GY	GY		5	-59	GY	1	Canada	CA	CA		60	-96	CA	4	Tunapuna, Saint George, Trinidad And Tobago	TD	TD08	27422	10.6524	-61.3888	-1360926	20260307204500	https://eturbonews.com/steelpan-indian-diaspora-cultural-identity/
1293014234	20260307	202603	2026	2026.1836	GUY	GUYANA	GUY								CAN	CANADA	CAN								1	090	090	09	2	-2.0	2	1	2	2.71226415094339	4	Tunapuna, Saint George, Trinidad And Tobago	TD	TD08	27422	10.6524	-61.3888	-1360926	4	Tunapuna, Saint George, Trinidad And Tobago	TD	TD08	27422	10.6524	-61.3888	-1360926	4	Tunapuna, Saint George, Trinidad And Tobago	TD	TD08	27422	10.6524	-61.3888	-1360926	20260307204500	https://eturbonews.com/steelpan-indian-diaspora-cultural-identity/
1293014235	20260307	202603	2026	2026.1836	GUY	GUYANA	GUY								CAN	CANADA	CAN								1	090	090	09	2	-2.0	8	1	8	2.71226415094339	1	Guyana	GY	GY		5	-59	GY	1	Canada	CA	CA		60	-96	CA	1	Canada	CA	CA		60	-96	CA	20260307204500	https://eturbonews.com/steelpan-indian-diaspora-cultural-identity/
1293014236	20260307	202603	2026	2026.1836	GUY	GUYANA	GUY								TTO	TRINIDAD AND TOBAGO	TTO								1	045	045	04	1	5.0	10	1	10	2.71226415094339	4	Tunapuna, Saint George, Trinidad And Tobago	TD	TD08	27422	10.6524	-61.3888	-1360926	4	Tunapuna, Saint George, Trinidad And Tobago	TD	TD08	27422	10.6524	-61.3888	-1360926	4	Tunapuna, Saint George, Trinidad And Tobago	TD	TD08	27422	10.6524	-61.3888	-1360926	20260307204500	https://eturbonews.com/steelpan-indian-diaspora-cultural-identity/
1293014237	20260307	202603	2026	2026.1836	HIN	HINDU				HIN															0	180	180	18	4	-9.0	5	1	5	-5.13051305130513	1	India	IN	IN		20	77	IN	0								1	India	IN	IN		20	77	IN	20260307204500	https://internationalviewpoint.org/8th-March-and-Revolutionary-Socialism
1293014238	20260307	202603	2026	2026.1836	HLH	SOCIAL WORKER						HLH													1	050	050	05	1	3.5	8	1	8	-1.15473441108545	4	Cachar, Assam, India	IN	IN03	17591	25.0833	92.9167	-2092505	0								4	Cachar, Assam, India	IN	IN03	17591	25.0833	92.9167	-2092505	20260307204500	https://timesofindia.indiatimes.com/city/guwahati/first-citizenship-under-caa-assam-woman-becomes-first-to-receive-citizenship-under-caa-ends-two-year-detention-and-uncertainty-over-her-status/articleshow/129228516.cms
1293014239	20260307	202603	2026	2026.1836	HLH	SOCIAL WORKER						HLH													1	050	050	05	1	3.5	2	1	2	-1.15473441108545	4	Silchar, Assam, India	IN	IN03	17577	24.8167	92.8	-2111317	0								4	Silchar, Assam, India	IN	IN03	17577	24.8167	92.8	-2111317	20260307204500	https://timesofindia.indiatimes.com/city/guwahati/first-citizenship-under-caa-assam-woman-becomes-first-to-receive-citizenship-under-caa-ends-two-year-detention-and-uncertainty-over-her-status/articleshow/129228516.cms
1293014240	20260307	202603	2026	2026.1836	HLH	HOSPITAL						HLH			COP	POLICE						COP			1	193	193	19	4	-10.0	10	1	10	-6.18556701030928	0								0								0								20260307204500	https://www.wdrb.com/news/crime-reports/man-hospitalized-after-being-shot-in-the-highlands-louisville-police-say/article_9f9f4998-707e-478c-83f4-f21b60e4c918.html
1293014241	20260307	202603	2026	2026.1836	IND	NAGALAND	IND																		1	051	051	05	1	3.4	4	1	4	3.52609308885754	5	Nagaland, Nagaland, India	IN	IN20	17807	26	94.25	-2105305	0								5	Nagaland, Nagaland, India	IN	IN20	17807	26	94.25	-2105305	20260307204500	https://morungexpress.com/nagaland-celebrates-womens-contributions-and-leadership
1293014242	20260307	202603	2026	2026.1836	IND	ASSAM	IND																		1	057	057	05	1	8.0	10	1	10	1.1400651465798	4	Palasbari, Assam, India	IN	IN03	17583	26.1361	91.5486	-2106815	0								4	Palasbari, Assam, India	IN	IN03	17583	26.1361	91.5486	-2106815	20260307204500	https://timesofindia.indiatimes.com/city/guwahati/agp-veterans-push-for-poll-tickets-as-seat-sharing-with-bjp-nears-finish-line/articleshow/129228846.cms
1293014243	20260307	202603	2026	2026.1836	IND	NAGALAND	IND																		1	070	070	07	2	7.0	4	1	4	3.52609308885754	5	Nagaland, Nagaland, India	IN	IN20	17807	26	94.25	-2105305	0								5	Nagaland, Nagaland, India	IN	IN20	17807	26	94.25	-2105305	20260307204500	https://morungexpress.com/nagaland-celebrates-womens-contributions-and-leadership
1293014244	20260307	202603	2026	2026.1836	IND	NAGALAND	IND																		0	130	130	13	3	-4.4	6	1	6	3.52609308885754	5	Nagaland, Nagaland, India	IN	IN20	17807	26	94.25	-2105305	0								5	Nagaland, Nagaland, India	IN	IN20	17807	26	94.25	-2105305	20260307204500	https://morungexpress.com/nagaland-celebrates-womens-contributions-and-leadership
1293014245	20260307	202603	2026	2026.1836	IND	UTTARAKHAND	IND								HIN	HINDU				HIN					0	017	017	01	1	0.0	2	1	2	-1.78230426479949	4	Rudrapur, West Bengal, India	IN	IN28	17950	22.6303	88.1753	436802	5	Uttarakhand, Uttaranchal, India	IN	IN39	70282	30.25	79.25	6240779	5	Uttarakhand, Uttaranchal, India	IN	IN39	70282	30.25	79.25	6240779	20260307204500	https://weeklyblitz.net/2026/03/08/indias-muslim-population-a-ticking-time-bomb/
1293014246	20260307	202603	2026	2026.1836	IND	UTTARAKHAND	IND								HIN	HINDU				HIN					0	017	017	01	1	0.0	4	1	4	-1.78230426479949	5	Uttarakhand, Uttaranchal, India	IN	IN39	70282	30.25	79.25	6240779	5	Uttarakhand, Uttaranchal, India	IN	IN39	70282	30.25	79.25	6240779	5	Uttarakhand, Uttaranchal, India	IN	IN39	70282	30.25	79.25	6240779	20260307204500	https://weeklyblitz.net/2026/03/08/indias-muslim-population-a-ticking-time-bomb/
1293014247	20260307	202603	2026	2026.1836	IRN	IRANIAN	IRN																		0	010	010	01	1	0.0	1	1	1	-1.78230426479949	4	Jerusalem, Israel (general), Israel	IS	IS00	18315	31.7667	35.2333	-797092	0								4	Tehran, Tehran, Iran	IR	IR26	41130	35.75	51.5148	10074674	20260307204500	https://weeklyblitz.net/2026/03/08/indias-muslim-population-a-ticking-time-bomb/
1293014248	20260307	202603	2026	2026.1836	IRN	IRANIAN	IRN																		0	012	012	01	1	-0.4	2	1	2	-3.97058823529411	4	Moscow, Moskva, Russia	RS	RS48	25106	55.7522	37.6156	-2960561	0								4	Shahed, Fars, Iran	IR	IR07	25307	28.5934	52.2295	-3083999	20260307204500	https://time.com/7383068/iran-war-russia-oil/
1293014249	20260307	202603	2026	2026.1836	IRN	IRANIAN	IRN																		0	012	012	01	1	-0.4	8	1	8	-3.97058823529411	4	Shahed, Fars, Iran	IR	IR07	25307	28.5934	52.2295	-3083999	0								4	Shahed, Fars, Iran	IR	IR07	25307	28.5934	52.2295	-3083999	20260307204500	https://time.com/7383068/iran-war-russia-oil/
1293014250	20260307	202603	2026	2026.1836	IRN	IRAN	IRN																		1	055	055	05	1	7.0	10	1	10	-5.14705882352942	4	Hezbollah, Kerman, Iran	IR	IR29	40994	29.8628	56.8848	10496676	0								4	Hezbollah, Kerman, Iran	IR	IR29	40994	29.8628	56.8848	10496676	20260307204500	https://www.staradvertiser.com/2026/03/07/breaking-news/iran-apologizes-to-gulf-neighbors-but-war-still-rages-across-region/
1293014251	20260307	202603	2026	2026.1836	IRN	IRANIAN	IRN																		0	193	193	19	4	-10.0	1	1	1	-3.35570469798658	4	Tel Aviv, Tel Aviv, Israel	IS	IS05	18316	32.0667	34.7667	-781545	0								4	Tehran, Tehran, Iran	IR	IR26	41130	35.75	51.5148	10074674	20260307204500	https://www.aol.co.uk/articles/trump-must-now-see-job-201140525.html
1293014252	20260307	202603	2026	2026.1836	IRN	IRAN	IRN								ARE	UNITED ARAB EMIRATES	ARE								0	190	190	19	4	-10.0	2	1	2	-4.63576158940398	4	Qeshm, Kordestan, Iran	IR	IR16	41068	35.4421	47.3506	-3080448	4	Qeshm, Kordestan, Iran	IR	IR16	41068	35.4421	47.3506	-3080448	4	Qeshm, Kordestan, Iran	IR	IR16	41068	35.4421	47.3506	-3080448	20260307204500	https://www.aljazeera.com/news/2026/3/7/uae-president-says-prepared-to-confront-threats-as-iran-attacks-continue
1293014253	20260307	202603	2026	2026.1836	IRN	IRAN	IRN								ARE	UNITED ARAB EMIRATES	ARE								0	190	190	19	4	-10.0	2	1	2	-4.63576158940398	4	Qeshm, Kordestan, Iran	IR	IR16	41068	35.4421	47.3506	-3080448	4	Dhafra, Abu Z¸aby, United Arab Emirates	AE	AE01	28568	23.4167	53.4167	-782073	4	Dhafra, Abu Z¸aby, United Arab Emirates	AE	AE01	28568	23.4167	53.4167	-782073	20260307204500	https://www.aljazeera.com/news/2026/3/7/uae-president-says-prepared-to-confront-threats-as-iran-attacks-continue
1293014254	20260307	202603	2026	2026.1836	IRN	IRAN	IRN								BHR	BAHRAIN	BHR								1	190	190	19	4	-10.0	1	1	1	-5.8128078817734	4	Tehran, Tehran, Iran	IR	IR26	41130	35.75	51.5148	10074674	1	Bahrain	BA	BA		26	50.5	BA	1	Bahrain	BA	BA		26	50.5	BA	20260307204500	https://www.manilatimes.net/2026/03/08/world/iran-fires-at-gulf-neighbors-as-trump-threatens-more-strikes/2295382
1293014255	20260307	202603	2026	2026.1836	IRN	IRAN	IRN								BUS	BUSINESS						BUS			1	010	010	01	1	0.0	2	1	2	-3.90859891761876	4	Tehran, Tehran, Iran	IR	IR26	41130	35.75	51.5148	10074674	3	Washington, District of Columbia, United States	US	USDC	DC001	38.8951	-77.0364	531871	4	Tehran, Tehran, Iran	IR	IR26	41130	35.75	51.5148	10074674	20260307204500	https://www.dailymail.co.uk/news/article-15623775/Treasury-Secretary-Scott-Bessent-largest-bombing-Iran-factories-missiles.html
1293014256	20260307	202603	2026	2026.1836	IRN	IRAN	IRN								CAN	CANADIAN	CAN								0	190	190	19	4	-10.0	1	1	1	-4.41696113074205	4	Toronto, Ontario, Canada	CA	CA08	12686	43.6667	-79.4167	-574890	4	Toronto, Ontario, Canada	CA	CA08	12686	43.6667	-79.4167	-574890	4	Toronto, Ontario, Canada	CA	CA08	12686	43.6667	-79.4167	-574890	20260307204500	https://www.edmontonexaminer.com:443/opinion/columnists/carneys-flip-flopping-stance-iran-war-hurts-canadas-reputation/wcm/aa3de992-3e64-4706-8331-0cc22525d27b
1293014257	20260307	202603	2026	2026.1836	IRN	IRAN	IRN								CAN	CANADIAN	CAN								0	190	190	19	4	-10.0	1	1	1	-4.41696113074205	1	Iran	IR	IR		32	53	IR	4	Toronto, Ontario, Canada	CA	CA08	12686	43.6667	-79.4167	-574890	4	Toronto, Ontario, Canada	CA	CA08	12686	43.6667	-79.4167	-574890	20260307204500	https://www.edmontonexaminer.com:443/opinion/columnists/carneys-flip-flopping-stance-iran-war-hurts-canadas-reputation/wcm/aa3de992-3e64-4706-8331-0cc22525d27b
1293014258	20260307	202603	2026	2026.1836	IRN	IRAN	IRN								CAN	CANADIAN	CAN								0	193	193	19	4	-10.0	7	1	7	-4.41696113074205	1	Iran	IR	IR		32	53	IR	4	Toronto, Ontario, Canada	CA	CA08	12686	43.6667	-79.4167	-574890	4	Toronto, Ontario, Canada	CA	CA08	12686	43.6667	-79.4167	-574890	20260307204500	https://www.edmontonexaminer.com:443/opinion/columnists/carneys-flip-flopping-stance-iran-war-hurts-canadas-reputation/wcm/aa3de992-3e64-4706-8331-0cc22525d27b
1293014259	20260307	202603	2026	2026.1836	IRN	IRAN	IRN								CAN	CANADIAN	CAN								0	193	193	19	4	-10.0	1	1	1	-4.41696113074205	1	Iran	IR	IR		32	53	IR	4	Toronto, Ontario, Canada	CA	CA08	12686	43.6667	-79.4167	-574890	1	Iran	IR	IR		32	53	IR	20260307204500	https://www.edmontonexaminer.com:443/opinion/columnists/carneys-flip-flopping-stance-iran-war-hurts-canadas-reputation/wcm/aa3de992-3e64-4706-8331-0cc22525d27b
1293014260	20260307	202603	2026	2026.1836	IRN	TEHRAN	IRN								GBR	UNITED KINGDOM	GBR								0	161	161	16	4	-4.0	1	1	1	-1.50602409638554	4	Tehran, Tehran, Iran	IR	IR26	41130	35.75	51.5148	10074674	4	London, London, City of, United Kingdom	UK	UKH9	40110	51.5	-0.116667	-2601889	4	Tehran, Tehran, Iran	IR	IR26	41130	35.75	51.5148	10074674	20260307204500	https://www.ncr-iran.org/en/news/iran-resistance/baroness-oloan-institutionalized-female-leadership-is-the-backbone-of-irans-resistance/
1293014261	20260307	202603	2026	2026.1836	IRN	TEHRAN	IRN								GBR	UNITED KINGDOM	GBR								0	161	161	16	4	-4.0	1	1	1	-1.50602409638554	4	Tehran, Tehran, Iran	IR	IR26	41130	35.75	51.5148	10074674	4	Tehran, Tehran, Iran	IR	IR26	41130	35.75	51.5148	10074674	4	Tehran, Tehran, Iran	IR	IR26	41130	35.75	51.5148	10074674	20260307204500	https://www.ncr-iran.org/en/news/iran-resistance/baroness-oloan-institutionalized-female-leadership-is-the-backbone-of-irans-resistance/
1293014262	20260307	202603	2026	2026.1836	IRN	TEHRAN	IRN								GBRGOV	LONDON	GBR					GOV			0	161	161	16	4	-4.0	7	1	7	-1.50602409638554	4	Tehran, Tehran, Iran	IR	IR26	41130	35.75	51.5148	10074674	4	London, London, City of, United Kingdom	UK	UKH9	40110	51.5	-0.116667	-2601889	4	Tehran, Tehran, Iran	IR	IR26	41130	35.75	51.5148	10074674	20260307204500	https://www.ncr-iran.org/en/news/iran-resistance/baroness-oloan-institutionalized-female-leadership-is-the-backbone-of-irans-resistance/
1293014263	20260307	202603	2026	2026.1836	IRN	TEHRAN	IRN								GBRGOV	LONDON	GBR					GOV			0	161	161	16	4	-4.0	1	1	1	-1.50602409638554	4	Tehran, Tehran, Iran	IR	IR26	41130	35.75	51.5148	10074674	4	Tehran, Tehran, Iran	IR	IR26	41130	35.75	51.5148	10074674	4	Tehran, Tehran, Iran	IR	IR26	41130	35.75	51.5148	10074674	20260307204500	https://www.ncr-iran.org/en/news/iran-resistance/baroness-oloan-institutionalized-female-leadership-is-the-backbone-of-irans-resistance/
1293014264	20260307	202603	2026	2026.1836	IRN	IRANIAN	IRN								GOV	GOVERNMENT						GOV			1	084	084	08	2	7.0	1	1	1	-3.68873168266802	4	Tehran, Tehran, Iran	IR	IR26	41130	35.75	51.5148	10074674	4	Tehran, Tehran, Iran	IR	IR26	41130	35.75	51.5148	10074674	4	Tehran, Tehran, Iran	IR	IR26	41130	35.75	51.5148	10074674	20260307204500	https://pjmedia.com/david-manney/2026/03/07/iran-war-reveals-the-energy-war-behind-russia-and-chinas-alliance-n4950373
1293014265	20260307	202603	2026	2026.1836	IRN	IRANIAN	IRN								GOV	GOVERNMENT						GOV			1	084	084	08	2	7.0	2	1	2	-3.68873168266802	4	Tehran, Tehran, Iran	IR	IR26	41130	35.75	51.5148	10074674	2	New York, United States	US	USNY		42.1497	-74.9384	NY	4	Tehran, Tehran, Iran	IR	IR26	41130	35.75	51.5148	10074674	20260307204500	https://pjmedia.com/david-manney/2026/03/07/iran-war-reveals-the-energy-war-behind-russia-and-chinas-alliance-n4950373
1293014266	20260307	202603	2026	2026.1836	IRN	IRANIAN	IRN								IRNGOV	IRAN	IRN					GOV			0	020	020	02	1	3.0	1	1	1	-4.03361344537815	4	Tel Aviv, Tel Aviv, Israel	IS	IS05	18316	32.0667	34.7667	-781545	4	Tehran, Tehran, Iran	IR	IR26	41130	35.75	51.5148	10074674	4	Tehran, Tehran, Iran	IR	IR26	41130	35.75	51.5148	10074674	20260307204500	https://www.wusa9.com/article/news/nation-world/attack-on-iran/iran-us-israel-attack-missiles-drones-strikes/507-7206fa4b-38d7-4b56-9119-20b89c0e8e3e
1293014267	20260307	202603	2026	2026.1836	IRN	IRANIAN	IRN								IRNGOV	IRAN	IRN					GOV			0	110	110	11	3	-2.0	1	1	1	-4.03361344537815	4	Tel Aviv, Tel Aviv, Israel	IS	IS05	18316	32.0667	34.7667	-781545	4	Tehran, Tehran, Iran	IR	IR26	41130	35.75	51.5148	10074674	2	Florida, United States	US	USFL		27.8333	-81.717	FL	20260307204500	https://www.wusa9.com/article/news/nation-world/attack-on-iran/iran-us-israel-attack-missiles-drones-strikes/507-7206fa4b-38d7-4b56-9119-20b89c0e8e3e
1293014268	20260307	202603	2026	2026.1836	IRN	IRANIAN	IRN								IRNGOV	IRAN	IRN					GOV			0	114	114	11	3	-2.0	2	1	2	-1.78230426479949	4	Tehran, Tehran, Iran	IR	IR26	41130	35.75	51.5148	10074674	4	Tehran, Tehran, Iran	IR	IR26	41130	35.75	51.5148	10074674	4	Tehran, Tehran, Iran	IR	IR26	41130	35.75	51.5148	10074674	20260307204500	https://weeklyblitz.net/2026/03/08/indias-muslim-population-a-ticking-time-bomb/
1293014269	20260307	202603	2026	2026.1836	IRN	IRAN	IRN								IRNGOV	AYATOLLAH KHAMENEI	IRN					GOV			0	193	193	19	4	-10.0	1	1	1	0	4	London, London, City of, United Kingdom	UK	UKH9	40110	51.5	-0.116667	-2601889	4	London, London, City of, United Kingdom	UK	UKH9	40110	51.5	-0.116667	-2601889	4	London, London, City of, United Kingdom	UK	UKH9	40110	51.5	-0.116667	-2601889	20260307204500	https://www.ncr-iran.org/en/news/iran-resistance/mp-bob-blackman-the-choice-for-iran-is-not-chaos-but-a-transition-from-dictatorship-to-democracy/
1293014270	20260307	202603	2026	2026.1836	IRN	IRANIAN	IRN								IRNREL	IRAN	IRN								0	010	010	01	1	0.0	1	1	1	-1.78230426479949	4	Jerusalem, Israel (general), Israel	IS	IS00	18315	31.7667	35.2333	-797092	4	Jerusalem, Israel (general), Israel	IS	IS00	18315	31.7667	35.2333	-797092	4	Tehran, Tehran, Iran	IR	IR26	41130	35.75	51.5148	10074674	20260307204500	https://weeklyblitz.net/2026/03/08/indias-muslim-population-a-ticking-time-bomb/
1293014271	20260307	202603	2026	2026.1836	IRN	IRANIAN	IRN								IRNREL	IRAN	IRN								0	010	010	01	1	0.0	1	1	1	-1.78230426479949	4	Tehran, Tehran, Iran	IR	IR26	41130	35.75	51.5148	10074674	4	Tehran, Tehran, Iran	IR	IR26	41130	35.75	51.5148	10074674	4	Tehran, Tehran, Iran	IR	IR26	41130	35.75	51.5148	10074674	20260307204500	https://weeklyblitz.net/2026/03/08/indias-muslim-population-a-ticking-time-bomb/
1293014272	20260307	202603	2026	2026.1836	IRN	IRANIAN	IRN								ISR	HAIFA	ISR								1	130	130	13	3	-4.4	2	1	2	-3.95480225988701	4	Tehran, Tehran, Iran	IR	IR26	41130	35.75	51.5148	10074674	1	Israel	IS	IS		31.5	34.75	IS	1	Israel	IS	IS		31.5	34.75	IS	20260307204500	https://www.jpost.com/israel-news/defense-news/article-889166
1293014273	20260307	202603	2026	2026.1836	IRN	IRAN	IRN								ISR	ISRAEL	ISR								1	190	190	19	4	-10.0	2	1	2	-5.8128078817734	4	Moscow, Moskva, Russia	RS	RS48	25106	55.7522	37.6156	-2960561	4	Jerusalem, Israel (general), Israel	IS	IS00	18315	31.7667	35.2333	-797092	4	Moscow, Moskva, Russia	RS	RS48	25106	55.7522	37.6156	-2960561	20260307204500	https://www.manilatimes.net/2026/03/08/world/iran-fires-at-gulf-neighbors-as-trump-threatens-more-strikes/2295382
1293014274	20260307	202603	2026	2026.1836	IRN	IRANIAN	IRN								ISR	ISRAELI	ISR								0	190	190	19	4	-10.0	1	1	1	-4.03361344537815	4	Dubai, Dubayy, United Arab Emirates	AE	AE03	28575	25.2522	55.28	-782831	4	Tel Aviv, Tel Aviv, Israel	IS	IS05	18316	32.0667	34.7667	-781545	4	Dubai, Dubayy, United Arab Emirates	AE	AE03	28575	25.2522	55.28	-782831	20260307204500	https://www.wusa9.com/article/news/nation-world/attack-on-iran/iran-us-israel-attack-missiles-drones-strikes/507-7206fa4b-38d7-4b56-9119-20b89c0e8e3e
1293014275	20260307	202603	2026	2026.1836	IRN	IRAN	IRN								ISR	ISRAEL	ISR								1	190	190	19	4	-10.0	2	1	2	-5.8128078817734	4	Jerusalem, Israel (general), Israel	IS	IS00	18315	31.7667	35.2333	-797092	4	Jerusalem, Israel (general), Israel	IS	IS00	18315	31.7667	35.2333	-797092	4	Jerusalem, Israel (general), Israel	IS	IS00	18315	31.7667	35.2333	-797092	20260307204500	https://www.manilatimes.net/2026/03/08/world/iran-fires-at-gulf-neighbors-as-trump-threatens-more-strikes/2295382
1293014276	20260307	202603	2026	2026.1836	IRN	TEHRAN	IRN								ISR	ISRAEL	ISR								0	195	195	19	4	-10.0	2	1	2	-5.8128078817734	4	Jerusalem, Israel (general), Israel	IS	IS00	18315	31.7667	35.2333	-797092	4	Tehran, Tehran, Iran	IR	IR26	41130	35.75	51.5148	10074674	4	Tehran, Tehran, Iran	IR	IR26	41130	35.75	51.5148	10074674	20260307204500	https://www.manilatimes.net/2026/03/08/world/iran-fires-at-gulf-neighbors-as-trump-threatens-more-strikes/2295382
1293014277	20260307	202603	2026	2026.1836	IRN	TEHRAN	IRN								ISR	ISRAEL	ISR								0	195	195	19	4	-10.0	8	1	8	-5.8128078817734	4	Tehran, Tehran, Iran	IR	IR26	41130	35.75	51.5148	10074674	4	Jerusalem, Israel (general), Israel	IS	IS00	18315	31.7667	35.2333	-797092	4	Jerusalem, Israel (general), Israel	IS	IS00	18315	31.7667	35.2333	-797092	20260307204500	https://www.manilatimes.net/2026/03/08/world/iran-fires-at-gulf-neighbors-as-trump-threatens-more-strikes/2295382
1293014278	20260307	202603	2026	2026.1836	IRN	IRAN	IRN								ISRMIL	ISRAEL	ISR					MIL			1	050	050	05	1	3.5	8	1	8	-3.90859891761876	3	Washington, District of Columbia, United States	US	USDC	DC001	38.8951	-77.0364	531871	3	Washington, District of Columbia, United States	US	USDC	DC001	38.8951	-77.0364	531871	3	Washington, District of Columbia, United States	US	USDC	DC001	38.8951	-77.0364	531871	20260307204500	https://www.dailymail.co.uk/news/article-15623775/Treasury-Secretary-Scott-Bessent-largest-bombing-Iran-factories-missiles.html
1293014279	20260307	202603	2026	2026.1836	IRN	IRANIAN	IRN								LKA	SRI LANKA	LKA								1	073	073	07	2	7.4	16	2	16	-1.73913043478261	4	Bushehr, Bushehr, Iran	IR	IR22	25307	28.9684	50.8385	-3057164	4	Colombo, Western, Sri Lanka	CE	CE36	25852	6.93194	79.8478	-2214877	4	Bushehr, Bushehr, Iran	IR	IR22	25307	28.9684	50.8385	-3057164	20260307204500	https://www.lebanondemocrat.com/hartsville/news/national/sri-lanka-to-treat-iranian-sailors-according-to-international-law/article_49aaebb6-91dc-52b7-b5ce-9157f6743e0d.html
1293014280	20260307	202603	2026	2026.1836	IRN	IRANIAN	IRN								MED	MEDIA						MED			0	071	071	07	2	7.4	2	1	2	-1.78230426479949	4	Tehran, Tehran, Iran	IR	IR26	41130	35.75	51.5148	10074674	4	Tehran, Tehran, Iran	IR	IR26	41130	35.75	51.5148	10074674	4	Tehran, Tehran, Iran	IR	IR26	41130	35.75	51.5148	10074674	20260307204500	https://weeklyblitz.net/2026/03/08/indias-muslim-population-a-ticking-time-bomb/
1293014281	20260307	202603	2026	2026.1836	IRN	IRANIAN	IRN								MIL	MILITARY BASE						MIL			0	0332	033	03	1	5.2	2	1	2	-4.63576158940398	4	As Iran, Az¯arbayjan-e Sharqi, Iran	IR	IR33	40986	39.0251	47.0697	-3816384	4	As Iran, Az¯arbayjan-e Sharqi, Iran	IR	IR33	40986	39.0251	47.0697	-3816384	4	As Iran, Az¯arbayjan-e Sharqi, Iran	IR	IR33	40986	39.0251	47.0697	-3816384	20260307204500	https://www.aljazeera.com/news/2026/3/7/uae-president-says-prepared-to-confront-threats-as-iran-attacks-continue
1293014282	20260307	202603	2026	2026.1836	IRN	IRANIAN	IRN								MIL	MILITARY BASE						MIL			0	0332	033	03	1	5.2	2	1	2	-4.63576158940398	4	As Iran, Az¯arbayjan-e Sharqi, Iran	IR	IR33	40986	39.0251	47.0697	-3816384	4	As Iran, Az¯arbayjan-e Sharqi, Iran	IR	IR33	40986	39.0251	47.0697	-3816384	1	Israel	IS	IS		31.5	34.75	IS	20260307204500	https://www.aljazeera.com/news/2026/3/7/uae-president-says-prepared-to-confront-threats-as-iran-attacks-continue
1293014283	20260307	202603	2026	2026.1836	IRN	IRAN	IRN								MIL	NAVAL						MIL			0	040	040	04	1	1.0	1	1	1	-3.90859891761876	4	Tehran, Tehran, Iran	IR	IR26	41130	35.75	51.5148	10074674	3	Washington, District of Columbia, United States	US	USDC	DC001	38.8951	-77.0364	531871	4	Tehran, Tehran, Iran	IR	IR26	41130	35.75	51.5148	10074674	20260307204500	https://www.dailymail.co.uk/news/article-15623775/Treasury-Secretary-Scott-Bessent-largest-bombing-Iran-factories-missiles.html
1293014284	20260307	202603	2026	2026.1836	IRN	IRAN	IRN								MIL	NAVAL						MIL			0	040	040	04	1	1.0	1	1	1	-3.90859891761876	4	Tehran, Tehran, Iran	IR	IR26	41130	35.75	51.5148	10074674	1	Israel	IS	IS		31.5	34.75	IS	4	Tehran, Tehran, Iran	IR	IR26	41130	35.75	51.5148	10074674	20260307204500	https://www.dailymail.co.uk/news/article-15623775/Treasury-Secretary-Scott-Bessent-largest-bombing-Iran-factories-missiles.html
1293014285	20260307	202603	2026	2026.1836	IRN	IRAN	IRN								MIL	AIR FORCE						MIL			1	046	046	04	1	7.0	2	1	2	-1.52477763659466	1	Yemen	YM	YM		15.5	47.5	YM	1	Syria	SY	SY		35	38	SY	1	Syria	SY	SY		35	38	SY	20260307204500	https://www.hindustantimes.com/world-news/us-news/trump-to-join-grieving-families-at-dover-air-force-base-for-return-of-soldiers-killed-in-iran-war-who-were-they-101772903902315.html
1293014286	20260307	202603	2026	2026.1836	IRN	IRANIAN	IRN								MIL	MILITARY						MIL			1	190	190	19	4	-10.0	3	1	3	-4.22535211267606	3	Washington, District of Columbia, United States	US	USDC	DC001	38.8951	-77.0364	531871	3	Washington, District of Columbia, United States	US	USDC	DC001	38.8951	-77.0364	531871	3	Washington, District of Columbia, United States	US	USDC	DC001	38.8951	-77.0364	531871	20260307204500	https://www.dailymail.co.uk/news/article-15623839/staggering-cost-iran-war-taxpayers-america.html
1293014287	20260307	202603	2026	2026.1836	IRN	IRANIAN	IRN								MIL	MILITARY						MIL			1	190	190	19	4	-10.0	1	1	1	-4.22535211267606	2	Delaware, United States	US	USDE		39.3498	-75.5148	DE	2	Delaware, United States	US	USDE		39.3498	-75.5148	DE	2	Delaware, United States	US	USDE		39.3498	-75.5148	DE	20260307204500	https://www.dailymail.co.uk/news/article-15623839/staggering-cost-iran-war-taxpayers-america.html
1293014288	20260307	202603	2026	2026.1836	IRN	IRANIAN	IRN								MIL	MILITARY						MIL			1	190	190	19	4	-10.0	1	1	1	-4.22535211267606	2	Delaware, United States	US	USDE		39.3498	-75.5148	DE	1	Iraq	IZ	IZ		33	44	IZ	1	Iraq	IZ	IZ		33	44	IZ	20260307204500	https://www.dailymail.co.uk/news/article-15623839/staggering-cost-iran-war-taxpayers-america.html
1293014289	20260307	202603	2026	2026.1836	IRN	IRAN	IRN								MOS	MULLAH				MOS					0	051	051	05	1	3.4	14	2	14	-0.509229789942711	4	Tehran, Tehran, Iran	IR	IR26	41130	35.75	51.5148	10074674	4	Tehran, Tehran, Iran	IR	IR26	41130	35.75	51.5148	10074674	4	Tehran, Tehran, Iran	IR	IR26	41130	35.75	51.5148	10074674	20260307204500	https://www.ncr-iran.org/en/news/iran-resistance/mp-bob-blackman-the-choice-for-iran-is-not-chaos-but-a-transition-from-dictatorship-to-democracy/
1293014290	20260307	202603	2026	2026.1836	IRN	IRANIAN	IRN								MOS	ISLAMIC				MOS					1	190	190	19	4	-10.0	1	1	1	-3.95480225988701	1	Israel	IS	IS		31.5	34.75	IS	4	Tehran, Tehran, Iran	IR	IR26	41130	35.75	51.5148	10074674	1	Israel	IS	IS		31.5	34.75	IS	20260307204500	https://www.jpost.com/israel-news/defense-news/article-889166
1293014291	20260307	202603	2026	2026.1836	IRN	IRANIAN	IRN								MOS	ISLAMIC				MOS					1	190	190	19	4	-10.0	1	1	1	-3.95480225988701	1	Israel	IS	IS		31.5	34.75	IS	1	Israel	IS	IS		31.5	34.75	IS	1	Israel	IS	IS		31.5	34.75	IS	20260307204500	https://www.jpost.com/israel-news/defense-news/article-889166
1293014292	20260307	202603	2026	2026.1836	IRN	IRAN	IRN								QATMED	AL JAZEERA	QAT					MED			0	010	010	01	1	0.0	2	1	2	-4.63576158940398	4	Qeshm, Kordestan, Iran	IR	IR16	41068	35.4421	47.3506	-3080448	4	Qeshm, Kordestan, Iran	IR	IR16	41068	35.4421	47.3506	-3080448	4	Qeshm, Kordestan, Iran	IR	IR16	41068	35.4421	47.3506	-3080448	20260307204500	https://www.aljazeera.com/news/2026/3/7/uae-president-says-prepared-to-confront-threats-as-iran-attacks-continue
1293014293	20260307	202603	2026	2026.1836	IRN	IRAN	IRN								TURMED	ISTANBUL	TUR					MED			1	010	010	01	1	0.0	3	1	3	-8.23529411764706	4	Tehran, Tehran, Iran	IR	IR26	41130	35.75	51.5148	10074674	4	Istanbul, Istanbul, Turkey	TU	TU34	27897	41.0186	28.9647	-755070	4	Istanbul, Istanbul, Turkey	TU	TU34	27897	41.0186	28.9647	-755070	20260307204500	https://www.hindustantimes.com/world-news/us-news/turkey-warns-over-dangerous-bid-to-stir-civil-war-in-iran-101772912062865.html
1293014294	20260307	202603	2026	2026.1836	IRN	IRAN	IRN								TURMED	ISTANBUL	TUR					MED			1	013	013	01	1	0.4	2	1	2	-8.23529411764706	4	Tehran, Tehran, Iran	IR	IR26	41130	35.75	51.5148	10074674	4	Istanbul, Istanbul, Turkey	TU	TU34	27897	41.0186	28.9647	-755070	4	Istanbul, Istanbul, Turkey	TU	TU34	27897	41.0186	28.9647	-755070	20260307204500	https://www.hindustantimes.com/world-news/us-news/turkey-warns-over-dangerous-bid-to-stir-civil-war-in-iran-101772912062865.html
1293014295	20260307	202603	2026	2026.1836	IRN	IRAN	IRN								TURMED	ISTANBUL	TUR					MED			1	013	013	01	1	0.4	2	1	2	-8.23529411764706	4	Tehran, Tehran, Iran	IR	IR26	41130	35.75	51.5148	10074674	4	Tehran, Tehran, Iran	IR	IR26	41130	35.75	51.5148	10074674	4	Tehran, Tehran, Iran	IR	IR26	41130	35.75	51.5148	10074674	20260307204500	https://www.hindustantimes.com/world-news/us-news/turkey-warns-over-dangerous-bid-to-stir-civil-war-in-iran-101772912062865.html
1293014296	20260307	202603	2026	2026.1836	IRN	IRANIAN	IRN								UAF	FIGHTER						UAF			0	190	190	19	4	-10.0	2	1	2	-4.03361344537815	4	Tehran, Tehran, Iran	IR	IR26	41130	35.75	51.5148	10074674	4	Tel Aviv, Tel Aviv, Israel	IS	IS05	18316	32.0667	34.7667	-781545	4	Tel Aviv, Tel Aviv, Israel	IS	IS05	18316	32.0667	34.7667	-781545	20260307204500	https://www.wusa9.com/article/news/nation-world/attack-on-iran/iran-us-israel-attack-missiles-drones-strikes/507-7206fa4b-38d7-4b56-9119-20b89c0e8e3e
1293014297	20260307	202603	2026	2026.1836	IRN	IRAN	IRN								UAF	FIGHTER						UAF			0	190	190	19	4	-10.0	1	1	1	-4.03361344537815	4	Tehran, Tehran, Iran	IR	IR26	41130	35.75	51.5148	10074674	4	Tehran, Tehran, Iran	IR	IR26	41130	35.75	51.5148	10074674	4	Tel Aviv, Tel Aviv, Israel	IS	IS05	18316	32.0667	34.7667	-781545	20260307204500	https://www.wusa9.com/article/news/nation-world/attack-on-iran/iran-us-israel-attack-missiles-drones-strikes/507-7206fa4b-38d7-4b56-9119-20b89c0e8e3e
1293014298	20260307	202603	2026	2026.1836	IRN	IRAN	IRN								UKR	UKRAINE	UKR								0	193	193	19	4	-10.0	1	1	1	-4.41696113074205	4	Toronto, Ontario, Canada	CA	CA08	12686	43.6667	-79.4167	-574890	4	Toronto, Ontario, Canada	CA	CA08	12686	43.6667	-79.4167	-574890	4	Toronto, Ontario, Canada	CA	CA08	12686	43.6667	-79.4167	-574890	20260307204500	https://www.edmontonexaminer.com:443/opinion/columnists/carneys-flip-flopping-stance-iran-war-hurts-canadas-reputation/wcm/aa3de992-3e64-4706-8331-0cc22525d27b
1293014299	20260307	202603	2026	2026.1836	IRN	IRAN	IRN								UKR	UKRAINE	UKR								0	193	193	19	4	-10.0	4	1	4	-4.41696113074205	1	Iran	IR	IR		32	53	IR	1	Ukraine	UP	UP		49	32	UP	1	Iran	IR	IR		32	53	IR	20260307204500	https://www.edmontonexaminer.com:443/opinion/columnists/carneys-flip-flopping-stance-iran-war-hurts-canadas-reputation/wcm/aa3de992-3e64-4706-8331-0cc22525d27b
1293014300	20260307	202603	2026	2026.1836	IRN	IRAN	IRN								USA	AMERICAN	USA								1	016	016	01	1	-2.0	4	1	4	-8.23529411764706	4	Tehran, Tehran, Iran	IR	IR26	41130	35.75	51.5148	10074674	3	Washington, District of Columbia, United States	US	USDC	DC001	38.8951	-77.0364	531871	3	Washington, District of Columbia, United States	US	USDC	DC001	38.8951	-77.0364	531871	20260307204500	https://www.hindustantimes.com/world-news/us-news/turkey-warns-over-dangerous-bid-to-stir-civil-war-in-iran-101772912062865.html
1293014301	20260307	202603	2026	2026.1836	IRN	IRAN	IRN								USA	UNITED STATES	USA								1	046	046	04	1	7.0	4	1	4	-1.52477763659466	1	Yemen	YM	YM		15.5	47.5	YM	1	Syria	SY	SY		35	38	SY	1	Syria	SY	SY		35	38	SY	20260307204500	https://www.hindustantimes.com/world-news/us-news/trump-to-join-grieving-families-at-dover-air-force-base-for-return-of-soldiers-killed-in-iran-war-who-were-they-101772903902315.html
1293014302	20260307	202603	2026	2026.1836	IRN	IRAN	IRN								USA	UNITED STATES	USA								1	190	190	19	4	-10.0	4	1	4	-1.52477763659466	1	Iran	IR	IR		32	53	IR	3	Dover Air Force Base, Delaware, United States	US	USDE		39.128	-75.4655	2512167	1	Iran	IR	IR		32	53	IR	20260307204500	https://www.hindustantimes.com/world-news/us-news/trump-to-join-grieving-families-at-dover-air-force-base-for-return-of-soldiers-killed-in-iran-war-who-were-they-101772903902315.html
1293014303	20260307	202603	2026	2026.1836	IRNGOV	IRANIAN	IRN					GOV			IRN	IRANIAN	IRN								0	0332	033	03	1	5.2	6	1	6	-4.63576158940398	4	As Iran, Az¯arbayjan-e Sharqi, Iran	IR	IR33	40986	39.0251	47.0697	-3816384	4	As Iran, Az¯arbayjan-e Sharqi, Iran	IR	IR33	40986	39.0251	47.0697	-3816384	4	As Iran, Az¯arbayjan-e Sharqi, Iran	IR	IR33	40986	39.0251	47.0697	-3816384	20260307204500	https://www.aljazeera.com/news/2026/3/7/uae-president-says-prepared-to-confront-threats-as-iran-attacks-continue
1293014304	20260307	202603	2026	2026.1836	IRNGOV	IRANIAN	IRN					GOV			IRN	TEHRAN	IRN								1	084	084	08	2	7.0	6	1	6	-3.68873168266802	4	Tehran, Tehran, Iran	IR	IR26	41130	35.75	51.5148	10074674	4	Tehran, Tehran, Iran	IR	IR26	41130	35.75	51.5148	10074674	4	Tehran, Tehran, Iran	IR	IR26	41130	35.75	51.5148	10074674	20260307204500	https://pjmedia.com/david-manney/2026/03/07/iran-war-reveals-the-energy-war-behind-russia-and-chinas-alliance-n4950373
1293014305	20260307	202603	2026	2026.1836	IRNGOV	IRAN	IRN					GOV			IRN	IRAN	IRN								1	130	130	13	3	-4.4	2	1	2	-4.03361344537815	4	Beirut, Beyrouth, Lebanon	LE	LE04	18808	33.8719	35.5097	-801546	4	Beirut, Beyrouth, Lebanon	LE	LE04	18808	33.8719	35.5097	-801546	4	Beirut, Beyrouth, Lebanon	LE	LE04	18808	33.8719	35.5097	-801546	20260307204500	https://www.wusa9.com/article/news/nation-world/attack-on-iran/iran-us-israel-attack-missiles-drones-strikes/507-7206fa4b-38d7-4b56-9119-20b89c0e8e3e
1293014306	20260307	202603	2026	2026.1836	IRNGOV	IRAN	IRN					GOV			MIL	MILITARY BASE						MIL			0	043	043	04	1	2.8	1	1	1	-5.8128078817734	4	Tehran, Tehran, Iran	IR	IR26	41130	35.75	51.5148	10074674	4	Tehran, Tehran, Iran	IR	IR26	41130	35.75	51.5148	10074674	4	Tehran, Tehran, Iran	IR	IR26	41130	35.75	51.5148	10074674	20260307204500	https://www.manilatimes.net/2026/03/08/world/iran-fires-at-gulf-neighbors-as-trump-threatens-more-strikes/2295382
1293014307	20260307	202603	2026	2026.1836	IRNGOV	IRANIAN	IRN					GOV			MOS	MUSLIM				MOS					0	051	051	05	1	3.4	6	1	6	-1.78230426479949	4	Tehran, Tehran, Iran	IR	IR26	41130	35.75	51.5148	10074674	4	Tehran, Tehran, Iran	IR	IR26	41130	35.75	51.5148	10074674	4	Tehran, Tehran, Iran	IR	IR26	41130	35.75	51.5148	10074674	20260307204500	https://weeklyblitz.net/2026/03/08/indias-muslim-population-a-ticking-time-bomb/
1293014308	20260307	202603	2026	2026.1836	IRNGOVMIL	IRAN	IRN					GOV	MIL		USA	THE US	USA								0	012	012	01	1	-0.4	2	1	2	-5.8128078817734	4	Tehran, Tehran, Iran	IR	IR26	41130	35.75	51.5148	10074674	1	China	CH	CH		35	105	CH	4	Tehran, Tehran, Iran	IR	IR26	41130	35.75	51.5148	10074674	20260307204500	https://www.manilatimes.net/2026/03/08/world/iran-fires-at-gulf-neighbors-as-trump-threatens-more-strikes/2295382
1293014309	20260307	202603	2026	2026.1836	IRNREB	IRAN	IRN					REB													0	046	046	04	1	7.0	10	1	10	0	4	Tehran, Tehran, Iran	IR	IR26	41130	35.75	51.5148	10074674	0								4	Tehran, Tehran, Iran	IR	IR26	41130	35.75	51.5148	10074674	20260307204500	https://www.ncr-iran.org/en/news/iran-resistance/mp-bob-blackman-the-choice-for-iran-is-not-chaos-but-a-transition-from-dictatorship-to-democracy/
1293014310	20260307	202603	2026	2026.1836	IRNREL	IRANIAN	IRN																		0	010	010	01	1	0.0	3	1	3	-1.78230426479949	4	Tehran, Tehran, Iran	IR	IR26	41130	35.75	51.5148	10074674	0								4	Tehran, Tehran, Iran	IR	IR26	41130	35.75	51.5148	10074674	20260307204500	https://weeklyblitz.net/2026/03/08/indias-muslim-population-a-ticking-time-bomb/
1293014311	20260307	202603	2026	2026.1836	IRQ	IRAQ	IRQ								BUS	BANK						BUS			0	130	130	13	3	-4.4	10	1	10	-2.17006200177148	4	Baghdad, Baghdad, Iraq	IZ	IZ07	36785	33.3386	44.3939	-3103581	4	Baghdad, Baghdad, Iraq	IZ	IZ07	36785	33.3386	44.3939	-3103581	4	Baghdad, Baghdad, Iraq	IZ	IZ07	36785	33.3386	44.3939	-3103581	20260307204500	https://www.forbes.com/sites/philipmaymin/2026/03/07/the-war-that-is-seen-and-the-pipeline-that-is-unseen/
1293014312	20260307	202603	2026	2026.1836	IRQ	IRAQ	IRQ								EDU	SCHOOL						EDU			1	042	042	04	1	1.9	5	1	5	7.14285714285715	1	Iraq	IZ	IZ		33	44	IZ	1	Iraq	IZ	IZ		33	44	IZ	1	Iraq	IZ	IZ		33	44	IZ	20260307204500	https://www.outerbanksvoice.com/2026/03/07/ocracoke-fig-festival-to-feature-washington-nc-chef-jamie-davis/
1293014313	20260307	202603	2026	2026.1836	IRQ	IRAQ	IRQ								TKM	TURKMENISTAN	TKM								0	061	061	06	2	6.4	10	1	10	-2.17006200177148	4	Baghdad, Baghdad, Iraq	IZ	IZ07	36785	33.3386	44.3939	-3103581	4	Ashgabat, Ahal, Turkmenistan	TX	TX01	147325	37.95	58.3833	-2557812	4	Ashgabat, Ahal, Turkmenistan	TX	TX01	147325	37.95	58.3833	-2557812	20260307204500	https://www.forbes.com/sites/philipmaymin/2026/03/07/the-war-that-is-seen-and-the-pipeline-that-is-unseen/
1293014314	20260307	202603	2026	2026.1836	IRQ	IRAQI	IRQ								USA	THE US	USA								0	112	112	11	3	-2.0	2	1	2	-5.8128078817734	4	Erbil, Liwa' Irbil, Iraq	IZ	IZ11	123554	36.1926	44.0106	-3106433	4	Erbil, Liwa' Irbil, Iraq	IZ	IZ11	123554	36.1926	44.0106	-3106433	4	Erbil, Liwa' Irbil, Iraq	IZ	IZ11	123554	36.1926	44.0106	-3106433	20260307204500	https://www.manilatimes.net/2026/03/08/world/iran-fires-at-gulf-neighbors-as-trump-threatens-more-strikes/2295382
1293014315	20260307	202603	2026	2026.1836	IRQ	IRAQI	IRQ								USA	THE US	USA								0	112	112	11	3	-2.0	2	1	2	-5.8128078817734	4	Tehran, Tehran, Iran	IR	IR26	41130	35.75	51.5148	10074674	4	Tehran, Tehran, Iran	IR	IR26	41130	35.75	51.5148	10074674	4	Tehran, Tehran, Iran	IR	IR26	41130	35.75	51.5148	10074674	20260307204500	https://www.manilatimes.net/2026/03/08/world/iran-fires-at-gulf-neighbors-as-trump-threatens-more-strikes/2295382
1293014316	20260307	202603	2026	2026.1836	IRQ	IRAQ	IRQ								USAEDU	PENNSYLVANIA	USA					EDU			0	010	010	01	1	0.0	3	1	3	-4.22535211267606	1	Iraq	IZ	IZ		33	44	IZ	1	Iraq	IZ	IZ		33	44	IZ	1	Iraq	IZ	IZ		33	44	IZ	20260307204500	https://www.dailymail.co.uk/news/article-15623839/staggering-cost-iran-war-taxpayers-america.html
1293014317	20260307	202603	2026	2026.1836	IRQUAF	IRAQI	IRQ					UAF			USA	THE US	USA								0	112	112	11	3	-2.0	6	1	6	-5.8128078817734	4	Erbil, Liwa' Irbil, Iraq	IZ	IZ11	123554	36.1926	44.0106	-3106433	4	Erbil, Liwa' Irbil, Iraq	IZ	IZ11	123554	36.1926	44.0106	-3106433	4	Erbil, Liwa' Irbil, Iraq	IZ	IZ11	123554	36.1926	44.0106	-3106433	20260307204500	https://www.manilatimes.net/2026/03/08/world/iran-fires-at-gulf-neighbors-as-trump-threatens-more-strikes/2295382
1293014318	20260307	202603	2026	2026.1836	ISR	ISRAEL	ISR																		1	193	193	19	4	-10.0	6	1	6	-16.2337662337662	4	Hebron, Israel (general), Israel	IS	IS00	18315	31.5333	35.1	-793097	0								4	Hebron, Israel (general), Israel	IS	IS00	18315	31.5333	35.1	-793097	20260307204500	https://www.10tv.com/article/news/local/hebron-shooting-16-year-old-injured-suspect-arrested/530-d663f8d8-7582-4cd3-92a4-9bd887e028d2
1293014319	20260307	202603	2026	2026.1836	ISR	ISRAEL	ISR																		1	193	193	19	4	-10.0	6	1	6	-16.2337662337662	3	Licking County, Ohio, United States	US	USOH	OH089	40.0834	-82.5002	1074057	0								3	Licking County, Ohio, United States	US	USOH		40.0834	-82.5002	1074057	20260307204500	https://www.10tv.com/article/news/local/hebron-shooting-16-year-old-injured-suspect-arrested/530-d663f8d8-7582-4cd3-92a4-9bd887e028d2
1293014320	20260307	202603	2026	2026.1836	ISR	ISRAELI	ISR								GOV	CONSULATE						GOV			0	141	141	14	3	-6.5	2	1	2	-4.41696113074205	1	Iran	IR	IR		32	53	IR	4	Canberra, Australian Capital Territory, Australia	AS	AS01	4940	-35.2833	149.217	-1563952	1	Iran	IR	IR		32	53	IR	20260307204500	https://www.edmontonexaminer.com:443/opinion/columnists/carneys-flip-flopping-stance-iran-war-hurts-canadas-reputation/wcm/aa3de992-3e64-4706-8331-0cc22525d27b
1293014321	20260307	202603	2026	2026.1836	ISR	ISRAELI	ISR								GOV	CONSULATE						GOV			0	141	141	14	3	-6.5	8	1	8	-4.41696113074205	1	Iran	IR	IR		32	53	IR	4	Toronto, Ontario, Canada	CA	CA08	12686	43.6667	-79.4167	-574890	1	Iran	IR	IR		32	53	IR	20260307204500	https://www.edmontonexaminer.com:443/opinion/columnists/carneys-flip-flopping-stance-iran-war-hurts-canadas-reputation/wcm/aa3de992-3e64-4706-8331-0cc22525d27b
1293014322	20260307	202603	2026	2026.1836	ISR	ISRAEL	ISR								IRN	TEHRAN	IRN								0	010	010	01	1	0.0	2	1	2	-4.63576158940398	4	Tehran, Tehran, Iran	IR	IR26	41130	35.75	51.5148	10074674	3	Miami, Florida, United States	US	USFL	FL086	25.7743	-80.1937	295004	3	Miami, Florida, United States	US	USFL	FL086	25.7743	-80.1937	295004	20260307204500	https://www.aljazeera.com/news/2026/3/7/uae-president-says-prepared-to-confront-threats-as-iran-attacks-continue
1293014323	20260307	202603	2026	2026.1836	ISR	ISRAELI	ISR								IRN	IRAN	IRN								0	143	143	14	3	-6.5	10	1	10	-4.41696113074205	1	Iran	IR	IR		32	53	IR	1	Iran	IR	IR		32	53	IR	1	Iran	IR	IR		32	53	IR	20260307204500	https://www.edmontonexaminer.com:443/opinion/columnists/carneys-flip-flopping-stance-iran-war-hurts-canadas-reputation/wcm/aa3de992-3e64-4706-8331-0cc22525d27b
1293014324	20260307	202603	2026	2026.1836	ISR	ISRAELI	ISR								IRN	IRANIAN	IRN								0	190	190	19	4	-10.0	1	1	1	-4.03361344537815	4	Tel Aviv, Tel Aviv, Israel	IS	IS05	18316	32.0667	34.7667	-781545	4	Dubai, Dubayy, United Arab Emirates	AE	AE03	28575	25.2522	55.28	-782831	4	Dubai, Dubayy, United Arab Emirates	AE	AE03	28575	25.2522	55.28	-782831	20260307204500	https://www.wusa9.com/article/news/nation-world/attack-on-iran/iran-us-israel-attack-missiles-drones-strikes/507-7206fa4b-38d7-4b56-9119-20b89c0e8e3e
1293014325	20260307	202603	2026	2026.1836	ISR	ISRAELI	ISR								IRN	IRAN	IRN								1	190	190	19	4	-10.0	1	1	1	-1.20300751879699	2	Virginia, United States	US	USVA		37.768	-78.2057	VA	4	Tehran, Tehran, Iran	IR	IR26	41130	35.75	51.5148	10074674	4	Tehran, Tehran, Iran	IR	IR26	41130	35.75	51.5148	10074674	20260307204500	https://jcpost.com/posts/62deb85b-dca5-4c47-a246-5bda4a51b2a6
1293014326	20260307	202603	2026	2026.1836	ISR	ISRAEL	ISR								IRN	IRAN	IRN								1	190	190	19	4	-10.0	2	1	2	-1.20300751879699	2	Virginia, United States	US	USVA		37.768	-78.2057	VA	4	Tehran, Tehran, Iran	IR	IR26	41130	35.75	51.5148	10074674	2	Virginia, United States	US	USVA		37.768	-78.2057	VA	20260307204500	https://jcpost.com/posts/62deb85b-dca5-4c47-a246-5bda4a51b2a6
1293014327	20260307	202603	2026	2026.1836	ISR	ISRAEL	ISR								MIL	MILITARY						MIL			0	010	010	01	1	0.0	2	1	2	-4.41696113074205	1	Israel	IS	IS		31.5	34.75	IS	1	United States	US	US		39.828175	-98.5795	US	4	Toronto, Ontario, Canada	CA	CA08	12686	43.6667	-79.4167	-574890	20260307204500	https://www.edmontonexaminer.com:443/opinion/columnists/carneys-flip-flopping-stance-iran-war-hurts-canadas-reputation/wcm/aa3de992-3e64-4706-8331-0cc22525d27b
1293014328	20260307	202603	2026	2026.1836	ISR	ISRAEL	ISR								MIL	MILITARY						MIL			0	010	010	01	1	0.0	1	1	1	-4.41696113074205	1	Israel	IS	IS		31.5	34.75	IS	1	United States	US	US		39.828175	-98.5795	US	1	United States	US	US		39.828175	-98.5795	US	20260307204500	https://www.edmontonexaminer.com:443/opinion/columnists/carneys-flip-flopping-stance-iran-war-hurts-canadas-reputation/wcm/aa3de992-3e64-4706-8331-0cc22525d27b
1293014329	20260307	202603	2026	2026.1836	ISR	ISRAELI	ISR								MIL	AIR FORCE						MIL			0	045	045	04	1	5.0	2	1	2	-5.8128078817734	4	Jerusalem, Israel (general), Israel	IS	IS00	18315	31.7667	35.2333	-797092	4	Jerusalem, Israel (general), Israel	IS	IS00	18315	31.7667	35.2333	-797092	4	Jerusalem, Israel (general), Israel	IS	IS00	18315	31.7667	35.2333	-797092	20260307204500	https://www.manilatimes.net/2026/03/08/world/iran-fires-at-gulf-neighbors-as-trump-threatens-more-strikes/2295382
1293014330	20260307	202603	2026	2026.1836	ISR	ISRAELI	ISR								MIL	AIR FORCE						MIL			0	045	045	04	1	5.0	2	1	2	-5.8128078817734	4	Jerusalem, Israel (general), Israel	IS	IS00	18315	31.7667	35.2333	-797092	4	Beirut, Beyrouth, Lebanon	LE	LE04	18808	33.8719	35.5097	-801546	4	Jerusalem, Israel (general), Israel	IS	IS00	18315	31.7667	35.2333	-797092	20260307204500	https://www.manilatimes.net/2026/03/08/world/iran-fires-at-gulf-neighbors-as-trump-threatens-more-strikes/2295382
1293014331	20260307	202603	2026	2026.1836	ISR	ISRAELI	ISR								PSEREB	HAMAS	PSE					REB			0	202	202	20	4	-10.0	10	1	10	-9.86328125	4	Gaza, Israel (general), Israel	IS	IS00	18315	31.4167	34.3333	-797156	4	Gaza, Israel (general), Israel	IS	IS00	18315	31.4167	34.3333	-797156	4	Gaza, Israel (general), Israel	IS	IS00	18315	31.4167	34.3333	-797156	20260307204500	https://timesofindia.indiatimes.com/world/us/zohran-mamdani-reassured-jewish-new-yorkers-but-his-wifes-oct-7-social-media-activity-tells-another-story/articleshow/129233815.cms
1293014332	20260307	202603	2026	2026.1836	ISR	ISRAEL	ISR								USA	UNITED STATES	USA								1	173	173	17	4	-5.0	1	1	1	-16.2337662337662	4	Hebron, Israel (general), Israel	IS	IS00	18315	31.5333	35.1	-793097	4	Hebron, Israel (general), Israel	IS	IS00	18315	31.5333	35.1	-793097	2	Ohio, United States	US	USOH		40.3736	-82.7755	OH	20260307204500	https://www.10tv.com/article/news/local/hebron-shooting-16-year-old-injured-suspect-arrested/530-d663f8d8-7582-4cd3-92a4-9bd887e028d2
1293014333	20260307	202603	2026	2026.1836	ISR	ISRAEL	ISR								USA	UNITED STATES	USA								1	173	173	17	4	-5.0	3	1	3	-16.2337662337662	4	Hebron, Israel (general), Israel	IS	IS00	18315	31.5333	35.1	-793097	2	Ohio, United States	US	USOH		40.3736	-82.7755	OH	2	Ohio, United States	US	USOH		40.3736	-82.7755	OH	20260307204500	https://www.10tv.com/article/news/local/hebron-shooting-16-year-old-injured-suspect-arrested/530-d663f8d8-7582-4cd3-92a4-9bd887e028d2
1293014334	20260307	202603	2026	2026.1836	ISR	ISRAEL	ISR								USA	OHIO	USA								1	190	190	19	4	-10.0	1	1	1	-16.2337662337662	4	Hebron, Israel (general), Israel	IS	IS00	18315	31.5333	35.1	-793097	4	Hebron, Israel (general), Israel	IS	IS00	18315	31.5333	35.1	-793097	4	Hebron, Israel (general), Israel	IS	IS00	18315	31.5333	35.1	-793097	20260307204500	https://www.10tv.com/article/news/local/hebron-shooting-16-year-old-injured-suspect-arrested/530-d663f8d8-7582-4cd3-92a4-9bd887e028d2
1293014335	20260307	202603	2026	2026.1836	ISR	ISRAEL	ISR								USA	OHIO	USA								1	190	190	19	4	-10.0	1	1	1	-16.2337662337662	4	Hebron, Israel (general), Israel	IS	IS00	18315	31.5333	35.1	-793097	2	Ohio, United States	US	USOH		40.3736	-82.7755	OH	4	Hebron, Israel (general), Israel	IS	IS00	18315	31.5333	35.1	-793097	20260307204500	https://www.10tv.com/article/news/local/hebron-shooting-16-year-old-injured-suspect-arrested/530-d663f8d8-7582-4cd3-92a4-9bd887e028d2
1293014336	20260307	202603	2026	2026.1836	ISR	ISRAEL	ISR								USA	UNITED STATES	USA								1	193	193	19	4	-10.0	1	1	1	-16.2337662337662	4	Hebron, Israel (general), Israel	IS	IS00	18315	31.5333	35.1	-793097	4	Hebron, Israel (general), Israel	IS	IS00	18315	31.5333	35.1	-793097	4	Hebron, Israel (general), Israel	IS	IS00	18315	31.5333	35.1	-793097	20260307204500	https://www.10tv.com/article/news/local/hebron-shooting-16-year-old-injured-suspect-arrested/530-d663f8d8-7582-4cd3-92a4-9bd887e028d2
1293014337	20260307	202603	2026	2026.1836	ISR	ISRAEL	ISR								USA	UNITED STATES	USA								1	193	193	19	4	-10.0	3	1	3	-16.2337662337662	4	Hebron, Israel (general), Israel	IS	IS00	18315	31.5333	35.1	-793097	2	Ohio, United States	US	USOH		40.3736	-82.7755	OH	4	Hebron, Israel (general), Israel	IS	IS00	18315	31.5333	35.1	-793097	20260307204500	https://www.10tv.com/article/news/local/hebron-shooting-16-year-old-injured-suspect-arrested/530-d663f8d8-7582-4cd3-92a4-9bd887e028d2
1293014338	20260307	202603	2026	2026.1836	ISRMIL	ISRAEL	ISR					MIL			IRN	IRAN	IRN								0	192	192	19	4	-9.5	1	1	1	-4.03361344537815	4	Tehran, Tehran, Iran	IR	IR26	41130	35.75	51.5148	10074674	4	Tel Aviv, Tel Aviv, Israel	IS	IS05	18316	32.0667	34.7667	-781545	4	Tel Aviv, Tel Aviv, Israel	IS	IS05	18316	32.0667	34.7667	-781545	20260307204500	https://www.wusa9.com/article/news/nation-world/attack-on-iran/iran-us-israel-attack-missiles-drones-strikes/507-7206fa4b-38d7-4b56-9119-20b89c0e8e3e
1293014339	20260307	202603	2026	2026.1836	ISRMIL	ISRAEL	ISR					MIL			ISR	ISRAEL	ISR								0	110	110	11	3	-2.0	1	1	1	-4.63576158940398	4	Tehran, Tehran, Iran	IR	IR26	41130	35.75	51.5148	10074674	4	Tehran, Tehran, Iran	IR	IR26	41130	35.75	51.5148	10074674	4	Tehran, Tehran, Iran	IR	IR26	41130	35.75	51.5148	10074674	20260307204500	https://www.aljazeera.com/news/2026/3/7/uae-president-says-prepared-to-confront-threats-as-iran-attacks-continue
1293014340	20260307	202603	2026	2026.1836	ISRMIL	ISRAEL	ISR					MIL			ISR	ISRAEL	ISR								0	110	110	11	3	-2.0	1	1	1	-4.63576158940398	1	Israel	IS	IS		31.5	34.75	IS	4	Tehran, Tehran, Iran	IR	IR26	41130	35.75	51.5148	10074674	1	Israel	IS	IS		31.5	34.75	IS	20260307204500	https://www.aljazeera.com/news/2026/3/7/uae-president-says-prepared-to-confront-threats-as-iran-attacks-continue
1293014341	20260307	202603	2026	2026.1836	ISRMIL	ISRAELI	ISR					MIL			ISR	ISRAEL	ISR								0	110	110	11	3	-2.0	3	1	3	-4.63576158940398	1	Israel	IS	IS		31.5	34.75	IS	1	Israel	IS	IS		31.5	34.75	IS	1	Israel	IS	IS		31.5	34.75	IS	20260307204500	https://www.aljazeera.com/news/2026/3/7/uae-president-says-prepared-to-confront-threats-as-iran-attacks-continue
1293014342	20260307	202603	2026	2026.1836	ISRMIL	ISRAEL	ISR					MIL			ISR	ISRAEL	ISR								0	194	194	19	4	-10.0	1	1	1	-4.63576158940398	4	Tehran, Tehran, Iran	IR	IR26	41130	35.75	51.5148	10074674	4	Tehran, Tehran, Iran	IR	IR26	41130	35.75	51.5148	10074674	4	Tehran, Tehran, Iran	IR	IR26	41130	35.75	51.5148	10074674	20260307204500	https://www.aljazeera.com/news/2026/3/7/uae-president-says-prepared-to-confront-threats-as-iran-attacks-continue
1293014343	20260307	202603	2026	2026.1836	ISRMIL	ISRAEL	ISR					MIL			ISR	ISRAEL	ISR								0	194	194	19	4	-10.0	1	1	1	-4.63576158940398	1	Israel	IS	IS		31.5	34.75	IS	4	Tehran, Tehran, Iran	IR	IR26	41130	35.75	51.5148	10074674	1	Israel	IS	IS		31.5	34.75	IS	20260307204500	https://www.aljazeera.com/news/2026/3/7/uae-president-says-prepared-to-confront-threats-as-iran-attacks-continue
1293014344	20260307	202603	2026	2026.1836	ISRMIL	ISRAELI	ISR					MIL			ISR	ISRAEL	ISR								0	194	194	19	4	-10.0	2	1	2	-4.63576158940398	1	Israel	IS	IS		31.5	34.75	IS	1	Israel	IS	IS		31.5	34.75	IS	1	Israel	IS	IS		31.5	34.75	IS	20260307204500	https://www.aljazeera.com/news/2026/3/7/uae-president-says-prepared-to-confront-threats-as-iran-attacks-continue
1293014345	20260307	202603	2026	2026.1836	ISRMIL	ISRAEL	ISR					MIL			MIL	MILITARY						MIL			1	010	010	01	1	0.0	5	1	5	-3.95480225988701	1	Israel	IS	IS		31.5	34.75	IS	4	Tehran, Tehran, Iran	IR	IR26	41130	35.75	51.5148	10074674	4	Tehran, Tehran, Iran	IR	IR26	41130	35.75	51.5148	10074674	20260307204500	https://www.jpost.com/israel-news/defense-news/article-889166
1293014346	20260307	202603	2026	2026.1836	ISRMIL	ISRAELI	ISR					MIL			MIL	AIR FORCE						MIL			0	045	045	04	1	5.0	6	1	6	-5.8128078817734	4	Jerusalem, Israel (general), Israel	IS	IS00	18315	31.7667	35.2333	-797092	4	Jerusalem, Israel (general), Israel	IS	IS00	18315	31.7667	35.2333	-797092	4	Jerusalem, Israel (general), Israel	IS	IS00	18315	31.7667	35.2333	-797092	20260307204500	https://www.manilatimes.net/2026/03/08/world/iran-fires-at-gulf-neighbors-as-trump-threatens-more-strikes/2295382
1293014347	20260307	202603	2026	2026.1836	JOR	JORDAN	JOR								REL	BISHOP									1	051	051	05	1	3.4	3	1	2	3.6096256684492	3	Los Angeles, California, United States	US	USCA	CA037	34.0522	-118.244	1662328	3	Los Angeles, California, United States	US	USCA		34.0522	-118.244	1662328	3	Los Angeles, California, United States	US	USCA		34.0522	-118.244	1662328	20260307204500	https://www.aol.com/articles/colton-underwood-reveals-hilarious-thing-200000404.html
1293014348	20260307	202603	2026	2026.1836	JOR	JORDAN	JOR								REL	BISHOP									1	051	051	05	1	3.4	7	1	4	3.6096256684492	1	Jordan	JO	JO		31	36	JO	1	Jordan	JO	JO		31	36	JO	1	Jordan	JO	JO		31	36	JO	20260307204500	https://www.aol.com/articles/colton-underwood-reveals-hilarious-thing-200000404.html
1293014349	20260307	202603	2026	2026.1836	JUD	LAWYER						JUD													0	160	160	16	4	-4.0	10	1	10	-5.03875968992252	4	Tinubu, Lagos, Nigeria	NI	NI05	191300	6.51667	3.36667	-2027738	0								4	Tinubu, Lagos, Nigeria	NI	NI05	191300	6.51667	3.36667	-2027738	20260307204500	https://peoplesdailyng.com/bwalas-political-trajectory-defined-by-opportunistic-merchandising-of-allegiance-atikus-aide/
1293014350	20260307	202603	2026	2026.1836	JUD	PROSECUTOR						JUD													0	173	173	17	4	-5.0	10	1	10	-12.7946127946128	1	Lebanon	LE	LE		33.833333	35.833333	LE	0								1	Lebanon	LE	LE		33.833333	35.833333	LE	20260307204500	https://krcgtv.com/news/local/rolla-man-charged-with-rape-kidnapping-of-juvenile
1293014351	20260307	202603	2026	2026.1836	JUD	ADVOCATE						JUD			EDU	STUDENT						EDU			0	180	180	18	4	-9.0	7	1	7	1.78571428571428	3	Oakland County, Michigan, United States	US	USMI	MI125	42.6667	-83.3999	1623005	3	Oakland County, Michigan, United States	US	USMI		42.6667	-83.3999	1623005	3	Oakland County, Michigan, United States	US	USMI		42.6667	-83.3999	1623005	20260307204500	https://www.easternecho.com/article/2026/03/final-4-candidates-for-emu-dean-of-students-aura-cazares
1293014352	20260307	202603	2026	2026.1836	JUD	FEDERAL JUDGE						JUD			EDUEDU	COLLEGE						EDU	EDU		1	110	110	11	3	-2.0	2	1	2	-3.51317440401505	3	Babson College, Massachusetts, United States	US	USMA	MA021	42.299	-71.2634	599436	3	Babson College, Massachusetts, United States	US	USMA		42.299	-71.2634	599436	3	Babson College, Massachusetts, United States	US	USMA		42.299	-71.2634	599436	20260307204500	https://www.wcvb.com/article/any-lopez-belloza-case-dismissed/70652533
1293014353	20260307	202603	2026	2026.1836	JUD	FEDERAL JUDGE						JUD			EDUEDU	COLLEGE						EDU	EDU		0	110	110	11	3	-2.0	1	1	1	-3.51317440401505	3	Boston, Massachusetts, United States	US	USMA	MA025	42.3584	-71.0598	617565	3	Babson College, Massachusetts, United States	US	USMA		42.299	-71.2634	599436	3	Babson College, Massachusetts, United States	US	USMA		42.299	-71.2634	599436	20260307204500	https://www.wcvb.com/article/any-lopez-belloza-case-dismissed/70652533
1293014354	20260307	202603	2026	2026.1836	JUD	JUDGE						JUD			GOV	GOVERNMENT						GOV			0	010	010	01	1	0.0	2	1	2	-3.51317440401505	2	Texas, United States	US	USTX		31.106	-97.6475	TX	2	Texas, United States	US	USTX		31.106	-97.6475	TX	3	Babson College, Massachusetts, United States	US	USMA		42.299	-71.2634	599436	20260307204500	https://www.wcvb.com/article/any-lopez-belloza-case-dismissed/70652533
1293014355	20260307	202603	2026	2026.1836	JUD	HIGH COURT						JUD			GOV	GOVERNMENT						GOV			0	112	112	11	3	-2.0	5	1	5	-5.72057205720572	4	Sydney, New South Wales, Australia	AS	AS02	154637	-33.8833	151.217	-1603135	4	Sydney, New South Wales, Australia	AS	AS02	154637	-33.8833	151.217	-1603135	4	Sydney, New South Wales, Australia	AS	AS02	154637	-33.8833	151.217	-1603135	20260307204500	https://www.theguardian.com/commentisfree/2026/mar/08/the-lnps-phrase-banning-law-is-wide-open-to-constitutional-attack-is-it-a-victory-for-the-people-or-a-smart-political-play
1293014356	20260307	202603	2026	2026.1836	JUD	HIGH COURT						JUD			GOV	GOVERNMENT						GOV			0	190	190	19	4	-10.0	5	1	5	-5.72057205720572	4	Sydney, New South Wales, Australia	AS	AS02	154637	-33.8833	151.217	-1603135	4	Sydney, New South Wales, Australia	AS	AS02	154637	-33.8833	151.217	-1603135	4	Sydney, New South Wales, Australia	AS	AS02	154637	-33.8833	151.217	-1603135	20260307204500	https://www.theguardian.com/commentisfree/2026/mar/08/the-lnps-phrase-banning-law-is-wide-open-to-constitutional-attack-is-it-a-victory-for-the-people-or-a-smart-political-play
1293014357	20260307	202603	2026	2026.1836	JUD	FEDERAL JUDGE						JUD			HND	HONDURAS	HND								0	063	063	06	2	7.4	1	1	1	-3.51317440401505	3	Boston, Massachusetts, United States	US	USMA	MA025	42.3584	-71.0598	617565	1	Honduras	HO	HO		15	-86.5	HO	3	Babson College, Massachusetts, United States	US	USMA		42.299	-71.2634	599436	20260307204500	https://www.wcvb.com/article/any-lopez-belloza-case-dismissed/70652533
1293014358	20260307	202603	2026	2026.1836	JUD	FEDERAL JUDGE						JUD			HND	HONDURAS	HND								0	063	063	06	2	7.4	2	1	2	-3.51317440401505	3	Boston, Massachusetts, United States	US	USMA	MA025	42.3584	-71.0598	617565	1	Honduras	HO	HO		15	-86.5	HO	1	Honduras	HO	HO		15	-86.5	HO	20260307204500	https://www.wcvb.com/article/any-lopez-belloza-case-dismissed/70652533
1293014359	20260307	202603	2026	2026.1836	JUD	JUDGE						JUD			USA	UNITED STATES	USA								1	036	036	03	1	4.0	4	1	4	-0.7537688442211	2	California, United States	US	USCA		36.17	-119.746	CA	2	California, United States	US	USCA		36.17	-119.746	CA	2	California, United States	US	USCA		36.17	-119.746	CA	20260307204500	https://finance.yahoo.com/news/state-farm-reaches-deal-keep-192824293.html
1293014360	20260307	202603	2026	2026.1836	JUD	FEDERAL JUDGE						JUD			USA	UNITED STATES	USA								0	042	042	04	1	1.9	3	1	3	-3.51317440401505	3	Boston, Massachusetts, United States	US	USMA	MA025	42.3584	-71.0598	617565	3	Babson College, Massachusetts, United States	US	USMA		42.299	-71.2634	599436	3	Babson College, Massachusetts, United States	US	USMA		42.299	-71.2634	599436	20260307204500	https://www.wcvb.com/article/any-lopez-belloza-case-dismissed/70652533
1293014361	20260307	202603	2026	2026.1836	JUD	FEDERAL COURT						JUD			USA	UNITED STATES	USA								1	042	042	04	1	1.9	7	1	7	-9.99999999999997	2	Alaska, United States	US	USAK		61.385	-152.268	AK	2	Alaska, United States	US	USAK		61.385	-152.268	AK	2	Alaska, United States	US	USAK		61.385	-152.268	AK	20260307204500	https://www.foxnews.com/us/fbi-captures-bangladeshi-fugitive-extradited-massive-online-child-sextortion-case
1293014362	20260307	202603	2026	2026.1836	JUD	JUDGE						JUD			USA	UNITED STATES	USA								0	042	042	04	1	1.9	1	1	1	-3.51317440401505	2	Texas, United States	US	USTX		31.106	-97.6475	TX	3	Babson College, Massachusetts, United States	US	USMA		42.299	-71.2634	599436	3	Babson College, Massachusetts, United States	US	USMA		42.299	-71.2634	599436	20260307204500	https://www.wcvb.com/article/any-lopez-belloza-case-dismissed/70652533
1293014363	20260307	202603	2026	2026.1836	JUD	JUDGE						JUD			USA	UNITED STATES	USA								0	042	042	04	1	1.9	3	1	3	-3.51317440401505	2	Texas, United States	US	USTX		31.106	-97.6475	TX	2	Texas, United States	US	USTX		31.106	-97.6475	TX	2	Texas, United States	US	USTX		31.106	-97.6475	TX	20260307204500	https://www.wcvb.com/article/any-lopez-belloza-case-dismissed/70652533
1293014364	20260307	202603	2026	2026.1836	JUD	FEDERAL JUDGE						JUD			USAEDU	UNITED STATES	USA					EDU			1	110	110	11	3	-2.0	4	1	4	-3.51317440401505	3	Babson College, Massachusetts, United States	US	USMA	MA021	42.299	-71.2634	599436	3	Babson College, Massachusetts, United States	US	USMA		42.299	-71.2634	599436	3	Babson College, Massachusetts, United States	US	USMA		42.299	-71.2634	599436	20260307204500	https://www.wcvb.com/article/any-lopez-belloza-case-dismissed/70652533
1293014365	20260307	202603	2026	2026.1836	JUD	FEDERAL JUDGE						JUD			USAEDU	UNITED STATES	USA					EDU			0	110	110	11	3	-2.0	1	1	1	-3.51317440401505	3	Boston, Massachusetts, United States	US	USMA	MA025	42.3584	-71.0598	617565	3	Babson College, Massachusetts, United States	US	USMA		42.299	-71.2634	599436	3	Babson College, Massachusetts, United States	US	USMA		42.299	-71.2634	599436	20260307204500	https://www.wcvb.com/article/any-lopez-belloza-case-dismissed/70652533
1293014366	20260307	202603	2026	2026.1836	JUD	FEDERAL JUDGE						JUD			USAEDU	UNITED STATES	USA					EDU			0	110	110	11	3	-2.0	1	1	1	-3.51317440401505	3	Boston, Massachusetts, United States	US	USMA	MA025	42.3584	-71.0598	617565	3	Babson College, Massachusetts, United States	US	USMA		42.299	-71.2634	599436	3	Boston, Massachusetts, United States	US	USMA	MA025	42.3584	-71.0598	617565	20260307204500	https://www.wcvb.com/article/any-lopez-belloza-case-dismissed/70652533
1293014367	20260307	202603	2026	2026.1836	JUDJUD	DISTRICT COURT						JUD	JUD												1	084	084	08	2	7.0	3	1	3	0.0433087916847201	3	Washington, District of Columbia, United States	US	USDC	DC001	38.8951	-77.0364	531871	0								3	Washington, District of Columbia, United States	US	USDC	DC001	38.8951	-77.0364	531871	20260307204500	https://www.trains.com/pro/freight/class-i/what-happened-in-the-rail-industry-this-week-march-6-2026/
1293014368	20260307	202603	2026	2026.1836	JUDJUD	DISTRICT COURT						JUD	JUD		USA	UNITED STATES	USA								1	084	084	08	2	7.0	1	1	1	0.0433087916847201	2	New Jersey, United States	US	USNJ		40.314	-74.5089	NJ	2	New Jersey, United States	US	USNJ		40.314	-74.5089	NJ	2	New Jersey, United States	US	USNJ		40.314	-74.5089	NJ	20260307204500	https://www.trains.com/pro/freight/class-i/what-happened-in-the-rail-industry-this-week-march-6-2026/
1293014369	20260307	202603	2026	2026.1836	JUDJUD	MAGISTRATE						JUD	JUD		USA	UNITED STATES	USA								0	173	173	17	4	-5.0	2	1	2	-9.99999999999997	1	Malaysia	MY	MY		2.5	112.5	MY	2	Alaska, United States	US	USAK		61.385	-152.268	AK	1	Malaysia	MY	MY		2.5	112.5	MY	20260307204500	https://www.foxnews.com/us/fbi-captures-bangladeshi-fugitive-extradited-massive-online-child-sextortion-case
1293014370	20260307	202603	2026	2026.1836	JUDJUD	DISTRICT COURT						JUD	JUD		USAJUD	UNITED STATES	USA					JUD			1	084	084	08	2	7.0	1	1	1	0.0433087916847201	2	New Jersey, United States	US	USNJ		40.314	-74.5089	NJ	2	New Jersey, United States	US	USNJ		40.314	-74.5089	NJ	2	New Jersey, United States	US	USNJ		40.314	-74.5089	NJ	20260307204500	https://www.trains.com/pro/freight/class-i/what-happened-in-the-rail-industry-this-week-march-6-2026/
1293014371	20260307	202603	2026	2026.1836	KWT	KUWAIT	KWT								IRQ	IRAQ	IRQ								0	100	100	10	3	-5.0	6	1	6	-3.35570469798658	1	Kuwait	KU	KU		29.5	47.75	KU	1	Iraq	IZ	IZ		33	44	IZ	1	Kuwait	KU	KU		29.5	47.75	KU	20260307204500	https://www.aol.co.uk/articles/trump-must-now-see-job-201140525.html
1293014372	20260307	202603	2026	2026.1836	KWT	KUWAIT	KWT								IRQ	IRAQ	IRQ								0	100	100	10	3	-5.0	2	1	2	-3.35570469798658	1	Kuwait	KU	KU		29.5	47.75	KU	1	Kuwait	KU	KU		29.5	47.75	KU	1	Kuwait	KU	KU		29.5	47.75	KU	20260307204500	https://www.aol.co.uk/articles/trump-must-now-see-job-201140525.html
1293014373	20260307	202603	2026	2026.1836	KWT	KUWAIT	KWT								IRQ	IRAQ	IRQ								0	100	100	10	3	-5.0	2	1	2	-3.35570469798658	1	Kuwait	KU	KU		29.5	47.75	KU	1	Kuwait	KU	KU		29.5	47.75	KU	1	United States	US	US		39.828175	-98.5795	US	20260307204500	https://www.aol.co.uk/articles/trump-must-now-see-job-201140525.html
1293014374	20260307	202603	2026	2026.1836	LBN	BEIRUT	LBN								GOV	AMBASSADOR						GOV			1	040	040	04	1	1.0	8	1	8	1.01010101010101	4	Beirut, Beyrouth, Lebanon	LE	LE04	18808	33.8719	35.5097	-801546	4	Beirut, Beyrouth, Lebanon	LE	LE04	18808	33.8719	35.5097	-801546	4	Beirut, Beyrouth, Lebanon	LE	LE04	18808	33.8719	35.5097	-801546	20260307204500	https://sana.sy/en/syria/2301096/
1293014375	20260307	202603	2026	2026.1836	LBN	BEIRUT	LBN								GOV	AMBASSADOR						GOV			1	046	046	04	1	7.0	5	1	5	1.01010101010101	4	Beirut, Beyrouth, Lebanon	LE	LE04	18808	33.8719	35.5097	-801546	4	Beirut, Beyrouth, Lebanon	LE	LE04	18808	33.8719	35.5097	-801546	4	Beirut, Beyrouth, Lebanon	LE	LE04	18808	33.8719	35.5097	-801546	20260307204500	https://sana.sy/en/syria/2301096/
1293014376	20260307	202603	2026	2026.1836	LBN	LEBANON	LBN								GOV	AMBASSADOR						GOV			1	190	190	19	4	-10.0	3	1	3	-4.22535211267606	3	Washington, District of Columbia, United States	US	USDC	DC001	38.8951	-77.0364	531871	3	Washington, District of Columbia, United States	US	USDC	DC001	38.8951	-77.0364	531871	3	Washington, District of Columbia, United States	US	USDC	DC001	38.8951	-77.0364	531871	20260307204500	https://www.dailymail.co.uk/news/article-15623839/staggering-cost-iran-war-taxpayers-america.html
1293014377	20260307	202603	2026	2026.1836	LBN	LEBANON	LBN								GOV	AMBASSADOR						GOV			1	190	190	19	4	-10.0	1	1	1	-4.22535211267606	2	Delaware, United States	US	USDE		39.3498	-75.5148	DE	2	Delaware, United States	US	USDE		39.3498	-75.5148	DE	2	Delaware, United States	US	USDE		39.3498	-75.5148	DE	20260307204500	https://www.dailymail.co.uk/news/article-15623839/staggering-cost-iran-war-taxpayers-america.html
1293014378	20260307	202603	2026	2026.1836	LBN	LEBANON	LBN								GOV	AMBASSADOR						GOV			1	190	190	19	4	-10.0	1	1	1	-4.22535211267606	2	Delaware, United States	US	USDE		39.3498	-75.5148	DE	1	Iraq	IZ	IZ		33	44	IZ	2	Delaware, United States	US	USDE		39.3498	-75.5148	DE	20260307204500	https://www.dailymail.co.uk/news/article-15623839/staggering-cost-iran-war-taxpayers-america.html
1293014379	20260307	202603	2026	2026.1836	LBN	BEIRUT	LBN								LBNGOV	LEBANON	LBN					GOV			1	040	040	04	1	1.0	2	1	2	1.01010101010101	4	Beirut, Beyrouth, Lebanon	LE	LE04	18808	33.8719	35.5097	-801546	4	Beirut, Beyrouth, Lebanon	LE	LE04	18808	33.8719	35.5097	-801546	4	Beirut, Beyrouth, Lebanon	LE	LE04	18808	33.8719	35.5097	-801546	20260307204500	https://sana.sy/en/syria/2301096/
1293014380	20260307	202603	2026	2026.1836	LBN	LEBANON	LBN								LBNGOV	LEBANON	LBN					GOV			1	046	046	04	1	7.0	2	1	2	1.01010101010101	4	Beirut, Beyrouth, Lebanon	LE	LE04	18808	33.8719	35.5097	-801546	4	Beirut, Beyrouth, Lebanon	LE	LE04	18808	33.8719	35.5097	-801546	4	Beirut, Beyrouth, Lebanon	LE	LE04	18808	33.8719	35.5097	-801546	20260307204500	https://sana.sy/en/syria/2301096/
1293014381	20260307	202603	2026	2026.1836	LBN	LEBANESE	LBN								SYR	SYRIA	SYR								0	192	192	19	4	-9.5	2	1	2	-3.86178861788618	4	Damascus, Dimashq, Syria	SY	SY13	26324	33.5	36.3	-2541260	4	Beirut, Beyrouth, Lebanon	LE	LE04	18808	33.8719	35.5097	-801546	4	Beirut, Beyrouth, Lebanon	LE	LE04	18808	33.8719	35.5097	-801546	20260307204500	https://www.thenationalnews.com/news/mena/2026/03/07/syria-tells-lebanon-troop-build-up-near-border-is-defensive/
1293014382	20260307	202603	2026	2026.1836	LBN	LEBANESE	LBN								SYR	SYRIA	SYR								0	192	192	19	4	-9.5	8	1	8	-3.86178861788618	4	Beirut, Beyrouth, Lebanon	LE	LE04	18808	33.8719	35.5097	-801546	4	Damascus, Dimashq, Syria	SY	SY13	26324	33.5	36.3	-2541260	4	Beirut, Beyrouth, Lebanon	LE	LE04	18808	33.8719	35.5097	-801546	20260307204500	https://www.thenationalnews.com/news/mena/2026/03/07/syria-tells-lebanon-troop-build-up-near-border-is-defensive/
1293014383	20260307	202603	2026	2026.1836	LBN	LEBANESE	LBN								USA	THE US	USA								1	051	051	05	1	3.4	1	1	1	-3.86178861788618	4	Damascus, Dimashq, Syria	SY	SY13	26324	33.5	36.3	-2541260	4	Beirut, Beyrouth, Lebanon	LE	LE04	18808	33.8719	35.5097	-801546	4	Damascus, Dimashq, Syria	SY	SY13	26324	33.5	36.3	-2541260	20260307204500	https://www.thenationalnews.com/news/mena/2026/03/07/syria-tells-lebanon-troop-build-up-near-border-is-defensive/
1293014384	20260307	202603	2026	2026.1836	LBNGOV	LEBANON	LBN					GOV			GOV	AMBASSADOR						GOV			1	046	046	04	1	7.0	3	1	3	1.01010101010101	4	Beirut, Beyrouth, Lebanon	LE	LE04	18808	33.8719	35.5097	-801546	4	Beirut, Beyrouth, Lebanon	LE	LE04	18808	33.8719	35.5097	-801546	4	Beirut, Beyrouth, Lebanon	LE	LE04	18808	33.8719	35.5097	-801546	20260307204500	https://sana.sy/en/syria/2301096/
1293014385	20260307	202603	2026	2026.1836	LBNGOV	LEBANON	LBN					GOV			LBN	BEIRUT	LBN								1	040	040	04	1	1.0	2	1	2	1.01010101010101	4	Beirut, Beyrouth, Lebanon	LE	LE04	18808	33.8719	35.5097	-801546	4	Beirut, Beyrouth, Lebanon	LE	LE04	18808	33.8719	35.5097	-801546	4	Beirut, Beyrouth, Lebanon	LE	LE04	18808	33.8719	35.5097	-801546	20260307204500	https://sana.sy/en/syria/2301096/
1293014386	20260307	202603	2026	2026.1836	LBNGOV	LEBANON	LBN					GOV			LBN	LEBANON	LBN								1	046	046	04	1	7.0	2	1	2	1.01010101010101	4	Beirut, Beyrouth, Lebanon	LE	LE04	18808	33.8719	35.5097	-801546	4	Beirut, Beyrouth, Lebanon	LE	LE04	18808	33.8719	35.5097	-801546	4	Beirut, Beyrouth, Lebanon	LE	LE04	18808	33.8719	35.5097	-801546	20260307204500	https://sana.sy/en/syria/2301096/
1293014387	20260307	202603	2026	2026.1836	LEG	CONGRESS						LEG													1	051	051	05	1	3.4	2	1	2	-0.30864197530864	1	Iran	IR	IR		32	53	IR	0								1	Iran	IR	IR		32	53	IR	20260307204500	https://www.newser.com/story/384994/years-overdue-capitol-plaque-honoring-officers-goes-up.html
1293014388	20260307	202603	2026	2026.1836	LEG	CONGRESS						LEG													1	051	051	05	1	3.4	8	1	8	-0.30864197530864	1	Russia	RS	RS		60	100	RS	0								1	Russia	RS	RS		60	100	RS	20260307204500	https://www.newser.com/story/384994/years-overdue-capitol-plaque-honoring-officers-goes-up.html
1293014389	20260307	202603	2026	2026.1836	LEG	SENATOR						LEG													0	084	084	08	2	7.0	10	1	10	0.0433087916847201	3	Washington, District of Columbia, United States	US	USDC	DC001	38.8951	-77.0364	531871	0								3	Washington, District of Columbia, United States	US	USDC	DC001	38.8951	-77.0364	531871	20260307204500	https://www.trains.com/pro/freight/class-i/what-happened-in-the-rail-industry-this-week-march-6-2026/
1293014390	20260307	202603	2026	2026.1836	LEG	SENATE						LEG													0	173	173	17	4	-5.0	10	1	10	-4.05844155844156	3	Washington, District of Columbia, United States	US	USDC	DC001	38.8951	-77.0364	531871	0								3	Washington, District of Columbia, United States	US	USDC	DC001	38.8951	-77.0364	531871	20260307204500	https://www.latimes.com/world-nation/story/2026-03-07/jan-6-plaque-honoring-police-officers-finally-installed-at-capitol
1293014391	20260307	202603	2026	2026.1836	LEG	CONGRESS						LEG			GOV	ADMINISTRATION						GOV			0	010	010	01	1	0.0	2	1	2	-5.380476556495	3	Palm Beach, Florida, United States	US	USFL	FL099	26.7056	-80.0364	288390	3	Palm Beach, Florida, United States	US	USFL		26.7056	-80.0364	288390	3	Palm Beach, Florida, United States	US	USFL		26.7056	-80.0364	288390	20260307204500	https://jowhar.com/epstein-documents-alleging-misconduct-by-trump-publicly-released/
1293014392	20260307	202603	2026	2026.1836	LEG	CONGRESS						LEG			GOV	ADMINISTRATION						GOV			0	010	010	01	1	0.0	1	1	1	-5.380476556495	2	New York, United States	US	USNY		42.1497	-74.9384	NY	3	Palm Beach, Florida, United States	US	USFL		26.7056	-80.0364	288390	3	Palm Beach, Florida, United States	US	USFL		26.7056	-80.0364	288390	20260307204500	https://jowhar.com/epstein-documents-alleging-misconduct-by-trump-publicly-released/
1293014393	20260307	202603	2026	2026.1836	LEG	CONGRESS						LEG			GOV	ADMINISTRATION						GOV			0	112	112	11	3	-2.0	3	1	3	-5.380476556495	2	New York, United States	US	USNY		42.1497	-74.9384	NY	2	New York, United States	US	USNY		42.1497	-74.9384	NY	2	New York, United States	US	USNY		42.1497	-74.9384	NY	20260307204500	https://jowhar.com/epstein-documents-alleging-misconduct-by-trump-publicly-released/
1293014394	20260307	202603	2026	2026.1836	LEG	DELEGATE						LEG			USA	UNITED STATES	USA								1	042	042	04	1	1.9	4	1	4	0.52539404553415	2	North Dakota, United States	US	USND		47.5362	-99.793	ND	2	North Dakota, United States	US	USND		47.5362	-99.793	ND	2	North Dakota, United States	US	USND		47.5362	-99.793	ND	20260307204500	https://www.inforum.com/opinion/columns/port-north-dakota-dem-npl-convention-kicks-off-with-strong-numbers-and-strong-rhetoric
1293014395	20260307	202603	2026	2026.1836	LEG	CONGRESS						LEG			USAGOV	UNITED STATES	USA					GOV			0	010	010	01	1	0.0	3	1	3	-5.380476556495	2	New York, United States	US	USNY		42.1497	-74.9384	NY	2	New York, United States	US	USNY		42.1497	-74.9384	NY	2	New York, United States	US	USNY		42.1497	-74.9384	NY	20260307204500	https://jowhar.com/epstein-documents-alleging-misconduct-by-trump-publicly-released/
1293014396	20260307	202603	2026	2026.1836	LEG	CONGRESS						LEG			USAGOV	UNITED STATES	USA					GOV			0	112	112	11	3	-2.0	1	1	1	-5.380476556495	2	New York, United States	US	USNY		42.1497	-74.9384	NY	2	New York, United States	US	USNY		42.1497	-74.9384	NY	2	New York, United States	US	USNY		42.1497	-74.9384	NY	20260307204500	https://jowhar.com/epstein-documents-alleging-misconduct-by-trump-publicly-released/
1293014397	20260307	202603	2026	2026.1836	LKA	SRI LANKA	LKA																		1	010	010	01	1	0.0	10	2	10	-1.73913043478261	4	Colombo, Western, Sri Lanka	CE	CE36	25852	6.93194	79.8478	-2214877	0								4	New Delhi, Delhi, India	IN	IN07	17911	28.6	77.2	-2106102	20260307204500	https://www.lebanondemocrat.com/hartsville/news/national/sri-lanka-to-treat-iranian-sailors-according-to-international-law/article_49aaebb6-91dc-52b7-b5ce-9157f6743e0d.html
1293014398	20260307	202603	2026	2026.1836	MAR	MOROCCO	MAR																		1	043	043	04	1	2.8	5	1	5	4.39024390243903	4	Atlas Mountains, Morocco (general), Morocco	MO	MO00	37868	32	-2	-24970	0								4	Atlas Mountains, Morocco (general), Morocco	MO	MO00	37868	32	-2	-24970	20260307204500	https://eturbonews.com/morocco-tourism-revenues-january-2026-19-percent-growth/
1293014399	20260307	202603	2026	2026.1836	MAR	MOROCCAN	MAR																		1	160	160	16	4	-4.0	10	1	10	4.39024390243903	4	Agadir, Souss-Massa-DrâMO, Morocco	MO	MO55	147358	30.4207	-9.59316	-20029	0								4	Agadir, Souss-Massa-DrâMO, Morocco	MO	MO55	147358	30.4207	-9.59316	-20029	20260307204500	https://eturbonews.com/morocco-tourism-revenues-january-2026-19-percent-growth/
1293014400	20260307	202603	2026	2026.1836	MAR	MOROCCO	MAR								MED	WEBSITE						MED			1	043	043	04	1	2.8	5	1	5	4.39024390243903	4	Atlas Mountains, Morocco (general), Morocco	MO	MO00	37868	32	-2	-24970	4	Atlas Mountains, Morocco (general), Morocco	MO	MO00	37868	32	-2	-24970	4	Atlas Mountains, Morocco (general), Morocco	MO	MO00	37868	32	-2	-24970	20260307204500	https://eturbonews.com/morocco-tourism-revenues-january-2026-19-percent-growth/
1293014401	20260307	202603	2026	2026.1836	MDA	MOLDOVA	MDA								UKR	KYIV	UKR								0	043	043	04	1	2.8	5	1	5	-2.7972027972028	1	Moldova	MD	MD		47	29	MD	4	Kyiv, Kyyiv, Misto, Ukraine	UP	UP12	28554	50.4333	30.5167	-1044367	1	Moldova	MD	MD		47	29	MD	20260307204500	https://internationalviewpoint.org/Last-Year-s-International-Women-s-Day-Ukraine
1293014402	20260307	202603	2026	2026.1836	MDV	MALE	MDV								BUS	INDUSTRY						BUS			0	010	010	01	1	0.0	2	1	2	4.6116504854369	3	Anaheim, California, United States	US	USCA	CA059	33.8353	-117.915	1652663	3	Anaheim, California, United States	US	USCA	CA059	33.8353	-117.915	1652663	3	Anaheim, California, United States	US	USCA	CA059	33.8353	-117.915	1652663	20260307204500	https://www.theplainsman.com/article/2026/03/spicers-music-earns-two-global-honors-at-namm-conference
1293014403	20260307	202603	2026	2026.1836	MED	PUBLISHER						MED													0	010	010	01	1	0.0	5	1	5	0.64043915827996	3	Miami, Florida, United States	US	USFL	FL086	25.7743	-80.1937	295004	0								3	Miami, Florida, United States	US	USFL	FL086	25.7743	-80.1937	295004	20260307204500	https://www.artsjournal.com/diacritical/2026/03/aj-chronicles-future-vision-and-what-the-boston-symphony-signaled-this-week.html
1293014404	20260307	202603	2026	2026.1836	MED	MEDIA						MED													0	051	051	05	1	3.4	10	1	10	0.87336244541485	2	Mississippi, United States	US	USMS		32.7673	-89.6812	MS	0								2	Mississippi, United States	US	USMS		32.7673	-89.6812	MS	20260307204500	https://pjmedia.com/victoria-taft/2026/03/07/youd-think-a-guy-who-cant-read-would-want-to-know-why-mississippi-schools-beat-californias-n4950360
1293014405	20260307	202603	2026	2026.1836	MED	WRITER						MED			GBR	MANCHESTER	GBR								1	046	046	04	1	7.0	10	1	10	2.38907849829352	0								0								0								20260307204500	https://www.manchestereveningnews.co.uk/news/uk-news/winning-lotto-numbers-full-national-33551268
1293014406	20260307	202603	2026	2026.1836	MED	MEDIA						MED			GOV	PRESIDENT						GOV			1	010	010	01	1	0.0	2	1	2	-5.03875968992252	4	Tinubu, Lagos, Nigeria	NI	NI05	191300	6.51667	3.36667	-2027738	4	Tinubu, Lagos, Nigeria	NI	NI05	191300	6.51667	3.36667	-2027738	4	Tinubu, Lagos, Nigeria	NI	NI05	191300	6.51667	3.36667	-2027738	20260307204500	https://peoplesdailyng.com/bwalas-political-trajectory-defined-by-opportunistic-merchandising-of-allegiance-atikus-aide/
1293014407	20260307	202603	2026	2026.1836	MED	MEDIA						MED			IRN	IRANIAN	IRN								1	010	010	01	1	0.0	8	1	8	-3.81679389312977	4	London, London, City of, United Kingdom	UK	UKH9	40110	51.5	-0.116667	-2601889	1	Bahrain	BA	BA		26	50.5	BA	1	Bahrain	BA	BA		26	50.5	BA	20260307204500	https://sana.sy/en/international/2301045/
1293014408	20260307	202603	2026	2026.1836	MED	MEDIA						MED			IRN	IRANIAN	IRN								0	071	071	07	2	7.4	2	1	2	-1.78230426479949	4	Tehran, Tehran, Iran	IR	IR26	41130	35.75	51.5148	10074674	4	Tehran, Tehran, Iran	IR	IR26	41130	35.75	51.5148	10074674	4	Tehran, Tehran, Iran	IR	IR26	41130	35.75	51.5148	10074674	20260307204500	https://weeklyblitz.net/2026/03/08/indias-muslim-population-a-ticking-time-bomb/
1293014409	20260307	202603	2026	2026.1836	MED	WEBSITE						MED			MAR	MOROCCO	MAR								1	042	042	04	1	1.9	5	1	5	4.39024390243903	4	Agadir, Souss-Massa-DrâMO, Morocco	MO	MO55	147358	30.4207	-9.59316	-20029	4	Agadir, Souss-Massa-DrâMO, Morocco	MO	MO55	147358	30.4207	-9.59316	-20029	4	Agadir, Souss-Massa-DrâMO, Morocco	MO	MO55	147358	30.4207	-9.59316	-20029	20260307204500	https://eturbonews.com/morocco-tourism-revenues-january-2026-19-percent-growth/
1293014410	20260307	202603	2026	2026.1836	MED	NEWS AGENCY						MED			MIL	MILITARY						MIL			1	190	190	19	4	-10.0	2	1	2	-1.53846153846153	4	Tehran, Tehran, Iran	IR	IR26	41130	35.75	51.5148	10074674	4	Tehran, Tehran, Iran	IR	IR26	41130	35.75	51.5148	10074674	4	Tehran, Tehran, Iran	IR	IR26	41130	35.75	51.5148	10074674	20260307204500	https://www.manilatimes.net/2026/03/08/world/us-israel-strikes-hit-oil-depot-in-tehran-iran-state-media/2295388
1293014411	20260307	202603	2026	2026.1836	MED	NEWS AGENCY						MED			MIL	MILITARY						MIL			1	190	190	19	4	-10.0	8	1	8	-1.53846153846153	1	Israel	IS	IS		31.5	34.75	IS	1	Israel	IS	IS		31.5	34.75	IS	1	Israel	IS	IS		31.5	34.75	IS	20260307204500	https://www.manilatimes.net/2026/03/08/world/us-israel-strikes-hit-oil-depot-in-tehran-iran-state-media/2295388
1293014412	20260307	202603	2026	2026.1836	MED	MEDIA						MED			MIL	MARINE CORP						MIL			0	190	190	19	4	-10.0	3	1	3	-5.59284116331096	2	Montana, United States	US	USMT		46.9048	-110.326	MT	2	Montana, United States	US	USMT		46.9048	-110.326	MT	2	Montana, United States	US	USMT		46.9048	-110.326	MT	20260307204500	https://www.hindustantimes.com/world-news/us-news/where-is-brian-mcginnis-now-former-army-officer-raises-questions-after-capitol-arrest-not-been-able-to-speak-to-him-101772900529784.html
1293014413	20260307	202603	2026	2026.1836	MED	MEDIA						MED			MIL	MARINE CORP						MIL			0	190	190	19	4	-10.0	2	1	2	-5.59284116331096	2	North Carolina, United States	US	USNC		35.6411	-79.8431	NC	2	North Carolina, United States	US	USNC		35.6411	-79.8431	NC	2	North Carolina, United States	US	USNC		35.6411	-79.8431	NC	20260307204500	https://www.hindustantimes.com/world-news/us-news/where-is-brian-mcginnis-now-former-army-officer-raises-questions-after-capitol-arrest-not-been-able-to-speak-to-him-101772900529784.html
1293014414	20260307	202603	2026	2026.1836	MED	MEDIA						MED			MOS	MUSLIM				MOS					1	120	120	12	3	-4.0	10	1	10	-1.78230426479949	4	Telangana, Andhra Pradesh, India	IN	IN02	17568	18	79.5	-2112824	4	Telangana, Andhra Pradesh, India	IN	IN02	17568	18	79.5	-2112824	4	Telangana, Andhra Pradesh, India	IN	IN02	17568	18	79.5	-2112824	20260307204500	https://weeklyblitz.net/2026/03/08/indias-muslim-population-a-ticking-time-bomb/
1293014415	20260307	202603	2026	2026.1836	MED	SPOKESMAN						MED			SYRGOV	ALEPPO	SYR					GOV			1	026	026	02	1	4.0	3	1	3	-1.55440414507772	4	Aleppo, ?alab, Syria	SY	SY09	26319	36.2028	37.1586	-2541857	4	Aleppo, ?alab, Syria	SY	SY09	26319	36.2028	37.1586	-2541857	4	Aleppo, ?alab, Syria	SY	SY09	26319	36.2028	37.1586	-2541857	20260307204500	https://sana.sy/en/syria/2301057/
1293014416	20260307	202603	2026	2026.1836	MED	COLUMNIST						MED			USA	MILWAUKEE	USA								0	043	043	04	1	2.8	3	1	3	1.96923076923077	3	Milwaukee, Wisconsin, United States	US	USWI	WI079	43.0389	-87.9065	1577901	3	Milwaukee, Wisconsin, United States	US	USWI	WI079	43.0389	-87.9065	1577901	3	Milwaukee, Wisconsin, United States	US	USWI	WI079	43.0389	-87.9065	1577901	20260307204500	https://www.yahoo.com/news/articles/discussion-guns-milwaukee-thats-goal-200856721.html
1293014417	20260307	202603	2026	2026.1836	MED	COLUMNIST						MED			USA	MILWAUKEE	USA								0	046	046	04	1	7.0	3	1	3	1.96923076923077	3	Milwaukee, Wisconsin, United States	US	USWI	WI079	43.0389	-87.9065	1577901	3	Milwaukee, Wisconsin, United States	US	USWI	WI079	43.0389	-87.9065	1577901	3	Milwaukee, Wisconsin, United States	US	USWI	WI079	43.0389	-87.9065	1577901	20260307204500	https://www.yahoo.com/news/articles/discussion-guns-milwaukee-thats-goal-200856721.html
1293014418	20260307	202603	2026	2026.1836	MED	MEDIA						MED			USA	LOS ANGELES	USA								1	046	046	04	1	7.0	5	1	5	3.6096256684492	3	Los Angeles, California, United States	US	USCA	CA037	34.0522	-118.244	1662328	3	Los Angeles, California, United States	US	USCA		34.0522	-118.244	1662328	3	Los Angeles, California, United States	US	USCA		34.0522	-118.244	1662328	20260307204500	https://www.aol.com/articles/colton-underwood-reveals-hilarious-thing-200000404.html
1293014419	20260307	202603	2026	2026.1836	MED	MEDIA						MED			USA	LOS ANGELES	USA								1	046	046	04	1	7.0	2	1	2	3.6096256684492	1	Jordan	JO	JO		31	36	JO	1	Jordan	JO	JO		31	36	JO	3	Los Angeles, California, United States	US	USCA		34.0522	-118.244	1662328	20260307204500	https://www.aol.com/articles/colton-underwood-reveals-hilarious-thing-200000404.html
1293014420	20260307	202603	2026	2026.1836	MED	MEDIA						MED			USA	LOS ANGELES	USA								1	046	046	04	1	7.0	3	1	3	3.6096256684492	1	Jordan	JO	JO		31	36	JO	1	Jordan	JO	JO		31	36	JO	1	Jordan	JO	JO		31	36	JO	20260307204500	https://www.aol.com/articles/colton-underwood-reveals-hilarious-thing-200000404.html
1293014421	20260307	202603	2026	2026.1836	MEX	MEXICO	MEX																		0	010	010	01	1	0.0	4	1	4	0.63391442155309	1	United States	US	US		39.828175	-98.5795	US	0								1	United States	US	US		39.828175	-98.5795	US	20260307204500	https://www.theplainsman.com/article/2026/03/the-sunlight-question-should-the-modern-world-still-observe-daylight-saving-time
1293014422	20260307	202603	2026	2026.1836	MEX	MEXICAN	MEX																		0	020	020	02	1	3.0	10	1	10	-7.61154855643044	4	Chapala, Sonora, Mexico	MX	MX26	20961	29.4333	-111.417	-3869918	0								4	Chapala, Sonora, Mexico	MX	MX26	20961	29.4333	-111.417	-3869918	20260307204500	https://eturbonews.com/war-in-mexico-tourists-cartel-violence-jalisco-travel-warning/
1293014423	20260307	202603	2026	2026.1836	MEX	VILLAHERMOSA	MEX								USA	UNITED STATES	USA								1	112	112	11	3	-2.0	2	1	2	-7.6056338028169	2	Puerto Rico, United States	US	USPR		18.2766	-66.335	PR	2	Puerto Rico, United States	US	USPR		18.2766	-66.335	PR	2	Puerto Rico, United States	US	USPR		18.2766	-66.335	PR	20260307204500	https://www.wftv.com/news/local/man-arrested-impersonating-police-officer-osceola-county/OY2NJS2VGVGTLLADVUHFJPDCII/
1293014424	20260307	202603	2026	2026.1836	MEX	MEXICO	MEX								USA	UNITED STATES	USA								0	181	181	18	4	-9.0	1	1	1	-7.61154855643044	4	Puerto Vallarta, Jalisco, Mexico	MX	MX14	20887	20.6167	-105.25	-1690444	1	United States	US	US		39.828175	-98.5795	US	4	Puerto Vallarta, Jalisco, Mexico	MX	MX14	20887	20.6167	-105.25	-1690444	20260307204500	https://eturbonews.com/war-in-mexico-tourists-cartel-violence-jalisco-travel-warning/
1293014425	20260307	202603	2026	2026.1836	MEX	MEXICO	MEX								USA	AMERICAN	USA								0	181	181	18	4	-9.0	6	1	6	-7.61154855643044	4	Puerto Vallarta, Jalisco, Mexico	MX	MX14	20887	20.6167	-105.25	-1690444	1	United States	US	US		39.828175	-98.5795	US	1	United States	US	US		39.828175	-98.5795	US	20260307204500	https://eturbonews.com/war-in-mexico-tourists-cartel-violence-jalisco-travel-warning/
1293014426	20260307	202603	2026	2026.1836	MEX	MEXICO	MEX								USA	UNITED STATES	USA								0	181	181	18	4	-9.0	1	1	1	-7.61154855643044	1	United States	US	US		39.828175	-98.5795	US	1	United States	US	US		39.828175	-98.5795	US	1	United States	US	US		39.828175	-98.5795	US	20260307204500	https://eturbonews.com/war-in-mexico-tourists-cartel-violence-jalisco-travel-warning/
1293014427	20260307	202603	2026	2026.1836	MEX	MATAMOROS	MEX								USA	AMERICAN	USA								0	192	192	19	4	-9.5	5	1	5	-7.61154855643044	1	United States	US	US		39.828175	-98.5795	US	1	United States	US	US		39.828175	-98.5795	US	4	Puerto Vallarta, Jalisco, Mexico	MX	MX14	20887	20.6167	-105.25	-1690444	20260307204500	https://eturbonews.com/war-in-mexico-tourists-cartel-violence-jalisco-travel-warning/
1293014428	20260307	202603	2026	2026.1836	MEX	MATAMOROS	MEX								USA	UNITED STATES	USA								0	192	192	19	4	-9.5	3	1	3	-7.61154855643044	1	United States	US	US		39.828175	-98.5795	US	1	United States	US	US		39.828175	-98.5795	US	1	United States	US	US		39.828175	-98.5795	US	20260307204500	https://eturbonews.com/war-in-mexico-tourists-cartel-violence-jalisco-travel-warning/
1293014429	20260307	202603	2026	2026.1836	MEXCVL	MEXICAN	MEX					CVL			USA	THE US	USA								1	075	075	07	2	7.0	10	1	10	-7.61154855643044	4	Chapala, Sonora, Mexico	MX	MX26	20961	29.4333	-111.417	-3869918	4	Chapala, Sonora, Mexico	MX	MX26	20961	29.4333	-111.417	-3869918	4	Chapala, Sonora, Mexico	MX	MX26	20961	29.4333	-111.417	-3869918	20260307204500	https://eturbonews.com/war-in-mexico-tourists-cartel-violence-jalisco-travel-warning/
1293014430	20260307	202603	2026	2026.1836	MIL	AIR FORCE						MIL													0	010	010	01	1	0.0	2	1	2	0.0433087916847201	2	New Jersey, United States	US	USNJ		40.314	-74.5089	NJ	0								2	New Jersey, United States	US	USNJ		40.314	-74.5089	NJ	20260307204500	https://www.trains.com/pro/freight/class-i/what-happened-in-the-rail-industry-this-week-march-6-2026/
1293014431	20260307	202603	2026	2026.1836	MIL	AIR FORCE						MIL													1	046	046	04	1	7.0	2	1	2	-1.52477763659466	3	Dover Air Force Base, Delaware, United States	US	USDE	DE001	39.128	-75.4655	2512167	0								3	Dover Air Force Base, Delaware, United States	US	USDE		39.128	-75.4655	2512167	20260307204500	https://www.hindustantimes.com/world-news/us-news/trump-to-join-grieving-families-at-dover-air-force-base-for-return-of-soldiers-killed-in-iran-war-who-were-they-101772903902315.html
1293014432	20260307	202603	2026	2026.1836	MIL	FIGHTER JET						MIL													0	072	072	07	2	8.3	1	1	1	-3.06620209059234	4	Luxeuil, Franche-ComtéR, France	FR	FRA6	16297	47.8171	6.365	-1448417	0								4	Luxeuil, Franche-ComtéR, France	FR	FRA6	16297	47.8171	6.365	-1448417	20260307204500	https://weeklyblitz.net/2026/03/08/europe-moves-toward-independent-nuclear-deterrence-under-macrons-new-strategy/
1293014433	20260307	202603	2026	2026.1836	MIL	MILITARY						MIL													0	072	072	07	2	8.3	6	1	6	-3.68873168266802	4	Caracas, Distrito Federal, Venezuela	VE	VE25	31959	10.5	-66.9167	-938457	0								3	Washington, District of Columbia, United States	US	USDC	DC001	38.8951	-77.0364	531871	20260307204500	https://pjmedia.com/david-manney/2026/03/07/iran-war-reveals-the-energy-war-behind-russia-and-chinas-alliance-n4950373
1293014434	20260307	202603	2026	2026.1836	MIL	BATTALION						MIL													1	090	090	09	2	-2.0	2	1	2	-3.86178861788618	4	Damascus, Dimashq, Syria	SY	SY13	26324	33.5	36.3	-2541260	0								4	Damascus, Dimashq, Syria	SY	SY13	26324	33.5	36.3	-2541260	20260307204500	https://www.thenationalnews.com/news/mena/2026/03/07/syria-tells-lebanon-troop-build-up-near-border-is-defensive/
1293014435	20260307	202603	2026	2026.1836	MIL	MILITARY						MIL													1	110	110	11	3	-2.0	2	1	2	-3.68873168266802	4	Ural, Zaporiz'ka Oblast', Ukraine	UP	UP26	28566	46.6667	35.5	-1057184	0								4	Beijing, Beijing, China	CH	CH22	13001	39.9289	116.388	-1898541	20260307204500	https://pjmedia.com/david-manney/2026/03/07/iran-war-reveals-the-energy-war-behind-russia-and-chinas-alliance-n4950373
1293014436	20260307	202603	2026	2026.1836	MIL	MILITARY						MIL													1	110	110	11	3	-2.0	2	1	2	-3.68873168266802	4	Tehran, Tehran, Iran	IR	IR26	41130	35.75	51.5148	10074674	0								4	Moscow, Moskva, Russia	RS	RS48	25106	55.7522	37.6156	-2960561	20260307204500	https://pjmedia.com/david-manney/2026/03/07/iran-war-reveals-the-energy-war-behind-russia-and-chinas-alliance-n4950373
1293014437	20260307	202603	2026	2026.1836	MIL	NAVAL						MIL			BUS	BUSINESS						BUS			0	013	013	01	1	0.4	8	1	8	-3.90859891761876	4	Tehran, Tehran, Iran	IR	IR26	41130	35.75	51.5148	10074674	4	Tehran, Tehran, Iran	IR	IR26	41130	35.75	51.5148	10074674	4	Tehran, Tehran, Iran	IR	IR26	41130	35.75	51.5148	10074674	20260307204500	https://www.dailymail.co.uk/news/article-15623775/Treasury-Secretary-Scott-Bessent-largest-bombing-Iran-factories-missiles.html
1293014438	20260307	202603	2026	2026.1836	MIL	NAVAL						MIL			BUS	BUSINESS						BUS			0	013	013	01	1	0.4	2	1	2	-3.90859891761876	3	Washington, District of Columbia, United States	US	USDC	DC001	38.8951	-77.0364	531871	3	Washington, District of Columbia, United States	US	USDC	DC001	38.8951	-77.0364	531871	3	Washington, District of Columbia, United States	US	USDC	DC001	38.8951	-77.0364	531871	20260307204500	https://www.dailymail.co.uk/news/article-15623775/Treasury-Secretary-Scott-Bessent-largest-bombing-Iran-factories-missiles.html
1293014439	20260307	202603	2026	2026.1836	MIL	MILITARY						MIL			EDU	COLLEGE						EDU			1	043	043	04	1	2.8	10	1	10	-0.34364261168385	3	Washington, District of Columbia, United States	US	USDC	DC001	38.8951	-77.0364	531871	3	Washington, District of Columbia, United States	US	USDC	DC001	38.8951	-77.0364	531871	3	Washington, District of Columbia, United States	US	USDC	DC001	38.8951	-77.0364	531871	20260307204500	https://www.lahainanews.com/wire/?category=5035&ID=388376
1293014440	20260307	202603	2026	2026.1836	MIL	FIGHTER JET						MIL			FRA	FRANCE	FRA								0	072	072	07	2	8.3	2	1	2	-3.06620209059234	4	Luxeuil, Franche-ComtéR, France	FR	FRA6	16297	47.8171	6.365	-1448417	4	Luxeuil, Franche-ComtéR, France	FR	FRA6	16297	47.8171	6.365	-1448417	4	Luxeuil, Franche-ComtéR, France	FR	FRA6	16297	47.8171	6.365	-1448417	20260307204500	https://weeklyblitz.net/2026/03/08/europe-moves-toward-independent-nuclear-deterrence-under-macrons-new-strategy/
1293014441	20260307	202603	2026	2026.1836	MIL	MILITARY BASE						MIL			GOV	PRESIDENT						GOV			0	042	042	04	1	1.9	5	1	5	-5.8128078817734	1	Saudi Arabia	SA	SA		25	45	SA	4	Tehran, Tehran, Iran	IR	IR26	41130	35.75	51.5148	10074674	4	Tehran, Tehran, Iran	IR	IR26	41130	35.75	51.5148	10074674	20260307204500	https://www.manilatimes.net/2026/03/08/world/iran-fires-at-gulf-neighbors-as-trump-threatens-more-strikes/2295382
1293014442	20260307	202603	2026	2026.1836	MIL	NAVAL						MIL			IRN	IRAN	IRN								0	040	040	04	1	1.0	1	1	1	-3.90859891761876	3	Washington, District of Columbia, United States	US	USDC	DC001	38.8951	-77.0364	531871	4	Tehran, Tehran, Iran	IR	IR26	41130	35.75	51.5148	10074674	4	Tehran, Tehran, Iran	IR	IR26	41130	35.75	51.5148	10074674	20260307204500	https://www.dailymail.co.uk/news/article-15623775/Treasury-Secretary-Scott-Bessent-largest-bombing-Iran-factories-missiles.html
1293014443	20260307	202603	2026	2026.1836	MIL	NAVAL						MIL			IRN	IRAN	IRN								0	040	040	04	1	1.0	1	1	1	-3.90859891761876	1	Israel	IS	IS		31.5	34.75	IS	4	Tehran, Tehran, Iran	IR	IR26	41130	35.75	51.5148	10074674	4	Tehran, Tehran, Iran	IR	IR26	41130	35.75	51.5148	10074674	20260307204500	https://www.dailymail.co.uk/news/article-15623775/Treasury-Secretary-Scott-Bessent-largest-bombing-Iran-factories-missiles.html
1293014444	20260307	202603	2026	2026.1836	MIL	AIR FORCE						MIL			IRN	IRAN	IRN								1	046	046	04	1	7.0	2	1	2	-1.52477763659466	3	Dover Air Force Base, Delaware, United States	US	USDE	DE001	39.128	-75.4655	2512167	1	Iran	IR	IR		32	53	IR	3	Dover Air Force Base, Delaware, United States	US	USDE		39.128	-75.4655	2512167	20260307204500	https://www.hindustantimes.com/world-news/us-news/trump-to-join-grieving-families-at-dover-air-force-base-for-return-of-soldiers-killed-in-iran-war-who-were-they-101772903902315.html
1293014445	20260307	202603	2026	2026.1836	MIL	DESTROYER						MIL			IRN	IRANIAN	IRN								0	193	193	19	4	-10.0	1	1	1	-4.22535211267606	4	Arabian Sea, India (general), India	IN	IN00		20	65	-2089022	4	Arabian Sea, India (general), India	IN	IN00		20	65	-2089022	4	Arabian Sea, India (general), India	IN	IN00		20	65	-2089022	20260307204500	https://www.dailymail.co.uk/news/article-15623839/staggering-cost-iran-war-taxpayers-america.html
1293014446	20260307	202603	2026	2026.1836	MIL	DESTROYER						MIL			IRN	IRANIAN	IRN								0	193	193	19	4	-10.0	1	1	1	-4.22535211267606	4	Arabian Sea, India (general), India	IN	IN00		20	65	-2089022	4	Tehran, Tehran, Iran	IR	IR26	41130	35.75	51.5148	10074674	4	Tehran, Tehran, Iran	IR	IR26	41130	35.75	51.5148	10074674	20260307204500	https://www.dailymail.co.uk/news/article-15623839/staggering-cost-iran-war-taxpayers-america.html
1293014447	20260307	202603	2026	2026.1836	MIL	MILITARY BASE						MIL			IRNGOV	IRAN	IRN					GOV			0	042	042	04	1	1.9	1	1	1	-5.8128078817734	4	Tehran, Tehran, Iran	IR	IR26	41130	35.75	51.5148	10074674	4	Tehran, Tehran, Iran	IR	IR26	41130	35.75	51.5148	10074674	4	Tehran, Tehran, Iran	IR	IR26	41130	35.75	51.5148	10074674	20260307204500	https://www.manilatimes.net/2026/03/08/world/iran-fires-at-gulf-neighbors-as-trump-threatens-more-strikes/2295382
1293014448	20260307	202603	2026	2026.1836	MIL	MILITARY						MIL			IRNMIL	IRANIAN	IRN					MIL			0	010	010	01	1	0.0	3	1	3	-4.63576158940398	4	Isfahan, Esfahan, Iran	IR	IR28	40941	32.6597	51.6714	6013426	4	Isfahan, Esfahan, Iran	IR	IR28	40941	32.6597	51.6714	6013426	4	Isfahan, Esfahan, Iran	IR	IR28	40941	32.6597	51.6714	6013426	20260307204500	https://www.aljazeera.com/news/2026/3/7/uae-president-says-prepared-to-confront-threats-as-iran-attacks-continue
1293014449	20260307	202603	2026	2026.1836	MIL	MILITARY						MIL			IRNMIL	IRANIAN	IRN					MIL			0	190	190	19	4	-10.0	3	1	3	-4.63576158940398	4	Isfahan, Esfahan, Iran	IR	IR28	40941	32.6597	51.6714	6013426	4	Isfahan, Esfahan, Iran	IR	IR28	40941	32.6597	51.6714	6013426	4	Isfahan, Esfahan, Iran	IR	IR28	40941	32.6597	51.6714	6013426	20260307204500	https://www.aljazeera.com/news/2026/3/7/uae-president-says-prepared-to-confront-threats-as-iran-attacks-continue
1293014450	20260307	202603	2026	2026.1836	MIL	DESTROYER						MIL			IRNMIL	IRANIAN	IRN					MIL			0	193	193	19	4	-10.0	6	1	6	-4.22535211267606	4	Arabian Sea, India (general), India	IN	IN00		20	65	-2089022	4	Tehran, Tehran, Iran	IR	IR26	41130	35.75	51.5148	10074674	4	Tehran, Tehran, Iran	IR	IR26	41130	35.75	51.5148	10074674	20260307204500	https://www.dailymail.co.uk/news/article-15623839/staggering-cost-iran-war-taxpayers-america.html
1293014451	20260307	202603	2026	2026.1836	MIL	MILITARY OFFICIAL						MIL			REF	DISPLACED PERSON						REF			1	073	073	07	2	7.4	10	1	10	-1.55440414507772	4	Aleppo, ?alab, Syria	SY	SY09	26319	36.2028	37.1586	-2541857	4	Aleppo, ?alab, Syria	SY	SY09	26319	36.2028	37.1586	-2541857	4	Aleppo, ?alab, Syria	SY	SY09	26319	36.2028	37.1586	-2541857	20260307204500	https://sana.sy/en/syria/2301057/
1293014452	20260307	202603	2026	2026.1836	MIL	MILITARY						MIL			SYR	DAMASCUS	SYR								0	010	010	01	1	0.0	8	1	8	-3.86178861788618	4	Damascus, Dimashq, Syria	SY	SY13	26324	33.5	36.3	-2541260	4	Damascus, Dimashq, Syria	SY	SY13	26324	33.5	36.3	-2541260	4	Damascus, Dimashq, Syria	SY	SY13	26324	33.5	36.3	-2541260	20260307204500	https://www.thenationalnews.com/news/mena/2026/03/07/syria-tells-lebanon-troop-build-up-near-border-is-defensive/
1293014453	20260307	202603	2026	2026.1836	MIL	MILITARY						MIL			USA	AMERICAN	USA								0	010	010	01	1	0.0	2	1	2	-1.20300751879699	1	Israel	IS	IS		31.5	34.75	IS	1	Israel	IS	IS		31.5	34.75	IS	1	Israel	IS	IS		31.5	34.75	IS	20260307204500	https://jcpost.com/posts/62deb85b-dca5-4c47-a246-5bda4a51b2a6
1293014454	20260307	202603	2026	2026.1836	MIL	MILITARY						MIL			USA	UNITED STATES	USA								0	010	010	01	1	0.0	6	1	6	-1.20300751879699	2	Virginia, United States	US	USVA		37.768	-78.2057	VA	2	Virginia, United States	US	USVA		37.768	-78.2057	VA	2	Virginia, United States	US	USVA		37.768	-78.2057	VA	20260307204500	https://jcpost.com/posts/62deb85b-dca5-4c47-a246-5bda4a51b2a6
1293014455	20260307	202603	2026	2026.1836	MIL	ARMY						MIL			USA	WASHINGTON	USA								1	046	046	04	1	7.0	4	1	4	7.14285714285715	1	Iraq	IZ	IZ		33	44	IZ	3	Washington, District of Columbia, United States	US	USDC	DC001	38.8951	-77.0364	531871	1	Iraq	IZ	IZ		33	44	IZ	20260307204500	https://www.outerbanksvoice.com/2026/03/07/ocracoke-fig-festival-to-feature-washington-nc-chef-jamie-davis/
1293014456	20260307	202603	2026	2026.1836	MIL	ARMY						MIL			USA	WASHINGTON	USA								1	046	046	04	1	7.0	1	1	1	7.14285714285715	1	Iraq	IZ	IZ		33	44	IZ	1	Iraq	IZ	IZ		33	44	IZ	1	Iraq	IZ	IZ		33	44	IZ	20260307204500	https://www.outerbanksvoice.com/2026/03/07/ocracoke-fig-festival-to-feature-washington-nc-chef-jamie-davis/
1293014457	20260307	202603	2026	2026.1836	MIL	MILITARY						MIL			USA	UNITED STATES	USA								0	190	190	19	4	-10.0	1	1	1	-1.20300751879699	1	Israel	IS	IS		31.5	34.75	IS	1	Israel	IS	IS		31.5	34.75	IS	1	Israel	IS	IS		31.5	34.75	IS	20260307204500	https://jcpost.com/posts/62deb85b-dca5-4c47-a246-5bda4a51b2a6
1293014458	20260307	202603	2026	2026.1836	MIL	MILITARY						MIL			USA	UNITED STATES	USA								0	190	190	19	4	-10.0	3	1	3	-1.20300751879699	2	Virginia, United States	US	USVA		37.768	-78.2057	VA	2	Virginia, United States	US	USVA		37.768	-78.2057	VA	4	Tehran, Tehran, Iran	IR	IR26	41130	35.75	51.5148	10074674	20260307204500	https://jcpost.com/posts/62deb85b-dca5-4c47-a246-5bda4a51b2a6
1293014459	20260307	202603	2026	2026.1836	MIL	MILITARY						MIL			USA	UNITED STATES	USA								0	190	190	19	4	-10.0	2	1	2	-1.20300751879699	2	Virginia, United States	US	USVA		37.768	-78.2057	VA	2	Virginia, United States	US	USVA		37.768	-78.2057	VA	2	Virginia, United States	US	USVA		37.768	-78.2057	VA	20260307204500	https://jcpost.com/posts/62deb85b-dca5-4c47-a246-5bda4a51b2a6
1293014460	20260307	202603	2026	2026.1836	MIL	MILITARY						MIL			USAMIL	AMERICAN TROOPS	USA					MIL			0	010	010	01	1	0.0	2	1	2	-1.20300751879699	2	Virginia, United States	US	USVA		37.768	-78.2057	VA	2	Virginia, United States	US	USVA		37.768	-78.2057	VA	2	Virginia, United States	US	USVA		37.768	-78.2057	VA	20260307204500	https://jcpost.com/posts/62deb85b-dca5-4c47-a246-5bda4a51b2a6
1293014461	20260307	202603	2026	2026.1836	MIL	MILITARY						MIL			USAMIL	AMERICAN TROOPS	USA					MIL			0	190	190	19	4	-10.0	2	1	2	-1.20300751879699	2	Virginia, United States	US	USVA		37.768	-78.2057	VA	2	Virginia, United States	US	USVA		37.768	-78.2057	VA	4	Tehran, Tehran, Iran	IR	IR26	41130	35.75	51.5148	10074674	20260307204500	https://jcpost.com/posts/62deb85b-dca5-4c47-a246-5bda4a51b2a6
1293014462	20260307	202603	2026	2026.1836	MLT	MALTA	MLT																		0	043	043	04	1	2.8	10	1	10	6.32530120481928	4	Comino, Qala, Malta	MT	MT42	19431	36.0133	14.3356	-18780	0								4	Comino, Qala, Malta	MT	MT42	19431	36.0133	14.3356	-18780	20260307204500	https://eturbonews.com/malta-delta-vacations-program-jfk-nonstop-flight-2026/
1293014463	20260307	202603	2026	2026.1836	MNCUSA	NETFLIX	USA					MNC													1	111	111	11	3	-2.0	6	1	6	2.68948655256724	1	United States	US	US		39.828175	-98.5795	US	0								1	United States	US	US		39.828175	-98.5795	US	20260307204500	https://www.nzherald.co.nz/lifestyle/meghan-markle-splits-from-netflix-to-take-full-control-of-as-ever-jam-brand/QF645D7H3BB45DNCA7UBDTYNLM/
1293014464	20260307	202603	2026	2026.1836	MOS	ISLAM				MOS															1	141	141	14	3	-6.5	2	1	2	-2.84900284900285	3	Gracie Mansion, New York, United States	US	USNY	NY061	40.7761	-73.9431	2083607	0								3	Gracie Mansion, New York, United States	US	USNY		40.7761	-73.9431	2083607	20260307204500	https://www.nbcnews.com/news/us-news/gracie-mansion-suspicious-devices-rcna262237
1293014465	20260307	202603	2026	2026.1836	MOS	ISLAM				MOS															1	141	141	14	3	-6.5	2	1	2	-2.84900284900285	2	New York, United States	US	USNY		42.1497	-74.9384	NY	0								2	New York, United States	US	USNY		42.1497	-74.9384	NY	20260307204500	https://www.nbcnews.com/news/us-news/gracie-mansion-suspicious-devices-rcna262237
1293014466	20260307	202603	2026	2026.1836	MOS	MUSLIM				MOS					HIN	HINDU				HIN					0	017	017	01	1	0.0	4	1	4	-1.78230426479949	5	Uttarakhand, Uttaranchal, India	IN	IN39	70282	30.25	79.25	6240779	5	Uttarakhand, Uttaranchal, India	IN	IN39	70282	30.25	79.25	6240779	5	Uttarakhand, Uttaranchal, India	IN	IN39	70282	30.25	79.25	6240779	20260307204500	https://weeklyblitz.net/2026/03/08/indias-muslim-population-a-ticking-time-bomb/
1293014467	20260307	202603	2026	2026.1836	MOS	ISLAM				MOS					USA	UNITED STATES	USA								1	141	141	14	3	-6.5	2	1	2	-2.84900284900285	3	Gracie Mansion, New York, United States	US	USNY	NY061	40.7761	-73.9431	2083607	3	Gracie Mansion, New York, United States	US	USNY		40.7761	-73.9431	2083607	3	Gracie Mansion, New York, United States	US	USNY		40.7761	-73.9431	2083607	20260307204500	https://www.nbcnews.com/news/us-news/gracie-mansion-suspicious-devices-rcna262237
1293014468	20260307	202603	2026	2026.1836	MOS	ISLAM				MOS					USA	UNITED STATES	USA								1	141	141	14	3	-6.5	4	1	4	-2.84900284900285	2	New York, United States	US	USNY		42.1497	-74.9384	NY	2	New York, United States	US	USNY		42.1497	-74.9384	NY	2	New York, United States	US	USNY		42.1497	-74.9384	NY	20260307204500	https://www.nbcnews.com/news/us-news/gracie-mansion-suspicious-devices-rcna262237
1293014469	20260307	202603	2026	2026.1836	MYSEDU	MALAYSIA	MYS					EDU													0	042	042	04	1	1.9	2	1	2	-9.99999999999997	2	Alaska, United States	US	USAK		61.385	-152.268	AK	0								2	Alaska, United States	US	USAK		61.385	-152.268	AK	20260307204500	https://www.foxnews.com/us/fbi-captures-bangladeshi-fugitive-extradited-massive-online-child-sextortion-case
1293014470	20260307	202603	2026	2026.1836	NGA	NIGERIA	NGA																		1	010	010	01	1	0.0	2	1	2	-1.13636363636363	4	Iragbiji, Nigeria (general), Nigeria	NI	NI00	22995	7.9	4.68333	-2012470	0								4	Iragbiji, Nigeria (general), Nigeria	NI	NI00	22995	7.9	4.68333	-2012470	20260307204500	https://www.opinionnigeria.com/2026-oyetolas-misreading-of-osun-peoples-resolve-by-sarafa-ibrahim/
1293014471	20260307	202603	2026	2026.1836	NGA	NIGERIA	NGA																		1	010	010	01	1	0.0	1	1	1	-1.13636363636363	4	Iragbiji, Nigeria (general), Nigeria	NI	NI00	22995	7.9	4.68333	-2012470	0								4	Osun, Nigeria (general), Nigeria	NI	NI00	191219	7.53333	4.05	-2024291	20260307204500	https://www.opinionnigeria.com/2026-oyetolas-misreading-of-osun-peoples-resolve-by-sarafa-ibrahim/
1293014472	20260307	202603	2026	2026.1836	NGA	NIGERIA	NGA																		1	010	010	01	1	0.0	7	1	7	-1.13636363636363	4	Osun, Nigeria (general), Nigeria	NI	NI00	191219	7.53333	4.05	-2024291	0								4	Osun, Nigeria (general), Nigeria	NI	NI00	191219	7.53333	4.05	-2024291	20260307204500	https://www.opinionnigeria.com/2026-oyetolas-misreading-of-osun-peoples-resolve-by-sarafa-ibrahim/
1293014473	20260307	202603	2026	2026.1836	NGA	NIGERIA	NGA																		1	020	020	02	1	3.0	2	1	2	0	5	Ekiti State, Ekiti, Nigeria	NI	NI54	22967	7.66667	5.25	9098618	0								5	Ekiti State, Ekiti, Nigeria	NI	NI54	22967	7.66667	5.25	9098618	20260307204500	https://www.opinionnigeria.com/ekiti-2026-sustaining-the-bao-effect-by-adesola-adesanmi/
1293014474	20260307	202603	2026	2026.1836	NGA	NIGERIA	NGA																		1	141	141	14	3	-6.5	2	1	2	-1.13636363636363	4	Osun, Nigeria (general), Nigeria	NI	NI00	191219	7.53333	4.05	-2024291	0								4	Iragbiji, Nigeria (general), Nigeria	NI	NI00	22995	7.9	4.68333	-2012470	20260307204500	https://www.opinionnigeria.com/2026-oyetolas-misreading-of-osun-peoples-resolve-by-sarafa-ibrahim/
1293014475	20260307	202603	2026	2026.1836	NGA	NIGERIA	NGA																		1	141	141	14	3	-6.5	6	1	6	-1.13636363636363	4	Osun, Nigeria (general), Nigeria	NI	NI00	191219	7.53333	4.05	-2024291	0								4	Osun, Nigeria (general), Nigeria	NI	NI00	191219	7.53333	4.05	-2024291	20260307204500	https://www.opinionnigeria.com/2026-oyetolas-misreading-of-osun-peoples-resolve-by-sarafa-ibrahim/
1293014476	20260307	202603	2026	2026.1836	NGA	NIGERIA	NGA								GOVELI	GOVERNOR						GOV	ELI		0	043	043	04	1	2.8	4	1	4	-8.98692810457518	5	Ebonyi State, Ebonyi, Nigeria	NI	NI53	191314	6.25	8.08333	9098617	5	Ebonyi State, Ebonyi, Nigeria	NI	NI53	191314	6.25	8.08333	9098617	5	Ebonyi State, Ebonyi, Nigeria	NI	NI53	191314	6.25	8.08333	9098617	20260307204500	https://www.opinionnigeria.com/afenifere-raises-alarm-over-terror-attacks-in-yorubaland-says-kidnappers-demand-virgins-drugs-as-ransom/
1293014477	20260307	202603	2026	2026.1836	NGA	NIGERIA	NGA								HLH	DOCTOR						HLH			0	181	181	18	4	-9.0	6	1	6	-8.98692810457518	5	Edo State, Edo, Nigeria	NI	NI37	191281	6.5	6	29623	5	Edo State, Edo, Nigeria	NI	NI37	191281	6.5	6	29623	5	Edo State, Edo, Nigeria	NI	NI37	191281	6.5	6	29623	20260307204500	https://www.opinionnigeria.com/afenifere-raises-alarm-over-terror-attacks-in-yorubaland-says-kidnappers-demand-virgins-drugs-as-ransom/
1293014478	20260307	202603	2026	2026.1836	NGAGOV	NIGERIA	NGA					GOV													0	042	042	04	1	1.9	2	1	2	-8.98692810457518	5	Edo State, Edo, Nigeria	NI	NI37	191281	6.5	6	29623	0								5	Edo State, Edo, Nigeria	NI	NI37	191281	6.5	6	29623	20260307204500	https://www.opinionnigeria.com/afenifere-raises-alarm-over-terror-attacks-in-yorubaland-says-kidnappers-demand-virgins-drugs-as-ransom/
1293014479	20260307	202603	2026	2026.1836	NGAGOV	ATIKU ABUBAKAR	NGA					GOV			MED	MEDIA						MED			1	111	111	11	3	-2.0	10	1	10	-5.03875968992252	4	Tinubu, Lagos, Nigeria	NI	NI05	191300	6.51667	3.36667	-2027738	4	Tinubu, Lagos, Nigeria	NI	NI05	191300	6.51667	3.36667	-2027738	4	Tinubu, Lagos, Nigeria	NI	NI05	191300	6.51667	3.36667	-2027738	20260307204500	https://peoplesdailyng.com/bwalas-political-trajectory-defined-by-opportunistic-merchandising-of-allegiance-atikus-aide/
1293014480	20260307	202603	2026	2026.1836	NGOEDU	SIGMA GAMMA RHO						NGO	EDU		EDU	SCHOOL						EDU			1	0353	035	03	1	7.0	10	1	10	3.90070921985815	2	Illinois, United States	US	USIL		40.3363	-89.0022	IL	2	Illinois, United States	US	USIL		40.3363	-89.0022	IL	2	Illinois, United States	US	USIL		40.3363	-89.0022	IL	20260307204500	https://www.ksdk.com/article/entertainment/events/sigma-gamma-rho-operation-big-book-bag-30th-anniversary-east-st-louis/63-b55f81cd-9a0d-4814-ad5a-f57bc9f92d5b
1293014481	20260307	202603	2026	2026.1836	NGOEDU	SIGMA GAMMA RHO						NGO	EDU		EDU	SCHOOL						EDU			1	036	036	03	1	4.0	10	1	10	3.90070921985815	2	Illinois, United States	US	USIL		40.3363	-89.0022	IL	2	Illinois, United States	US	USIL		40.3363	-89.0022	IL	2	Illinois, United States	US	USIL		40.3363	-89.0022	IL	20260307204500	https://www.ksdk.com/article/entertainment/events/sigma-gamma-rho-operation-big-book-bag-30th-anniversary-east-st-louis/63-b55f81cd-9a0d-4814-ad5a-f57bc9f92d5b
1293014482	20260307	202603	2026	2026.1836	NORGOV	NORWAY	NOR					GOV			NOR	OSLO	NOR								0	036	036	03	1	4.0	6	1	6	-3.06620209059234	4	Oslo, Oslo, Norway	NO	NO12	23413	59.9167	10.75	-273837	4	Oslo, Oslo, Norway	NO	NO12	23413	59.9167	10.75	-273837	4	Oslo, Oslo, Norway	NO	NO12	23413	59.9167	10.75	-273837	20260307204500	https://weeklyblitz.net/2026/03/08/europe-moves-toward-independent-nuclear-deterrence-under-macrons-new-strategy/
1293014483	20260307	202603	2026	2026.1836	NORGOV	NORWAY	NOR					GOV			NOR	NORWAY	NOR								0	036	036	03	1	4.0	2	1	2	-3.06620209059234	1	Denmark	DA	DA		56	10	DA	4	Oslo, Oslo, Norway	NO	NO12	23413	59.9167	10.75	-273837	4	Oslo, Oslo, Norway	NO	NO12	23413	59.9167	10.75	-273837	20260307204500	https://weeklyblitz.net/2026/03/08/europe-moves-toward-independent-nuclear-deterrence-under-macrons-new-strategy/
1293014484	20260307	202603	2026	2026.1836	NPL	NEPAL	NPL								BGD	BANGLADESHI	BGD								0	040	040	04	1	1.0	6	1	6	-3.75293197810789	1	Nepal	NP	NP		28	84	NP	4	Dhaka, Dhaka, Bangladesh	BG	BG81	5778	23.7231	90.4086	-2737683	4	Dhaka, Dhaka, Bangladesh	BG	BG81	5778	23.7231	90.4086	-2737683	20260307204500	https://weeklyblitz.net/2026/03/08/jamaat-awami-league-nexus-the-fault-line-beneath-bangladeshs-politics/
1293014485	20260307	202603	2026	2026.1836	NPL	NEPAL	NPL								BGD	BANGLADESH	BGD								0	040	040	04	1	1.0	2	1	2	-3.75293197810789	1	Nepal	NP	NP		28	84	NP	4	Dhaka, Dhaka, Bangladesh	BG	BG81	5778	23.7231	90.4086	-2737683	1	Nepal	NP	NP		28	84	NP	20260307204500	https://weeklyblitz.net/2026/03/08/jamaat-awami-league-nexus-the-fault-line-beneath-bangladeshs-politics/
1293014486	20260307	202603	2026	2026.1836	NPL	NEPAL	NPL								BGD	BANGLADESHI	BGD								0	040	040	04	1	1.0	2	1	2	-3.75293197810789	1	Nepal	NP	NP		28	84	NP	1	Nepal	NP	NP		28	84	NP	1	Nepal	NP	NP		28	84	NP	20260307204500	https://weeklyblitz.net/2026/03/08/jamaat-awami-league-nexus-the-fault-line-beneath-bangladeshs-politics/
1293014487	20260307	202603	2026	2026.1836	NPL	NEPAL	NPL								GOV	ADMINISTRATION						GOV			0	042	042	04	1	1.9	2	1	2	-3.75293197810789	1	Nepal	NP	NP		28	84	NP	1	Nepal	NP	NP		28	84	NP	4	Dhaka, Dhaka, Bangladesh	BG	BG81	5778	23.7231	90.4086	-2737683	20260307204500	https://weeklyblitz.net/2026/03/08/jamaat-awami-league-nexus-the-fault-line-beneath-bangladeshs-politics/
1293014488	20260307	202603	2026	2026.1836	NPL	NEPAL	NPL								GOV	ADMINISTRATION						GOV			0	042	042	04	1	1.9	8	1	8	-3.75293197810789	1	Nepal	NP	NP		28	84	NP	1	Nepal	NP	NP		28	84	NP	1	Nepal	NP	NP		28	84	NP	20260307204500	https://weeklyblitz.net/2026/03/08/jamaat-awami-league-nexus-the-fault-line-beneath-bangladeshs-politics/
1293014489	20260307	202603	2026	2026.1836	OPP	PROTESTER						OPP			GOV	REGIME						GOV			0	020	020	02	1	3.0	10	1	10	0	4	Tehran, Tehran, Iran	IR	IR26	41130	35.75	51.5148	10074674	4	Tehran, Tehran, Iran	IR	IR26	41130	35.75	51.5148	10074674	4	Tehran, Tehran, Iran	IR	IR26	41130	35.75	51.5148	10074674	20260307204500	https://www.ncr-iran.org/en/news/iran-resistance/mp-bob-blackman-the-choice-for-iran-is-not-chaos-but-a-transition-from-dictatorship-to-democracy/
1293014490	20260307	202603	2026	2026.1836	OPP	ACTIVIST						OPP			IRN	IRANIAN	IRN								0	020	020	02	1	3.0	1	1	1	-1.50602409638554	4	London, London, City of, United Kingdom	UK	UKH9	40110	51.5	-0.116667	-2601889	4	Tehran, Tehran, Iran	IR	IR26	41130	35.75	51.5148	10074674	4	London, London, City of, United Kingdom	UK	UKH9	40110	51.5	-0.116667	-2601889	20260307204500	https://www.ncr-iran.org/en/news/iran-resistance/baroness-oloan-institutionalized-female-leadership-is-the-backbone-of-irans-resistance/
1293014491	20260307	202603	2026	2026.1836	OPP	PROTESTER						OPP			IRN	IRAN	IRN								0	0841	084	08	2	7.0	10	1	10	0	4	Tehran, Tehran, Iran	IR	IR26	41130	35.75	51.5148	10074674	4	Tehran, Tehran, Iran	IR	IR26	41130	35.75	51.5148	10074674	4	Tehran, Tehran, Iran	IR	IR26	41130	35.75	51.5148	10074674	20260307204500	https://www.ncr-iran.org/en/news/iran-resistance/mp-bob-blackman-the-choice-for-iran-is-not-chaos-but-a-transition-from-dictatorship-to-democracy/
1293014492	20260307	202603	2026	2026.1836	OPP	PROTESTER						OPP			IRN	IRAN	IRN								0	120	120	12	3	-4.0	10	1	10	-5.8128078817734	4	Tehran, Tehran, Iran	IR	IR26	41130	35.75	51.5148	10074674	4	Tehran, Tehran, Iran	IR	IR26	41130	35.75	51.5148	10074674	4	Tehran, Tehran, Iran	IR	IR26	41130	35.75	51.5148	10074674	20260307204500	https://www.manilatimes.net/2026/03/08/world/iran-fires-at-gulf-neighbors-as-trump-threatens-more-strikes/2295382
1293014493	20260307	202603	2026	2026.1836	OPP	ACTIVIST						OPP			IRNGOV	IRANIAN	IRN					GOV			0	020	020	02	1	3.0	6	1	6	-1.50602409638554	4	Tehran, Tehran, Iran	IR	IR26	41130	35.75	51.5148	10074674	4	Tehran, Tehran, Iran	IR	IR26	41130	35.75	51.5148	10074674	4	London, London, City of, United Kingdom	UK	UKH9	40110	51.5	-0.116667	-2601889	20260307204500	https://www.ncr-iran.org/en/news/iran-resistance/baroness-oloan-institutionalized-female-leadership-is-the-backbone-of-irans-resistance/
1293014494	20260307	202603	2026	2026.1836	OPP	PROTESTER						OPP			USA	THE US	USA								0	051	051	05	1	3.4	3	1	3	-5.8128078817734	4	Tehran, Tehran, Iran	IR	IR26	41130	35.75	51.5148	10074674	4	Tehran, Tehran, Iran	IR	IR26	41130	35.75	51.5148	10074674	4	Tehran, Tehran, Iran	IR	IR26	41130	35.75	51.5148	10074674	20260307204500	https://www.manilatimes.net/2026/03/08/world/iran-fires-at-gulf-neighbors-as-trump-threatens-more-strikes/2295382
1293014495	20260307	202603	2026	2026.1836	PAK	PAKISTAN	PAK								SAU	SAUDI ARABIA	SAU								0	062	062	06	2	7.4	1	1	1	-3.9622641509434	1	Pakistan	PK	PK		30	70	PK	4	Riyadh, Ar Riya?, Saudi Arabia	SA	SA10	25316	24.6408	46.7728	-3093009	1	Pakistan	PK	PK		30	70	PK	20260307204500	https://www.thenationalnews.com/news/gulf/2026/03/07/saudi-arabia-foils-three-iranian-drone-attacks-on-oil-field-near-uae-border/
1293014496	20260307	202603	2026	2026.1836	PER	LIMA	PER																		1	051	051	05	1	3.4	10	1	10	0.87209302325581	4	Lima, Lima, Peru	PE	PE15	91841	-12.05	-77.05	-352647	0								4	Lima, Lima, Peru	PE	PE15	91841	-12.05	-77.05	-352647	20260307204500	https://eturbonews.com/frankfurt-airport-achieves-double-digit-passenger-growth-in-april/
1293014497	20260307	202603	2026	2026.1836	POL	POLAND	POL																		1	030	030	03	1	4.0	4	1	4	-6.1617458279846	1	Poland	PL	PL		52	20	PL	0								1	Poland	PL	PL		52	20	PL	20260307204500	https://variety.com/2026/film/reviews/heel-review-stephen-graham-and-andrea-riseborough-1236681329/
1293014498	20260307	202603	2026	2026.1836	POL	WARSAW	POL								UKR	KYIV	UKR								0	042	042	04	1	1.9	7	1	7	-2.7972027972028	4	Warsaw, (PL67), Poland	PL	PL67	24452	52.25	21	-534433	4	Kyiv, Kyyiv, Misto, Ukraine	UP	UP12	28554	50.4333	30.5167	-1044367	4	Warsaw, (PL67), Poland	PL	PL67	24452	52.25	21	-534433	20260307204500	https://internationalviewpoint.org/Last-Year-s-International-Women-s-Day-Ukraine
1293014499	20260307	202603	2026	2026.1836	PSE	PALESTINIAN	PSE								IRN	IRAN	IRN								0	080	080	08	2	5.0	2	1	2	-1.78230426479949	4	Jerusalem, Israel (general), Israel	IS	IS00	18315	31.7667	35.2333	-797092	4	Tehran, Tehran, Iran	IR	IR26	41130	35.75	51.5148	10074674	4	Tehran, Tehran, Iran	IR	IR26	41130	35.75	51.5148	10074674	20260307204500	https://weeklyblitz.net/2026/03/08/indias-muslim-population-a-ticking-time-bomb/
1293014500	20260307	202603	2026	2026.1836	PSE	PALESTINIAN	PSE								IRN	IRAN	IRN								0	080	080	08	2	5.0	1	1	1	-1.78230426479949	4	Tehran, Tehran, Iran	IR	IR26	41130	35.75	51.5148	10074674	4	Tehran, Tehran, Iran	IR	IR26	41130	35.75	51.5148	10074674	4	Tehran, Tehran, Iran	IR	IR26	41130	35.75	51.5148	10074674	20260307204500	https://weeklyblitz.net/2026/03/08/indias-muslim-population-a-ticking-time-bomb/
1293014501	20260307	202603	2026	2026.1836	PSEREB	HAMAS	PSE					REB			CVL	CIVILIAN						CVL			1	190	190	19	4	-10.0	5	1	5	-9.86328125	4	Gaza, Israel (general), Israel	IS	IS00	18315	31.4167	34.3333	-797156	4	Gaza, Israel (general), Israel	IS	IS00	18315	31.4167	34.3333	-797156	4	Gaza, Israel (general), Israel	IS	IS00	18315	31.4167	34.3333	-797156	20260307204500	https://timesofindia.indiatimes.com/world/us/zohran-mamdani-reassured-jewish-new-yorkers-but-his-wifes-oct-7-social-media-activity-tells-another-story/articleshow/129233815.cms
1293014502	20260307	202603	2026	2026.1836	PTY	PARTY MEMBER									USA	UNITED STATES	USA								0	110	110	11	3	-2.0	2	1	2	2.11416490486258	2	Alabama, United States	US	USAL		32.799	-86.8073	AL	2	Alabama, United States	US	USAL		32.799	-86.8073	AL	2	Alabama, United States	US	USAL		32.799	-86.8073	AL	20260307204500	https://www.al.com/politics/2026/03/alabama-gop-kills-effort-to-rebuke-leader-who-said-he-could-give-a-sh-about-republican-party.html
1293014503	20260307	202603	2026	2026.1836	QAT	QATARI	QAT								MIL	MILITARY						MIL			1	130	130	13	3	-4.4	4	1	4	-8.38709677419358	1	Qatar	QA	QA		25.5	51.25	QA	1	Qatar	QA	QA		25.5	51.25	QA	1	Qatar	QA	QA		25.5	51.25	QA	20260307204500	https://sana.sy/en/international/2301037/
1293014504	20260307	202603	2026	2026.1836	QATGOV	QATARI	QAT					GOV			MIL	MILITARY						MIL			1	130	130	13	3	-4.4	6	1	6	-8.38709677419358	1	Qatar	QA	QA		25.5	51.25	QA	1	Qatar	QA	QA		25.5	51.25	QA	1	Qatar	QA	QA		25.5	51.25	QA	20260307204500	https://sana.sy/en/international/2301037/
1293014505	20260307	202603	2026	2026.1836	QATMIL	QATAR	QAT					MIL			GOVMIL	MINIST OF DEFENCE						GOV	MIL		0	194	194	19	4	-10.0	1	1	1	-4.63576158940398	4	Abu Dhabi, Abu Z¸aby, United Arab Emirates	AE	AE01	28568	24.4667	54.3667	-782066	4	Abu Dhabi, Abu Z¸aby, United Arab Emirates	AE	AE01	28568	24.4667	54.3667	-782066	4	Abu Dhabi, Abu Z¸aby, United Arab Emirates	AE	AE01	28568	24.4667	54.3667	-782066	20260307204500	https://www.aljazeera.com/news/2026/3/7/uae-president-says-prepared-to-confront-threats-as-iran-attacks-continue
1293014506	20260307	202603	2026	2026.1836	QATMIL	QATAR	QAT					MIL			GOVMIL	MINIST OF DEFENCE						GOV	MIL		0	194	194	19	4	-10.0	4	1	4	-4.63576158940398	1	Qatar	QA	QA		25.5	51.25	QA	1	Qatar	QA	QA		25.5	51.25	QA	1	Qatar	QA	QA		25.5	51.25	QA	20260307204500	https://www.aljazeera.com/news/2026/3/7/uae-president-says-prepared-to-confront-threats-as-iran-attacks-continue
1293014507	20260307	202603	2026	2026.1836	REF	DISPLACED RESIDENTS						REF			USA	AMERICAN	USA								1	042	042	04	1	1.9	10	1	10	-2.77777777777778	0								0								0								20260307204500	https://wwmt.com/news/local/officials-urge-public-to-avoid-three-rivers-tornado-zone-shelter-opens-up-for-residents-st-joseph-county-sheriff-ef3-storm
1293014508	20260307	202603	2026	2026.1836	REL	BISHOP																			1	051	051	05	1	3.4	3	1	2	3.6096256684492	3	Los Angeles, California, United States	US	USCA	CA037	34.0522	-118.244	1662328	0								3	Los Angeles, California, United States	US	USCA		34.0522	-118.244	1662328	20260307204500	https://www.aol.com/articles/colton-underwood-reveals-hilarious-thing-200000404.html
1293014509	20260307	202603	2026	2026.1836	REL	BISHOP																			1	051	051	05	1	3.4	1	1	1	3.6096256684492	1	Jordan	JO	JO		31	36	JO	0								1	Jordan	JO	JO		31	36	JO	20260307204500	https://www.aol.com/articles/colton-underwood-reveals-hilarious-thing-200000404.html
1293014510	20260307	202603	2026	2026.1836	RUS	RUSSIA	RUS																		0	071	071	07	2	7.4	2	1	2	-3.68873168266802	4	Beijing, Beijing, China	CH	CH22	13001	39.9289	116.388	-1898541	0								4	Red Sea, Djibouti (general), Djibouti	DJ	DJ00	25312	19	39.5	-2037160	20260307204500	https://pjmedia.com/david-manney/2026/03/07/iran-war-reveals-the-energy-war-behind-russia-and-chinas-alliance-n4950373
1293014511	20260307	202603	2026	2026.1836	RUS	RUSSIAN	RUS																		1	081	081	08	2	5.0	1	1	1	-3.97058823529411	4	Moscow, Moskva, Russia	RS	RS48	25106	55.7522	37.6156	-2960561	0								4	Moscow, Moskva, Russia	RS	RS48	25106	55.7522	37.6156	-2960561	20260307204500	https://time.com/7383068/iran-war-russia-oil/
1293014512	20260307	202603	2026	2026.1836	RUS	RUSSIAN	RUS																		1	081	081	08	2	5.0	4	1	4	-3.97058823529411	4	Shahed, Fars, Iran	IR	IR07	25307	28.5934	52.2295	-3083999	0								4	Moscow, Moskva, Russia	RS	RS48	25106	55.7522	37.6156	-2960561	20260307204500	https://time.com/7383068/iran-war-russia-oil/
1293014513	20260307	202603	2026	2026.1836	RUS	MOSCOW	RUS																		0	190	190	19	4	-10.0	1	1	1	-3.68873168266802	4	Beijing, Beijing, China	CH	CH22	13001	39.9289	116.388	-1898541	0								4	Beijing, Beijing, China	CH	CH22	13001	39.9289	116.388	-1898541	20260307204500	https://pjmedia.com/david-manney/2026/03/07/iran-war-reveals-the-energy-war-behind-russia-and-chinas-alliance-n4950373
1293014514	20260307	202603	2026	2026.1836	RUS	MOSCOW	RUS																		0	190	190	19	4	-10.0	1	1	1	-3.68873168266802	4	Moscow, Moskva, Russia	RS	RS48	25106	55.7522	37.6156	-2960561	0								4	Tehran, Tehran, Iran	IR	IR26	41130	35.75	51.5148	10074674	20260307204500	https://pjmedia.com/david-manney/2026/03/07/iran-war-reveals-the-energy-war-behind-russia-and-chinas-alliance-n4950373
1293014515	20260307	202603	2026	2026.1836	RUS	RUSSIA	RUS								CHN	CHINA	CHN								0	050	050	05	1	3.5	3	1	3	-3.68873168266802	4	Moscow, Moskva, Russia	RS	RS48	25106	55.7522	37.6156	-2960561	4	Beijing, Beijing, China	CH	CH22	13001	39.9289	116.388	-1898541	4	Tehran, Tehran, Iran	IR	IR26	41130	35.75	51.5148	10074674	20260307204500	https://pjmedia.com/david-manney/2026/03/07/iran-war-reveals-the-energy-war-behind-russia-and-chinas-alliance-n4950373
1293014516	20260307	202603	2026	2026.1836	RUS	RUSSIA	RUS								CHN	CHINA	CHN								0	050	050	05	1	3.5	1	1	1	-3.68873168266802	4	Moscow, Moskva, Russia	RS	RS48	25106	55.7522	37.6156	-2960561	4	Moscow, Moskva, Russia	RS	RS48	25106	55.7522	37.6156	-2960561	4	Tehran, Tehran, Iran	IR	IR26	41130	35.75	51.5148	10074674	20260307204500	https://pjmedia.com/david-manney/2026/03/07/iran-war-reveals-the-energy-war-behind-russia-and-chinas-alliance-n4950373
1293014517	20260307	202603	2026	2026.1836	RUS	RUSSIA	RUS								CHN	CHINA	CHN								0	050	050	05	1	3.5	1	1	1	-3.68873168266802	4	Tehran, Tehran, Iran	IR	IR26	41130	35.75	51.5148	10074674	4	Tehran, Tehran, Iran	IR	IR26	41130	35.75	51.5148	10074674	4	Tehran, Tehran, Iran	IR	IR26	41130	35.75	51.5148	10074674	20260307204500	https://pjmedia.com/david-manney/2026/03/07/iran-war-reveals-the-energy-war-behind-russia-and-chinas-alliance-n4950373
1293014518	20260307	202603	2026	2026.1836	RUS	RUSSIA	RUS								CHN	CHINA	CHN								0	110	110	11	3	-2.0	2	1	2	-3.68873168266802	4	Beijing, Beijing, China	CH	CH22	13001	39.9289	116.388	-1898541	4	Beijing, Beijing, China	CH	CH22	13001	39.9289	116.388	-1898541	4	Beijing, Beijing, China	CH	CH22	13001	39.9289	116.388	-1898541	20260307204500	https://pjmedia.com/david-manney/2026/03/07/iran-war-reveals-the-energy-war-behind-russia-and-chinas-alliance-n4950373
1293014519	20260307	202603	2026	2026.1836	RUS	RUSSIA	RUS								CHN	CHINA	CHN								0	110	110	11	3	-2.0	6	1	6	-3.68873168266802	4	Moscow, Moskva, Russia	RS	RS48	25106	55.7522	37.6156	-2960561	4	Beijing, Beijing, China	CH	CH22	13001	39.9289	116.388	-1898541	4	Moscow, Moskva, Russia	RS	RS48	25106	55.7522	37.6156	-2960561	20260307204500	https://pjmedia.com/david-manney/2026/03/07/iran-war-reveals-the-energy-war-behind-russia-and-chinas-alliance-n4950373
1293014520	20260307	202603	2026	2026.1836	RUS	RUSSIA	RUS								CHN	CHINA	CHN								0	110	110	11	3	-2.0	2	1	2	-3.68873168266802	4	Moscow, Moskva, Russia	RS	RS48	25106	55.7522	37.6156	-2960561	4	Moscow, Moskva, Russia	RS	RS48	25106	55.7522	37.6156	-2960561	4	Moscow, Moskva, Russia	RS	RS48	25106	55.7522	37.6156	-2960561	20260307204500	https://pjmedia.com/david-manney/2026/03/07/iran-war-reveals-the-energy-war-behind-russia-and-chinas-alliance-n4950373
1293014521	20260307	202603	2026	2026.1836	RUS	RUSSIA	RUS								CVL	CIVILIAN						CVL			0	120	120	12	3	-4.0	2	1	2	-4.13223140495868	4	Kharkiv, Kharkivs'ka Oblast', Ukraine	UP	UP07	25036	49.9808	36.2527	-1041320	4	Moscow, Moskva, Russia	RS	RS48	25106	55.7522	37.6156	-2960561	4	Moscow, Moskva, Russia	RS	RS48	25106	55.7522	37.6156	-2960561	20260307204500	https://www.themoscowtimes.com/2026/03/07/russian-strikes-kill-at-least-12-across-ukraine-a92152
1293014522	20260307	202603	2026	2026.1836	RUS	MOSCOW	RUS								CVL	CIVILIAN						CVL			0	120	120	12	3	-4.0	6	1	6	-4.13223140495868	4	Moscow, Moskva, Russia	RS	RS48	25106	55.7522	37.6156	-2960561	4	Moscow, Moskva, Russia	RS	RS48	25106	55.7522	37.6156	-2960561	4	Moscow, Moskva, Russia	RS	RS48	25106	55.7522	37.6156	-2960561	20260307204500	https://www.themoscowtimes.com/2026/03/07/russian-strikes-kill-at-least-12-across-ukraine-a92152
1293014523	20260307	202603	2026	2026.1836	RUS	RUSSIA	RUS								GOV	CABINET						GOV			0	042	042	04	1	1.9	1	1	1	-3.68873168266802	4	Beijing, Beijing, China	CH	CH22	13001	39.9289	116.388	-1898541	4	Beijing, Beijing, China	CH	CH22	13001	39.9289	116.388	-1898541	4	Beijing, Beijing, China	CH	CH22	13001	39.9289	116.388	-1898541	20260307204500	https://pjmedia.com/david-manney/2026/03/07/iran-war-reveals-the-energy-war-behind-russia-and-chinas-alliance-n4950373
1293014524	20260307	202603	2026	2026.1836	RUS	RUSSIA	RUS								GOV	CABINET						GOV			0	042	042	04	1	1.9	2	1	2	-3.68873168266802	4	Moscow, Moskva, Russia	RS	RS48	25106	55.7522	37.6156	-2960561	4	Beijing, Beijing, China	CH	CH22	13001	39.9289	116.388	-1898541	4	Beijing, Beijing, China	CH	CH22	13001	39.9289	116.388	-1898541	20260307204500	https://pjmedia.com/david-manney/2026/03/07/iran-war-reveals-the-energy-war-behind-russia-and-chinas-alliance-n4950373
1293014525	20260307	202603	2026	2026.1836	RUS	RUSSIA	RUS								MIL	MILITARY						MIL			0	071	071	07	2	7.4	2	1	2	-3.68873168266802	4	Beijing, Beijing, China	CH	CH22	13001	39.9289	116.388	-1898541	4	Red Sea, Djibouti (general), Djibouti	DJ	DJ00	25312	19	39.5	-2037160	4	Red Sea, Djibouti (general), Djibouti	DJ	DJ00	25312	19	39.5	-2037160	20260307204500	https://pjmedia.com/david-manney/2026/03/07/iran-war-reveals-the-energy-war-behind-russia-and-chinas-alliance-n4950373
1293014526	20260307	202603	2026	2026.1836	RUS	RUSSIA	RUS								MIL	MILITARY						MIL			0	071	071	07	2	7.4	8	1	8	-3.68873168266802	4	Moscow, Moskva, Russia	RS	RS48	25106	55.7522	37.6156	-2960561	4	Moscow, Moskva, Russia	RS	RS48	25106	55.7522	37.6156	-2960561	4	Moscow, Moskva, Russia	RS	RS48	25106	55.7522	37.6156	-2960561	20260307204500	https://pjmedia.com/david-manney/2026/03/07/iran-war-reveals-the-energy-war-behind-russia-and-chinas-alliance-n4950373
1293014527	20260307	202603	2026	2026.1836	RUS	RUSSIA	RUS								MIL	MILITARY						MIL			1	190	190	19	4	-10.0	10	1	10	-4.13223140495868	4	Moscow, Moskva, Russia	RS	RS48	25106	55.7522	37.6156	-2960561	4	Kharkiv, Kharkivs'ka Oblast', Ukraine	UP	UP07	25036	49.9808	36.2527	-1041320	4	Kharkiv, Kharkivs'ka Oblast', Ukraine	UP	UP07	25036	49.9808	36.2527	-1041320	20260307204500	https://www.themoscowtimes.com/2026/03/07/russian-strikes-kill-at-least-12-across-ukraine-a92152
1293014528	20260307	202603	2026	2026.1836	RUS	RUSSIA	RUS								RUSCVL	RUSSIAN	RUS					CVL			0	173	173	17	4	-5.0	5	1	5	-2.7972027972028	1	Russia	RS	RS		60	100	RS	1	Russia	RS	RS		60	100	RS	1	Russia	RS	RS		60	100	RS	20260307204500	https://internationalviewpoint.org/Last-Year-s-International-Women-s-Day-Ukraine
1293014529	20260307	202603	2026	2026.1836	RUS	RUSSIAN	RUS								SYR	SYRIAN	SYR								0	042	042	04	1	1.9	1	1	1	-3.68873168266802	4	Moscow, Moskva, Russia	RS	RS48	25106	55.7522	37.6156	-2960561	1	Syria	SY	SY		35	38	SY	4	Moscow, Moskva, Russia	RS	RS48	25106	55.7522	37.6156	-2960561	20260307204500	https://pjmedia.com/david-manney/2026/03/07/iran-war-reveals-the-energy-war-behind-russia-and-chinas-alliance-n4950373
1293014530	20260307	202603	2026	2026.1836	RUS	RUSSIAN	RUS								SYR	SYRIAN	SYR								0	042	042	04	1	1.9	1	1	1	-3.68873168266802	1	Syria	SY	SY		35	38	SY	4	Tehran, Tehran, Iran	IR	IR26	41130	35.75	51.5148	10074674	1	Syria	SY	SY		35	38	SY	20260307204500	https://pjmedia.com/david-manney/2026/03/07/iran-war-reveals-the-energy-war-behind-russia-and-chinas-alliance-n4950373
1293014531	20260307	202603	2026	2026.1836	RUS	RUSSIAN	RUS								TKM	TURKMENISTAN	TKM								0	061	061	06	2	6.4	10	1	10	-2.17006200177148	4	Moscow, Moskva, Russia	RS	RS48	25106	55.7522	37.6156	-2960561	4	Ashgabat, Ahal, Turkmenistan	TX	TX01	147325	37.95	58.3833	-2557812	4	Ashgabat, Ahal, Turkmenistan	TX	TX01	147325	37.95	58.3833	-2557812	20260307204500	https://www.forbes.com/sites/philipmaymin/2026/03/07/the-war-that-is-seen-and-the-pipeline-that-is-unseen/
1293014532	20260307	202603	2026	2026.1836	RUS	RUSSIA	RUS								TKM	TURKMENISTAN	TKM								0	112	112	11	3	-2.0	6	1	6	-2.17006200177148	4	Moscow, Moskva, Russia	RS	RS48	25106	55.7522	37.6156	-2960561	4	Ashgabat, Ahal, Turkmenistan	TX	TX01	147325	37.95	58.3833	-2557812	4	Moscow, Moskva, Russia	RS	RS48	25106	55.7522	37.6156	-2960561	20260307204500	https://www.forbes.com/sites/philipmaymin/2026/03/07/the-war-that-is-seen-and-the-pipeline-that-is-unseen/
1293014533	20260307	202603	2026	2026.1836	RUS	RUSSIA	RUS								TKM	TURKMENISTAN	TKM								0	112	112	11	3	-2.0	2	1	2	-2.17006200177148	4	Moscow, Moskva, Russia	RS	RS48	25106	55.7522	37.6156	-2960561	4	Moscow, Moskva, Russia	RS	RS48	25106	55.7522	37.6156	-2960561	4	Moscow, Moskva, Russia	RS	RS48	25106	55.7522	37.6156	-2960561	20260307204500	https://www.forbes.com/sites/philipmaymin/2026/03/07/the-war-that-is-seen-and-the-pipeline-that-is-unseen/
1293014534	20260307	202603	2026	2026.1836	RUS	RUSSIA	RUS								TKM	TURKMENISTAN	TKM								0	112	112	11	3	-2.0	2	1	2	-2.17006200177148	4	Tehran, Tehran, Iran	IR	IR26	41130	35.75	51.5148	10074674	4	Tehran, Tehran, Iran	IR	IR26	41130	35.75	51.5148	10074674	4	Tehran, Tehran, Iran	IR	IR26	41130	35.75	51.5148	10074674	20260307204500	https://www.forbes.com/sites/philipmaymin/2026/03/07/the-war-that-is-seen-and-the-pipeline-that-is-unseen/
1293014535	20260307	202603	2026	2026.1836	RUS	RUSSIA	RUS								UIS	THE INTERNATIONAL COMMUNITY						UIS			0	163	163	16	4	-8.0	1	1	1	-3.97058823529411	4	Shahed, Fars, Iran	IR	IR07	25307	28.5934	52.2295	-3083999	4	Shahed, Fars, Iran	IR	IR07	25307	28.5934	52.2295	-3083999	4	Shahed, Fars, Iran	IR	IR07	25307	28.5934	52.2295	-3083999	20260307204500	https://time.com/7383068/iran-war-russia-oil/
1293014536	20260307	202603	2026	2026.1836	RUS	RUSSIA	RUS								UIS	THE INTERNATIONAL COMMUNITY						UIS			0	163	163	16	4	-8.0	1	1	1	-3.97058823529411	3	White House, District of Columbia, United States	US	USDC		38.8951	-77.0364	531871	3	White House, District of Columbia, United States	US	USDC		38.8951	-77.0364	531871	3	White House, District of Columbia, United States	US	USDC		38.8951	-77.0364	531871	20260307204500	https://time.com/7383068/iran-war-russia-oil/
1293014537	20260307	202603	2026	2026.1836	RUS	RUSSIA	RUS								UKR	UKRAINE	UKR								0	080	080	08	2	5.0	2	1	2	-2.7972027972028	1	Russia	RS	RS		60	100	RS	4	Lviv, L'vivs'ka Oblast', Ukraine	UP	UP15	28555	49.8407	24.0305	-1045268	1	Russia	RS	RS		60	100	RS	20260307204500	https://internationalviewpoint.org/Last-Year-s-International-Women-s-Day-Ukraine
1293014538	20260307	202603	2026	2026.1836	RUS	RUSSIAN	RUS								UKRCOP	UKRAINE	UKR					COP			0	202	202	20	4	-10.0	2	1	2	-8.09248554913295	4	Kyiv, Kyyiv, Misto, Ukraine	UP	UP12	28554	50.4333	30.5167	-1044367	4	Kyiv, Kyyiv, Misto, Ukraine	UP	UP12	28554	50.4333	30.5167	-1044367	4	Kyiv, Kyyiv, Misto, Ukraine	UP	UP12	28554	50.4333	30.5167	-1044367	20260307204500	https://www.aljazeera.com/news/2026/3/7/russia-kills-10-in-kharkiv-strike-including-children-using-new-missile
1293014539	20260307	202603	2026	2026.1836	RUS	RUSSIAN	RUS								UKRCOP	UKRAINE	UKR					COP			0	202	202	20	4	-10.0	8	1	8	-8.09248554913295	1	Russia	RS	RS		60	100	RS	4	Kyiv, Kyyiv, Misto, Ukraine	UP	UP12	28554	50.4333	30.5167	-1044367	1	Russia	RS	RS		60	100	RS	20260307204500	https://www.aljazeera.com/news/2026/3/7/russia-kills-10-in-kharkiv-strike-including-children-using-new-missile
1293014540	20260307	202603	2026	2026.1836	RUS	RUSSIAN	RUS								USA	DETROIT	USA								0	042	042	04	1	1.9	10	1	10	-2.7972027972028	1	Russia	RS	RS		60	100	RS	1	Russia	RS	RS		60	100	RS	4	Kyiv, Kyyiv, Misto, Ukraine	UP	UP12	28554	50.4333	30.5167	-1044367	20260307204500	https://internationalviewpoint.org/Last-Year-s-International-Women-s-Day-Ukraine
1293014541	20260307	202603	2026	2026.1836	RUS	RUSSIA	RUS								USA	AMERICAN	USA								0	111	111	11	3	-2.0	2	1	2	-3.68873168266802	4	Moscow, Moskva, Russia	RS	RS48	25106	55.7522	37.6156	-2960561	4	Ural, Zaporiz'ka Oblast', Ukraine	UP	UP26	28566	46.6667	35.5	-1057184	4	Ural, Zaporiz'ka Oblast', Ukraine	UP	UP26	28566	46.6667	35.5	-1057184	20260307204500	https://pjmedia.com/david-manney/2026/03/07/iran-war-reveals-the-energy-war-behind-russia-and-chinas-alliance-n4950373
1293014542	20260307	202603	2026	2026.1836	RUS	RUSSIA	RUS								USA	UNITED STATES	USA								0	111	111	11	3	-2.0	2	1	2	-3.68873168266802	4	Moscow, Moskva, Russia	RS	RS48	25106	55.7522	37.6156	-2960561	4	Beijing, Beijing, China	CH	CH22	13001	39.9289	116.388	-1898541	4	Beijing, Beijing, China	CH	CH22	13001	39.9289	116.388	-1898541	20260307204500	https://pjmedia.com/david-manney/2026/03/07/iran-war-reveals-the-energy-war-behind-russia-and-chinas-alliance-n4950373
1293014543	20260307	202603	2026	2026.1836	RUS	RUSSIAN	RUS								USA	DETROIT	USA								0	141	141	14	3	-6.5	10	1	10	-2.7972027972028	1	Russia	RS	RS		60	100	RS	1	Russia	RS	RS		60	100	RS	4	Kyiv, Kyyiv, Misto, Ukraine	UP	UP12	28554	50.4333	30.5167	-1044367	20260307204500	https://internationalviewpoint.org/Last-Year-s-International-Women-s-Day-Ukraine
1293014544	20260307	202603	2026	2026.1836	RUSMIL	RUSSIAN	RUS					MIL			SYRGOV	SYRIAN	SYR					GOV			0	042	042	04	1	1.9	6	1	6	-3.68873168266802	4	Moscow, Moskva, Russia	RS	RS48	25106	55.7522	37.6156	-2960561	1	Syria	SY	SY		35	38	SY	4	Moscow, Moskva, Russia	RS	RS48	25106	55.7522	37.6156	-2960561	20260307204500	https://pjmedia.com/david-manney/2026/03/07/iran-war-reveals-the-energy-war-behind-russia-and-chinas-alliance-n4950373
1293014545	20260307	202603	2026	2026.1836	SAS	SOUTH ASIA	SAS																		0	080	080	08	2	5.0	10	1	10	-3.75293197810789	1	India	IN	IN		20	77	IN	0								1	India	IN	IN		20	77	IN	20260307204500	https://weeklyblitz.net/2026/03/08/jamaat-awami-league-nexus-the-fault-line-beneath-bangladeshs-politics/
1293014546	20260307	202603	2026	2026.1836	SAU	SAUDI ARABIA	SAU								GOV	PRINCE						GOV			0	010	010	01	1	0.0	2	1	2	-4.63576158940398	4	Dubai, Dubayy, United Arab Emirates	AE	AE03	28575	25.2522	55.28	-782831	1	Qatar	QA	QA		25.5	51.25	QA	4	Dubai, Dubayy, United Arab Emirates	AE	AE03	28575	25.2522	55.28	-782831	20260307204500	https://www.aljazeera.com/news/2026/3/7/uae-president-says-prepared-to-confront-threats-as-iran-attacks-continue
1293014547	20260307	202603	2026	2026.1836	SAU	SAUDI ARABIA	SAU								GOV	PRINCE						GOV			0	043	043	04	1	2.8	3	1	3	-4.63576158940398	4	Riyadh, Ar Riya?, Saudi Arabia	SA	SA10	25316	24.6408	46.7728	-3093009	4	Riyadh, Ar Riya?, Saudi Arabia	SA	SA10	25316	24.6408	46.7728	-3093009	1	Kuwait	KU	KU		29.5	47.75	KU	20260307204500	https://www.aljazeera.com/news/2026/3/7/uae-president-says-prepared-to-confront-threats-as-iran-attacks-continue
1293014548	20260307	202603	2026	2026.1836	SAU	SAUDI ARABIA	SAU								GOV	PRINCE						GOV			0	043	043	04	1	2.8	2	1	2	-4.63576158940398	4	Dubai, Dubayy, United Arab Emirates	AE	AE03	28575	25.2522	55.28	-782831	1	Qatar	QA	QA		25.5	51.25	QA	4	Riyadh, Ar Riya?, Saudi Arabia	SA	SA10	25316	24.6408	46.7728	-3093009	20260307204500	https://www.aljazeera.com/news/2026/3/7/uae-president-says-prepared-to-confront-threats-as-iran-attacks-continue
1293014549	20260307	202603	2026	2026.1836	SAU	SAUDI ARABIA	SAU								GOV	PRINCE						GOV			0	194	194	19	4	-10.0	2	1	2	-4.63576158940398	4	Dubai, Dubayy, United Arab Emirates	AE	AE03	28575	25.2522	55.28	-782831	1	Qatar	QA	QA		25.5	51.25	QA	4	Dubai, Dubayy, United Arab Emirates	AE	AE03	28575	25.2522	55.28	-782831	20260307204500	https://www.aljazeera.com/news/2026/3/7/uae-president-says-prepared-to-confront-threats-as-iran-attacks-continue
1293014550	20260307	202603	2026	2026.1836	SAU	SAUDI ARABIA	SAU								PAK	PAKISTAN	PAK								0	062	062	06	2	7.4	1	1	1	-3.9622641509434	4	Riyadh, Ar Riya?, Saudi Arabia	SA	SA10	25316	24.6408	46.7728	-3093009	1	Pakistan	PK	PK		30	70	PK	1	Pakistan	PK	PK		30	70	PK	20260307204500	https://www.thenationalnews.com/news/gulf/2026/03/07/saudi-arabia-foils-three-iranian-drone-attacks-on-oil-field-near-uae-border/
1293014551	20260307	202603	2026	2026.1836	SPY	INTELLIGENCE						SPY			MIL	MILITARY						MIL			0	080	080	08	2	5.0	1	1	1	-1.20300751879699	1	Israel	IS	IS		31.5	34.75	IS	1	Israel	IS	IS		31.5	34.75	IS	1	Israel	IS	IS		31.5	34.75	IS	20260307204500	https://jcpost.com/posts/62deb85b-dca5-4c47-a246-5bda4a51b2a6
1293014552	20260307	202603	2026	2026.1836	SPY	INTELLIGENCE						SPY			MIL	MILITARY						MIL			0	080	080	08	2	5.0	4	1	4	-1.20300751879699	1	Israel	IS	IS		31.5	34.75	IS	2	Virginia, United States	US	USVA		37.768	-78.2057	VA	1	Israel	IS	IS		31.5	34.75	IS	20260307204500	https://jcpost.com/posts/62deb85b-dca5-4c47-a246-5bda4a51b2a6
1293014553	20260307	202603	2026	2026.1836	SYC	SEYCHELLES	SYC																		1	010	010	01	1	0.0	4	1	4	6.87022900763358	4	Saint Anne Island, Seychelles (general), Seychelles	SE	SE00	61280	-4.6	55.5	-1322664	0								4	Saint Anne Island, Seychelles (general), Seychelles	SE	SE00	61280	-4.6	55.5	-1322664	20260307204500	https://eturbonews.com/club-med-seychelles-tourism-community-growth-strategy/
1293014554	20260307	202603	2026	2026.1836	SYC	SEYCHELLES	SYC																		0	051	051	05	1	3.4	9	1	9	6.87022900763358	4	Saint Anne Island, Seychelles (general), Seychelles	SE	SE00	61280	-4.6	55.5	-1322664	0								4	Saint Anne Island, Seychelles (general), Seychelles	SE	SE00	61280	-4.6	55.5	-1322664	20260307204500	https://eturbonews.com/club-med-seychelles-tourism-community-growth-strategy/
1293014555	20260307	202603	2026	2026.1836	SYC	SEYCHELLES	SYC																		0	070	070	07	2	7.0	4	1	4	6.87022900763358	4	Saint Anne Island, Seychelles (general), Seychelles	SE	SE00	61280	-4.6	55.5	-1322664	0								4	Saint Anne Island, Seychelles (general), Seychelles	SE	SE00	61280	-4.6	55.5	-1322664	20260307204500	https://eturbonews.com/club-med-seychelles-tourism-community-growth-strategy/
1293014556	20260307	202603	2026	2026.1836	SYC	SEYCHELLES	SYC								CZE	CZECH REPUBLIC	CZE								1	045	045	04	1	5.0	2	1	2	6.45161290322581	1	Seychelles	SE	SE		-4.583333	55.666667	SE	4	Prague, Praha, Hlavníesto, Czech Republic	EZ	EZ52	14865	50.0833	14.4667	-553173	4	Prague, Praha, Hlavníesto, Czech Republic	EZ	EZ52	14865	50.0833	14.4667	-553173	20260307204500	https://eturbonews.com/tourism-seychelles-introduces-interactive-travel-talk-seychelles-format-in-prague/
1293014557	20260307	202603	2026	2026.1836	SYC	SEYCHELLES	SYC								CZE	CZECH	CZE								1	045	045	04	1	5.0	2	1	2	6.45161290322581	1	Seychelles	SE	SE		-4.583333	55.666667	SE	4	Prague, Praha, Hlavníesto, Czech Republic	EZ	EZ52	14865	50.0833	14.4667	-553173	1	Seychelles	SE	SE		-4.583333	55.666667	SE	20260307204500	https://eturbonews.com/tourism-seychelles-introduces-interactive-travel-talk-seychelles-format-in-prague/
1293014558	20260307	202603	2026	2026.1836	SYC	SEYCHELLES	SYC								CZE	CZECH	CZE								1	045	045	04	1	5.0	4	1	4	6.45161290322581	1	Seychelles	SE	SE		-4.583333	55.666667	SE	1	Seychelles	SE	SE		-4.583333	55.666667	SE	4	Prague, Praha, Hlavníesto, Czech Republic	EZ	EZ52	14865	50.0833	14.4667	-553173	20260307204500	https://eturbonews.com/tourism-seychelles-introduces-interactive-travel-talk-seychelles-format-in-prague/
1293014559	20260307	202603	2026	2026.1836	SYC	SEYCHELLES	SYC								CZE	CZECH	CZE								1	045	045	04	1	5.0	2	1	2	6.45161290322581	1	Seychelles	SE	SE		-4.583333	55.666667	SE	1	Seychelles	SE	SE		-4.583333	55.666667	SE	1	Seychelles	SE	SE		-4.583333	55.666667	SE	20260307204500	https://eturbonews.com/tourism-seychelles-introduces-interactive-travel-talk-seychelles-format-in-prague/
1293014560	20260307	202603	2026	2026.1836	SYC	SEYCHELLES	SYC								REL	SAINT									0	051	051	05	1	3.4	3	1	3	6.87022900763358	4	Saint Anne Island, Seychelles (general), Seychelles	SE	SE00	61280	-4.6	55.5	-1322664	4	Saint Anne Island, Seychelles (general), Seychelles	SE	SE00	61280	-4.6	55.5	-1322664	4	Saint Anne Island, Seychelles (general), Seychelles	SE	SE00	61280	-4.6	55.5	-1322664	20260307204500	https://eturbonews.com/club-med-seychelles-tourism-community-growth-strategy/
1293014561	20260307	202603	2026	2026.1836	SYR	DAMASCUS	SYR								CANBUS	CANADA	CAN					BUS			1	030	030	03	1	4.0	8	1	8	0.85106382978723	4	Damascus, Dimashq, Syria	SY	SY13	26324	33.5	36.3	-2541260	4	Damascus, Dimashq, Syria	SY	SY13	26324	33.5	36.3	-2541260	4	Damascus, Dimashq, Syria	SY	SY13	26324	33.5	36.3	-2541260	20260307204500	https://sana.sy/en/economic/2301093/
1293014562	20260307	202603	2026	2026.1836	SYR	DAMASCUS	SYR								CANBUS	CANADA	CAN					BUS			1	030	030	03	1	4.0	2	1	2	0.85106382978723	4	Damascus, Dimashq, Syria	SY	SY13	26324	33.5	36.3	-2541260	1	Canada	CA	CA		60	-96	CA	4	Damascus, Dimashq, Syria	SY	SY13	26324	33.5	36.3	-2541260	20260307204500	https://sana.sy/en/economic/2301093/
1293014563	20260307	202603	2026	2026.1836	SYR	SYRIA	SYR								DEU	BERLIN	DEU								1	042	042	04	1	1.9	10	1	10	4.41176470588235	1	Syria	SY	SY		35	38	SY	1	Syria	SY	SY		35	38	SY	1	Syria	SY	SY		35	38	SY	20260307204500	https://sana.sy/en/syria/2301055/
1293014564	20260307	202603	2026	2026.1836	SYR	SYRIA	SYR								GOV	ENVOY						GOV			1	040	040	04	1	1.0	6	1	6	-1.55440414507772	4	Afrin, ?alab, Syria	SY	SY09	26319	36.2251	37.3266	-2537705	4	Afrin, ?alab, Syria	SY	SY09	26319	36.2251	37.3266	-2537705	4	Afrin, ?alab, Syria	SY	SY09	26319	36.2251	37.3266	-2537705	20260307204500	https://sana.sy/en/syria/2301057/
1293014565	20260307	202603	2026	2026.1836	SYR	SYRIA	SYR								GOV	ENVOY						GOV			1	043	043	04	1	2.8	6	1	6	-1.55440414507772	4	Afrin, ?alab, Syria	SY	SY09	26319	36.2251	37.3266	-2537705	4	Afrin, ?alab, Syria	SY	SY09	26319	36.2251	37.3266	-2537705	4	Afrin, ?alab, Syria	SY	SY09	26319	36.2251	37.3266	-2537705	20260307204500	https://sana.sy/en/syria/2301057/
1293014566	20260307	202603	2026	2026.1836	SYR	SYRIA	SYR								LBN	LEBANON	LBN								1	154	154	15	4	-7.2	2	1	2	-3.86178861788618	4	Damascus, Dimashq, Syria	SY	SY13	26324	33.5	36.3	-2541260	4	Damascus, Dimashq, Syria	SY	SY13	26324	33.5	36.3	-2541260	1	Iran	IR	IR		32	53	IR	20260307204500	https://www.thenationalnews.com/news/mena/2026/03/07/syria-tells-lebanon-troop-build-up-near-border-is-defensive/
1293014567	20260307	202603	2026	2026.1836	SYR	SYRIA	SYR								LBN	LEBANON	LBN								1	154	154	15	4	-7.2	8	1	8	-3.86178861788618	4	Beirut, Beyrouth, Lebanon	LE	LE04	18808	33.8719	35.5097	-801546	4	Beirut, Beyrouth, Lebanon	LE	LE04	18808	33.8719	35.5097	-801546	4	Beirut, Beyrouth, Lebanon	LE	LE04	18808	33.8719	35.5097	-801546	20260307204500	https://www.thenationalnews.com/news/mena/2026/03/07/syria-tells-lebanon-troop-build-up-near-border-is-defensive/
1293014568	20260307	202603	2026	2026.1836	SYR	SYRIAN	SYR								MIL	MILITARY						MIL			1	0356	035	03	1	7.0	2	1	2	-1.55440414507772	4	Afrin, ?alab, Syria	SY	SY09	26319	36.2251	37.3266	-2537705	4	Afrin, ?alab, Syria	SY	SY09	26319	36.2251	37.3266	-2537705	4	Afrin, ?alab, Syria	SY	SY09	26319	36.2251	37.3266	-2537705	20260307204500	https://sana.sy/en/syria/2301057/
1293014569	20260307	202603	2026	2026.1836	SYR	SYRIAN	SYR								RUS	RUSSIAN	RUS								0	043	043	04	1	2.8	1	1	1	-3.68873168266802	4	Tehran, Tehran, Iran	IR	IR26	41130	35.75	51.5148	10074674	1	Syria	SY	SY		35	38	SY	1	Syria	SY	SY		35	38	SY	20260307204500	https://pjmedia.com/david-manney/2026/03/07/iran-war-reveals-the-energy-war-behind-russia-and-chinas-alliance-n4950373
1293014570	20260307	202603	2026	2026.1836	SYR	SYRIAN	SYR								RUS	RUSSIAN	RUS								0	043	043	04	1	2.8	1	1	1	-3.68873168266802	1	Syria	SY	SY		35	38	SY	4	Moscow, Moskva, Russia	RS	RS48	25106	55.7522	37.6156	-2960561	4	Moscow, Moskva, Russia	RS	RS48	25106	55.7522	37.6156	-2960561	20260307204500	https://pjmedia.com/david-manney/2026/03/07/iran-war-reveals-the-energy-war-behind-russia-and-chinas-alliance-n4950373
1293014571	20260307	202603	2026	2026.1836	SYR	SYRIA	SYR								SYRGOV	SYRIA	SYR					GOV			1	026	026	02	1	4.0	4	1	4	-1.55440414507772	4	Aleppo, ?alab, Syria	SY	SY09	26319	36.2028	37.1586	-2541857	4	Aleppo, ?alab, Syria	SY	SY09	26319	36.2028	37.1586	-2541857	4	Aleppo, ?alab, Syria	SY	SY09	26319	36.2028	37.1586	-2541857	20260307204500	https://sana.sy/en/syria/2301057/
1293014572	20260307	202603	2026	2026.1836	SYRGOV	ALEPPO	SYR					GOV													1	026	026	02	1	4.0	3	1	3	-1.55440414507772	4	Aleppo, ?alab, Syria	SY	SY09	26319	36.2028	37.1586	-2541857	0								4	Aleppo, ?alab, Syria	SY	SY09	26319	36.2028	37.1586	-2541857	20260307204500	https://sana.sy/en/syria/2301057/
1293014573	20260307	202603	2026	2026.1836	SYRGOV	SYRIAN	SYR					GOV			RUSMIL	RUSSIAN	RUS					MIL			0	043	043	04	1	2.8	6	1	6	-3.68873168266802	1	Syria	SY	SY		35	38	SY	4	Moscow, Moskva, Russia	RS	RS48	25106	55.7522	37.6156	-2960561	4	Moscow, Moskva, Russia	RS	RS48	25106	55.7522	37.6156	-2960561	20260307204500	https://pjmedia.com/david-manney/2026/03/07/iran-war-reveals-the-energy-war-behind-russia-and-chinas-alliance-n4950373
1293014574	20260307	202603	2026	2026.1836	TKM	TURKMENISTAN	TKM								IRQ	IRAQ	IRQ								0	061	061	06	2	6.4	10	1	10	-2.17006200177148	4	Ashgabat, Ahal, Turkmenistan	TX	TX01	147325	37.95	58.3833	-2557812	4	Baghdad, Baghdad, Iraq	IZ	IZ07	36785	33.3386	44.3939	-3103581	4	Ashgabat, Ahal, Turkmenistan	TX	TX01	147325	37.95	58.3833	-2557812	20260307204500	https://www.forbes.com/sites/philipmaymin/2026/03/07/the-war-that-is-seen-and-the-pipeline-that-is-unseen/
1293014575	20260307	202603	2026	2026.1836	TKM	ASHGABAT	TKM								TKMGOVMIL	TURKMENISTAN	TKM					GOV	MIL		0	040	040	04	1	1.0	8	1	8	-2.17006200177148	4	Ashgabat, Ahal, Turkmenistan	TX	TX01	147325	37.95	58.3833	-2557812	4	Ashgabat, Ahal, Turkmenistan	TX	TX01	147325	37.95	58.3833	-2557812	4	Ashgabat, Ahal, Turkmenistan	TX	TX01	147325	37.95	58.3833	-2557812	20260307204500	https://www.forbes.com/sites/philipmaymin/2026/03/07/the-war-that-is-seen-and-the-pipeline-that-is-unseen/
1293014576	20260307	202603	2026	2026.1836	TKMGOVMIL	TURKMENISTAN	TKM					GOV	MIL		TKM	ASHGABAT	TKM								0	040	040	04	1	1.0	8	1	8	-2.17006200177148	4	Ashgabat, Ahal, Turkmenistan	TX	TX01	147325	37.95	58.3833	-2557812	4	Ashgabat, Ahal, Turkmenistan	TX	TX01	147325	37.95	58.3833	-2557812	4	Ashgabat, Ahal, Turkmenistan	TX	TX01	147325	37.95	58.3833	-2557812	20260307204500	https://www.forbes.com/sites/philipmaymin/2026/03/07/the-war-that-is-seen-and-the-pipeline-that-is-unseen/
1293014577	20260307	202603	2026	2026.1836	TUR	TURKEY	TUR								DEU	BERLIN	DEU								1	020	020	02	1	3.0	6	1	6	4.26470588235294	1	Turkey	TU	TU		39.059012	34.911546	TU	4	Berlin, Berlin, Germany	GM	GM16	16538	52.5167	13.4	-1746443	1	Turkey	TU	TU		39.059012	34.911546	TU	20260307204500	https://eturbonews.com/berlin-global-tourism-hotspot-itb-berlin-eturbonews-headquarters/
1293014578	20260307	202603	2026	2026.1836	TUR	TURKEY	TUR								DEU	GERMANY	DEU								1	020	020	02	1	3.0	2	1	2	4.26470588235294	1	Turkey	TU	TU		39.059012	34.911546	TU	1	Turkey	TU	TU		39.059012	34.911546	TU	1	Turkey	TU	TU		39.059012	34.911546	TU	20260307204500	https://eturbonews.com/berlin-global-tourism-hotspot-itb-berlin-eturbonews-headquarters/
1293014579	20260307	202603	2026	2026.1836	TUR	TURKEY	TUR								IRN	IRAN	IRN								1	138	138	13	3	-7.0	8	1	8	-8.23529411764706	4	Tehran, Tehran, Iran	IR	IR26	41130	35.75	51.5148	10074674	4	Tehran, Tehran, Iran	IR	IR26	41130	35.75	51.5148	10074674	4	Tehran, Tehran, Iran	IR	IR26	41130	35.75	51.5148	10074674	20260307204500	https://www.hindustantimes.com/world-news/us-news/turkey-warns-over-dangerous-bid-to-stir-civil-war-in-iran-101772912062865.html
1293014580	20260307	202603	2026	2026.1836	TUR	TURKEY	TUR								IRN	IRAN	IRN								1	138	138	13	3	-7.0	2	1	2	-8.23529411764706	1	Israel	IS	IS		31.5	34.75	IS	1	Israel	IS	IS		31.5	34.75	IS	1	Israel	IS	IS		31.5	34.75	IS	20260307204500	https://www.hindustantimes.com/world-news/us-news/turkey-warns-over-dangerous-bid-to-stir-civil-war-in-iran-101772912062865.html
1293014581	20260307	202603	2026	2026.1836	TURGOV	TURKEY	TUR					GOV			IRN	IRAN	IRN								1	130	130	13	3	-4.4	8	1	8	-8.23529411764706	4	Istanbul, Istanbul, Turkey	TU	TU34	27897	41.0186	28.9647	-755070	4	Tehran, Tehran, Iran	IR	IR26	41130	35.75	51.5148	10074674	4	Istanbul, Istanbul, Turkey	TU	TU34	27897	41.0186	28.9647	-755070	20260307204500	https://www.hindustantimes.com/world-news/us-news/turkey-warns-over-dangerous-bid-to-stir-civil-war-in-iran-101772912062865.html
1293014582	20260307	202603	2026	2026.1836	TURGOV	TURKEY	TUR					GOV			IRN	IRAN	IRN								1	130	130	13	3	-4.4	2	1	2	-8.23529411764706	4	Tehran, Tehran, Iran	IR	IR26	41130	35.75	51.5148	10074674	4	Tehran, Tehran, Iran	IR	IR26	41130	35.75	51.5148	10074674	4	Istanbul, Istanbul, Turkey	TU	TU34	27897	41.0186	28.9647	-755070	20260307204500	https://www.hindustantimes.com/world-news/us-news/turkey-warns-over-dangerous-bid-to-stir-civil-war-in-iran-101772912062865.html
1293014583	20260307	202603	2026	2026.1836	TURMED	ISTANBUL	TUR					MED													1	010	010	01	1	0.0	3	1	3	-8.23529411764706	4	Istanbul, Istanbul, Turkey	TU	TU34	27897	41.0186	28.9647	-755070	0								4	Istanbul, Istanbul, Turkey	TU	TU34	27897	41.0186	28.9647	-755070	20260307204500	https://www.hindustantimes.com/world-news/us-news/turkey-warns-over-dangerous-bid-to-stir-civil-war-in-iran-101772912062865.html
1293014584	20260307	202603	2026	2026.1836	UAF	FIGHTER						UAF			IRN	IRAN	IRN								0	190	190	19	4	-10.0	1	1	1	-4.03361344537815	4	Tehran, Tehran, Iran	IR	IR26	41130	35.75	51.5148	10074674	4	Tehran, Tehran, Iran	IR	IR26	41130	35.75	51.5148	10074674	4	Tel Aviv, Tel Aviv, Israel	IS	IS05	18316	32.0667	34.7667	-781545	20260307204500	https://www.wusa9.com/article/news/nation-world/attack-on-iran/iran-us-israel-attack-missiles-drones-strikes/507-7206fa4b-38d7-4b56-9119-20b89c0e8e3e
1293014585	20260307	202603	2026	2026.1836	UKR	KYIV	UKR																		0	080	080	08	2	5.0	5	1	5	-2.7972027972028	4	Kyiv, Kyyiv, Misto, Ukraine	UP	UP12	28554	50.4333	30.5167	-1044367	0								1	Moldova	MD	MD		47	29	MD	20260307204500	https://internationalviewpoint.org/Last-Year-s-International-Women-s-Day-Ukraine
1293014586	20260307	202603	2026	2026.1836	UKR	KYIV	UKR																		1	141	141	14	3	-6.5	10	1	10	-5.86206896551724	4	Kyiv, Kyyiv, Misto, Ukraine	UP	UP12	28554	50.4333	30.5167	-1044367	0								4	Kyiv, Kyyiv, Misto, Ukraine	UP	UP12	28554	50.4333	30.5167	-1044367	20260307204500	https://internationalviewpoint.org/Call-for-8-March-demonstration-in-Kyiv-2026
1293014587	20260307	202603	2026	2026.1836	UKR	UKRAINE	UKR																		0	193	193	19	4	-10.0	4	1	4	-3.97058823529411	4	Kharkiv, Kharkivs'ka Oblast', Ukraine	UP	UP07	25036	49.9808	36.2527	-1041320	0								4	Shahed, Fars, Iran	IR	IR07	25307	28.5934	52.2295	-3083999	20260307204500	https://time.com/7383068/iran-war-russia-oil/
1293014588	20260307	202603	2026	2026.1836	UKR	UKRAINE	UKR																		0	193	193	19	4	-10.0	3	1	3	-3.97058823529411	4	Moscow, Moskva, Russia	RS	RS48	25106	55.7522	37.6156	-2960561	0								3	White House, District of Columbia, United States	US	USDC		38.8951	-77.0364	531871	20260307204500	https://time.com/7383068/iran-war-russia-oil/
1293014589	20260307	202603	2026	2026.1836	UKR	UKRAINE	UKR																		0	193	193	19	4	-10.0	2	1	2	-3.97058823529411	4	Shahed, Fars, Iran	IR	IR07	25307	28.5934	52.2295	-3083999	0								4	Moscow, Moskva, Russia	RS	RS48	25106	55.7522	37.6156	-2960561	20260307204500	https://time.com/7383068/iran-war-russia-oil/
1293014590	20260307	202603	2026	2026.1836	UKR	CRIMEA	UKR								EDU	STUDENT						EDU			0	013	013	01	1	0.4	10	1	10	-2.7972027972028	1	Moldova	MD	MD		47	29	MD	1	Moldova	MD	MD		47	29	MD	1	Moldova	MD	MD		47	29	MD	20260307204500	https://internationalviewpoint.org/Last-Year-s-International-Women-s-Day-Ukraine
1293014591	20260307	202603	2026	2026.1836	UKR	UKRAINE	UKR								GOV	GOVERNMENT						GOV			1	020	020	02	1	3.0	6	1	6	-2.7972027972028	4	Lviv, L'vivs'ka Oblast', Ukraine	UP	UP15	28555	49.8407	24.0305	-1045268	4	Lviv, L'vivs'ka Oblast', Ukraine	UP	UP15	28555	49.8407	24.0305	-1045268	4	Lviv, L'vivs'ka Oblast', Ukraine	UP	UP15	28555	49.8407	24.0305	-1045268	20260307204500	https://internationalviewpoint.org/Last-Year-s-International-Women-s-Day-Ukraine
1293014592	20260307	202603	2026	2026.1836	UKR	UKRAINE	UKR								IRN	IRAN	IRN								0	190	190	19	4	-10.0	1	1	1	-3.97058823529411	4	Kharkiv, Kharkivs'ka Oblast', Ukraine	UP	UP07	25036	49.9808	36.2527	-1041320	4	Kharkiv, Kharkivs'ka Oblast', Ukraine	UP	UP07	25036	49.9808	36.2527	-1041320	4	Shahed, Fars, Iran	IR	IR07	25307	28.5934	52.2295	-3083999	20260307204500	https://time.com/7383068/iran-war-russia-oil/
1293014593	20260307	202603	2026	2026.1836	UKR	UKRAINE	UKR								IRN	IRAN	IRN								0	190	190	19	4	-10.0	3	1	3	-3.97058823529411	4	Kharkiv, Kharkivs'ka Oblast', Ukraine	UP	UP07	25036	49.9808	36.2527	-1041320	4	Shahed, Fars, Iran	IR	IR07	25307	28.5934	52.2295	-3083999	4	Shahed, Fars, Iran	IR	IR07	25307	28.5934	52.2295	-3083999	20260307204500	https://time.com/7383068/iran-war-russia-oil/
1293014594	20260307	202603	2026	2026.1836	UKR	KYIV	UKR								MDA	MOLDOVA	MDA								0	042	042	04	1	1.9	5	1	5	-2.7972027972028	4	Kyiv, Kyyiv, Misto, Ukraine	UP	UP12	28554	50.4333	30.5167	-1044367	1	Moldova	MD	MD		47	29	MD	1	Moldova	MD	MD		47	29	MD	20260307204500	https://internationalviewpoint.org/Last-Year-s-International-Women-s-Day-Ukraine
1293014595	20260307	202603	2026	2026.1836	UKR	KYIV	UKR								MDA	MOLDOVA	MDA								0	080	080	08	2	5.0	5	1	5	-2.7972027972028	4	Kyiv, Kyyiv, Misto, Ukraine	UP	UP12	28554	50.4333	30.5167	-1044367	1	Moldova	MD	MD		47	29	MD	1	Moldova	MD	MD		47	29	MD	20260307204500	https://internationalviewpoint.org/Last-Year-s-International-Women-s-Day-Ukraine
1293014596	20260307	202603	2026	2026.1836	UKR	UKRAINIAN	UKR								OPP	ACTIVIST						OPP			0	020	020	02	1	3.0	10	1	10	-2.7972027972028	4	Kyiv, Kyyiv, Misto, Ukraine	UP	UP12	28554	50.4333	30.5167	-1044367	4	Kyiv, Kyyiv, Misto, Ukraine	UP	UP12	28554	50.4333	30.5167	-1044367	4	Kyiv, Kyyiv, Misto, Ukraine	UP	UP12	28554	50.4333	30.5167	-1044367	20260307204500	https://internationalviewpoint.org/Last-Year-s-International-Women-s-Day-Ukraine
1293014597	20260307	202603	2026	2026.1836	UKR	KYIV	UKR								POL	WARSAW	POL								0	043	043	04	1	2.8	7	1	7	-2.7972027972028	4	Kyiv, Kyyiv, Misto, Ukraine	UP	UP12	28554	50.4333	30.5167	-1044367	4	Warsaw, (PL67), Poland	PL	PL67	24452	52.25	21	-534433	4	Warsaw, (PL67), Poland	PL	PL67	24452	52.25	21	-534433	20260307204500	https://internationalviewpoint.org/Last-Year-s-International-Women-s-Day-Ukraine
1293014598	20260307	202603	2026	2026.1836	UKR	UKRAINE	UKR								RUS	RUSSIA	RUS								1	190	190	19	4	-10.0	2	1	2	-8.09248554913295	4	Kharkiv, Kharkivs'ka Oblast', Ukraine	UP	UP07	25036	49.9808	36.2527	-1041320	4	Kyiv, Kyyiv, Misto, Ukraine	UP	UP12	28554	50.4333	30.5167	-1044367	4	Kyiv, Kyyiv, Misto, Ukraine	UP	UP12	28554	50.4333	30.5167	-1044367	20260307204500	https://www.aljazeera.com/news/2026/3/7/russia-kills-10-in-kharkiv-strike-including-children-using-new-missile
1293014599	20260307	202603	2026	2026.1836	UKR	UKRAINIAN	UKR								RUS	MOSCOW	RUS								0	190	190	19	4	-10.0	10	1	10	-4.13223140495868	4	Kharkiv, Kharkivs'ka Oblast', Ukraine	UP	UP07	25036	49.9808	36.2527	-1041320	4	Moscow, Moskva, Russia	RS	RS48	25106	55.7522	37.6156	-2960561	4	Moscow, Moskva, Russia	RS	RS48	25106	55.7522	37.6156	-2960561	20260307204500	https://www.themoscowtimes.com/2026/03/07/russian-strikes-kill-at-least-12-across-ukraine-a92152
1293014600	20260307	202603	2026	2026.1836	USA	MIAMI	USA																		1	010	010	01	1	0.0	1	1	1	1.01010101010101	3	Hollywood, California, United States	US	USCA	CA037	34.0983	-118.327	1660757	0								3	Miami, Florida, United States	US	USFL	FL086	25.7743	-80.1937	295004	20260307204500	https://variety.com/2026/film/obituaries-people-news/alan-trustman-dead-bullitt-screenwriter-1236681581/
1293014601	20260307	202603	2026	2026.1836	USA	UNITED STATES	USA																		0	010	010	01	1	0.0	2	1	2	1.57068062827225	3	Eastern Michigan University, Michigan, United States	US	USMI	MI161	42.247	-83.6227	625280	0								3	Eastern Michigan University, Michigan, United States	US	USMI		42.247	-83.6227	625280	20260307204500	https://www.easternecho.com/article/2026/03/final-four-candidates-for-emu-dean-of-students-meet-matthew-gregory
1293014602	20260307	202603	2026	2026.1836	USA	NEW YORK	USA																		0	010	010	01	1	0.0	5	1	5	0.0433087916847201	2	New York, United States	US	USNY		42.1497	-74.9384	NY	0								3	Manhattan, New York, United States	US	USNY	NY061	40.7834	-73.9662	971945	20260307204500	https://www.trains.com/pro/freight/class-i/what-happened-in-the-rail-industry-this-week-march-6-2026/
1293014603	20260307	202603	2026	2026.1836	USA	UNITED STATES	USA																		1	011	011	01	1	-0.1	4	1	4	-2.84900284900285	3	Gracie Mansion, New York, United States	US	USNY	NY061	40.7761	-73.9431	2083607	0								3	Gracie Mansion, New York, United States	US	USNY		40.7761	-73.9431	2083607	20260307204500	https://www.nbcnews.com/news/us-news/gracie-mansion-suspicious-devices-rcna262237
1293014604	20260307	202603	2026	2026.1836	USA	UNITED STATES	USA																		1	011	011	01	1	-0.1	4	1	4	2.11416490486258	2	Alabama, United States	US	USAL		32.799	-86.8073	AL	0								2	Alabama, United States	US	USAL		32.799	-86.8073	AL	20260307204500	https://www.al.com/politics/2026/03/alabama-gop-kills-effort-to-rebuke-leader-who-said-he-could-give-a-sh-about-republican-party.html
1293014605	20260307	202603	2026	2026.1836	USA	LOS ANGELES	USA																		0	012	012	01	1	-0.4	3	1	3	-5.61660561660561	3	Los Angeles, California, United States	US	USCA	CA037	34.0522	-118.244	1662328	0								3	Los Angeles, California, United States	US	USCA		34.0522	-118.244	1662328	20260307204500	https://www.ibtimes.co.uk/deaf-child-deportation-immigration-policies-1783855
1293014606	20260307	202603	2026	2026.1836	USA	UNITED STATES	USA																		0	012	012	01	1	-0.4	2	1	2	-5.61660561660561	2	California, United States	US	USCA		36.17	-119.746	CA	0								3	Los Angeles, California, United States	US	USCA		34.0522	-118.244	1662328	20260307204500	https://www.ibtimes.co.uk/deaf-child-deportation-immigration-policies-1783855
1293014607	20260307	202603	2026	2026.1836	USA	UNITED STATES	USA																		1	015	015	01	1	0.0	4	1	4	-11.2033195020747	3	Gaston County, North Carolina, United States	US	USNC	NC071	35.3001	-81.1998	1008554	0								3	Gaston County, North Carolina, United States	US	USNC		35.3001	-81.1998	1008554	20260307204500	https://www.yahoo.com/news/articles/gaston-county-man-convicted-armed-200908155.html
1293014608	20260307	202603	2026	2026.1836	USA	UNITED STATES	USA																		0	016	016	01	1	-2.0	3	1	3	-9.99999999999997	3	Anchorage, Alaska, United States	US	USAK	AK020	61.2181	-149.9	1398242	0								3	Anchorage, Alaska, United States	US	USAK	AK020	61.2181	-149.9	1398242	20260307204500	https://www.foxnews.com/us/fbi-captures-bangladeshi-fugitive-extradited-massive-online-child-sextortion-case
1293014609	20260307	202603	2026	2026.1836	USA	UNITED STATES	USA																		0	016	016	01	1	-2.0	3	1	3	-9.99999999999997	3	Anchorage, Alaska, United States	US	USAK	AK020	61.2181	-149.9	1398242	0								2	Alaska, United States	US	USAK		61.385	-152.268	AK	20260307204500	https://www.foxnews.com/us/fbi-captures-bangladeshi-fugitive-extradited-massive-online-child-sextortion-case
1293014610	20260307	202603	2026	2026.1836	USA	UNITED STATES	USA																		1	036	036	03	1	4.0	1	1	1	0.87336244541485	2	Mississippi, United States	US	USMS		32.7673	-89.6812	MS	0								2	Mississippi, United States	US	USMS		32.7673	-89.6812	MS	20260307204500	https://pjmedia.com/victoria-taft/2026/03/07/youd-think-a-guy-who-cant-read-would-want-to-know-why-mississippi-schools-beat-californias-n4950360
1293014611	20260307	202603	2026	2026.1836	USA	UNITED STATES	USA																		0	040	040	04	1	1.0	1	1	1	-5.61660561660561	2	California, United States	US	USCA		36.17	-119.746	CA	0								3	Los Angeles, California, United States	US	USCA		34.0522	-118.244	1662328	20260307204500	https://www.ibtimes.co.uk/deaf-child-deportation-immigration-policies-1783855
1293014612	20260307	202603	2026	2026.1836	USA	UNITED STATES	USA																		0	040	040	04	1	1.0	1	1	1	-5.61660561660561	2	California, United States	US	USCA		36.17	-119.746	CA	0								1	Colombia	CO	CO		4	-72	CO	20260307204500	https://www.ibtimes.co.uk/deaf-child-deportation-immigration-policies-1783855
1293014613	20260307	202603	2026	2026.1836	USA	HAWAII	USA																		1	042	042	04	1	1.9	10	1	10	-2.25806451612903	3	Hawaii Volcanoes National Park, Hawaii, United States	US	USHI	HI001	19.4	-155.3	365210	0								3	Hawaii Volcanoes National Park, Hawaii, United States	US	USHI		19.4	-155.3	365210	20260307204500	https://www.hawaiinewsnow.com/2026/03/07/department-health-confirms-measles-case-oahu-visitor-issues-exposure-alert/
1293014614	20260307	202603	2026	2026.1836	USA	UNITED STATES	USA																		0	043	043	04	1	2.8	1	1	1	1.96923076923077	3	Marquette University, Wisconsin, United States	US	USWI	WI079	43.0375	-87.9298	1569068	0								3	Marquette University, Wisconsin, United States	US	USWI		43.0375	-87.9298	1569068	20260307204500	https://www.yahoo.com/news/articles/discussion-guns-milwaukee-thats-goal-200856721.html
1293014615	20260307	202603	2026	2026.1836	USA	UNITED STATES	USA																		0	043	043	04	1	2.8	1	1	1	1.96923076923077	3	Marquette University, Wisconsin, United States	US	USWI	WI079	43.0375	-87.9298	1569068	0								3	Milwaukee, Wisconsin, United States	US	USWI	WI079	43.0389	-87.9065	1577901	20260307204500	https://www.yahoo.com/news/articles/discussion-guns-milwaukee-thats-goal-200856721.html
1293014616	20260307	202603	2026	2026.1836	USA	MILWAUKEE	USA																		0	043	043	04	1	2.8	4	1	4	1.96923076923077	3	Milwaukee, Wisconsin, United States	US	USWI	WI079	43.0389	-87.9065	1577901	0								3	Milwaukee, Wisconsin, United States	US	USWI	WI079	43.0389	-87.9065	1577901	20260307204500	https://www.yahoo.com/news/articles/discussion-guns-milwaukee-thats-goal-200856721.html
1293014617	20260307	202603	2026	2026.1836	USA	MILWAUKEE	USA																		0	043	043	04	1	2.8	1	1	1	1.96923076923077	3	Milwaukee, Wisconsin, United States	US	USWI	WI079	43.0389	-87.9065	1577901	0								2	Wisconsin, United States	US	USWI		44.2563	-89.6385	WI	20260307204500	https://www.yahoo.com/news/articles/discussion-guns-milwaukee-thats-goal-200856721.html
1293014618	20260307	202603	2026	2026.1836	USA	THE US	USA																		0	043	043	04	1	2.8	5	1	5	-5.61660561660561	1	Colombia	CO	CO		4	-72	CO	0								1	Colombia	CO	CO		4	-72	CO	20260307204500	https://www.ibtimes.co.uk/deaf-child-deportation-immigration-policies-1783855
1293014619	20260307	202603	2026	2026.1836	USA	UNITED STATES	USA																		1	043	043	04	1	2.8	2	1	2	-4.22535211267606	2	Delaware, United States	US	USDE		39.3498	-75.5148	DE	0								1	Kuwait	KU	KU		29.5	47.75	KU	20260307204500	https://www.dailymail.co.uk/news/article-15623839/staggering-cost-iran-war-taxpayers-america.html
1293014620	20260307	202603	2026	2026.1836	USA	UNITED STATES	USA																		1	043	043	04	1	2.8	4	1	4	-3.50877192982456	2	Georgia, United States	US	USGA		32.9866	-83.6487	GA	0								3	Atlanta, Georgia, United States	US	USGA	GA121	33.749	-84.388	351615	20260307204500	https://timesofindia.indiatimes.com/world/us/southwest-flight-diverted-mid-air-over-possible-security-matter-fbi-confirms-no-threat/articleshow/129233145.cms
1293014621	20260307	202603	2026	2026.1836	USA	MILWAUKEE	USA																		0	046	046	04	1	7.0	1	1	1	1.96923076923077	3	Milwaukee, Wisconsin, United States	US	USWI	WI079	43.0389	-87.9065	1577901	0								3	Milwaukee, Wisconsin, United States	US	USWI	WI079	43.0389	-87.9065	1577901	20260307204500	https://www.yahoo.com/news/articles/discussion-guns-milwaukee-thats-goal-200856721.html
1293014622	20260307	202603	2026	2026.1836	USA	MILWAUKEE	USA																		0	046	046	04	1	7.0	1	1	1	1.96923076923077	2	Wisconsin, United States	US	USWI		44.2563	-89.6385	WI	0								3	Milwaukee, Wisconsin, United States	US	USWI	WI079	43.0389	-87.9065	1577901	20260307204500	https://www.yahoo.com/news/articles/discussion-guns-milwaukee-thats-goal-200856721.html
1293014623	20260307	202603	2026	2026.1836	USA	UNITED STATES	USA																		0	051	051	05	1	3.4	1	1	1	3.6096256684492	3	Los Angeles, California, United States	US	USCA	CA037	34.0522	-118.244	1662328	0								1	Jordan	JO	JO		31	36	JO	20260307204500	https://www.aol.com/articles/colton-underwood-reveals-hilarious-thing-200000404.html
1293014624	20260307	202603	2026	2026.1836	USA	UNITED STATES	USA																		0	051	051	05	1	3.4	4	1	4	1.57068062827225	3	Eastern Michigan University, Michigan, United States	US	USMI	MI161	42.247	-83.6227	625280	0								3	Eastern Michigan University, Michigan, United States	US	USMI		42.247	-83.6227	625280	20260307204500	https://www.easternecho.com/article/2026/03/final-four-candidates-for-emu-dean-of-students-meet-matthew-gregory
1293014625	20260307	202603	2026	2026.1836	USA	UNITED STATES	USA																		1	057	057	05	1	8.0	2	1	2	0.64043915827996	3	Temple University, Pennsylvania, United States	US	USPA	PA101	39.9809	-75.153	1189357	0								3	Philadelphia, Pennsylvania, United States	US	USPA	PA101	39.9523	-75.1638	1209052	20260307204500	https://www.artsjournal.com/diacritical/2026/03/aj-chronicles-future-vision-and-what-the-boston-symphony-signaled-this-week.html
1293014626	20260307	202603	2026	2026.1836	USA	ATLANTA	USA																		0	060	060	06	2	6.0	4	1	4	-3.49854227405247	3	Atlanta, Georgia, United States	US	USGA	GA121	33.749	-84.388	351615	0								3	Atlanta, Georgia, United States	US	USGA	GA121	33.749	-84.388	351615	20260307204500	https://www.ibtimes.co.uk/southwest-flight-diverted-atlanta-false-security-threat-1783853
1293014627	20260307	202603	2026	2026.1836	USA	UNITED STATES	USA																		0	071	071	07	2	7.4	6	1	6	7.14285714285715	3	Ocracoke, North Carolina, United States	US	USNC	NC095	35.1146	-75.981	1021718	0								3	Ocracoke, North Carolina, United States	US	USNC	NC095	35.1146	-75.981	1021718	20260307204500	https://www.outerbanksvoice.com/2026/03/07/ocracoke-fig-festival-to-feature-washington-nc-chef-jamie-davis/
1293014628	20260307	202603	2026	2026.1836	USA	UNITED STATES	USA																		1	071	071	07	2	7.4	4	1	4	-7.05289672544081	3	Indian River County, Florida, United States	US	USFL	FL061	27.6878	-80.5831	307624	0								3	Indian River County, Florida, United States	US	USFL		27.6878	-80.5831	307624	20260307204500	https://www.the-independent.com/news/world/americas/crime/florida-prisoner-porta-potty-sex-barbeque-b2933995.html
1293014629	20260307	202603	2026	2026.1836	USA	UNITED STATES	USA																		0	084	084	08	2	7.0	3	1	3	-11.2033195020747	3	Gaston County, North Carolina, United States	US	USNC	NC071	35.3001	-81.1998	1008554	0								3	Gaston County, North Carolina, United States	US	USNC		35.3001	-81.1998	1008554	20260307204500	https://www.yahoo.com/news/articles/gaston-county-man-convicted-armed-200908155.html
1293014630	20260307	202603	2026	2026.1836	USA	UNITED STATES	USA																		0	0841	084	08	2	7.0	4	1	4	-11.2033195020747	3	Gaston County, North Carolina, United States	US	USNC	NC071	35.3001	-81.1998	1008554	0								3	Gaston County, North Carolina, United States	US	USNC		35.3001	-81.1998	1008554	20260307204500	https://www.yahoo.com/news/articles/gaston-county-man-convicted-armed-200908155.html
1293014631	20260307	202603	2026	2026.1836	USA	MILWAUKEE	USA																		0	090	090	09	2	-2.0	3	1	2	1.96923076923077	3	Milwaukee, Wisconsin, United States	US	USWI	WI079	43.0389	-87.9065	1577901	0								2	Wisconsin, United States	US	USWI		44.2563	-89.6385	WI	20260307204500	https://www.yahoo.com/news/articles/discussion-guns-milwaukee-thats-goal-200856721.html
1293014632	20260307	202603	2026	2026.1836	USA	UNITED STATES	USA																		0	090	090	09	2	-2.0	4	1	4	1.96923076923077	2	Wisconsin, United States	US	USWI		44.2563	-89.6385	WI	0								2	Wisconsin, United States	US	USWI		44.2563	-89.6385	WI	20260307204500	https://www.yahoo.com/news/articles/discussion-guns-milwaukee-thats-goal-200856721.html
1293014633	20260307	202603	2026	2026.1836	USA	UNITED STATES	USA																		0	110	110	11	3	-2.0	4	1	4	3.6096256684492	3	Los Angeles, California, United States	US	USCA	CA037	34.0522	-118.244	1662328	0								3	Los Angeles, California, United States	US	USCA		34.0522	-118.244	1662328	20260307204500	https://www.aol.com/articles/colton-underwood-reveals-hilarious-thing-200000404.html
1293014634	20260307	202603	2026	2026.1836	USA	UNITED STATES	USA																		0	120	120	12	3	-4.0	2	1	2	2.11416490486258	3	Chilton County, Alabama, United States	US	USAL	AL021	32.8668	-86.6833	161536	0								3	Chilton County, Alabama, United States	US	USAL		32.8668	-86.6833	161536	20260307204500	https://www.al.com/politics/2026/03/alabama-gop-kills-effort-to-rebuke-leader-who-said-he-could-give-a-sh-about-republican-party.html
1293014635	20260307	202603	2026	2026.1836	USA	UNITED STATES	USA																		1	124	124	12	3	-4.0	4	1	4	2.11416490486258	2	Alabama, United States	US	USAL		32.799	-86.8073	AL	0								2	Alabama, United States	US	USAL		32.799	-86.8073	AL	20260307204500	https://www.al.com/politics/2026/03/alabama-gop-kills-effort-to-rebuke-leader-who-said-he-could-give-a-sh-about-republican-party.html
1293014636	20260307	202603	2026	2026.1836	USA	PHOENIX	USA																		1	1712	171	17	4	-9.2	10	1	10	-7.32984293193717	3	Phoenix, Arizona, United States	US	USAZ	AZ013	33.4484	-112.074	44784	0								3	Phoenix, Arizona, United States	US	USAZ	AZ013	33.4484	-112.074	44784	20260307204500	https://www.azfamily.com/2026/03/07/assault-vandalism-reported-north-phoenix-mosque-mayor-says/
1293014637	20260307	202603	2026	2026.1836	USA	UNITED STATES	USA																		1	173	173	17	4	-5.0	8	1	4	-11.2033195020747	3	Gaston County, North Carolina, United States	US	USNC	NC071	35.3001	-81.1998	1008554	0								3	Gaston County, North Carolina, United States	US	USNC		35.3001	-81.1998	1008554	20260307204500	https://www.yahoo.com/news/articles/gaston-county-man-convicted-armed-200908155.html
1293014638	20260307	202603	2026	2026.1836	USA	UNITED STATES	USA																		1	173	173	17	4	-5.0	4	1	4	-11.2033195020747	3	Mecklenburg County, North Carolina, United States	US	USNC	NC119	35.2668	-80.8498	1008570	0								3	Mecklenburg County, North Carolina, United States	US	USNC		35.2668	-80.8498	1008570	20260307204500	https://www.yahoo.com/news/articles/gaston-county-man-convicted-armed-200908155.html
1293014639	20260307	202603	2026	2026.1836	USA	UNITED STATES	USA																		1	180	180	18	4	-9.0	2	1	2	-11.2033195020747	3	Gaston County, North Carolina, United States	US	USNC	NC071	35.3001	-81.1998	1008554	0								3	Gaston County, North Carolina, United States	US	USNC		35.3001	-81.1998	1008554	20260307204500	https://www.yahoo.com/news/articles/gaston-county-man-convicted-armed-200908155.html
1293014640	20260307	202603	2026	2026.1836	USA	UNITED STATES	USA																		0	190	190	19	4	-10.0	4	1	4	-11.2033195020747	3	Gaston County, North Carolina, United States	US	USNC	NC071	35.3001	-81.1998	1008554	0								3	Gaston County, North Carolina, United States	US	USNC		35.3001	-81.1998	1008554	20260307204500	https://www.yahoo.com/news/articles/gaston-county-man-convicted-armed-200908155.html
1293014641	20260307	202603	2026	2026.1836	USA	WASHINGTON	USA																		0	190	190	19	4	-10.0	1	1	1	-5.30482977038797	2	Washington, United States	US	USWA		47.3917	-121.571	WA	0								3	Seattle, Washington, United States	US	USWA	WA033	47.6062	-122.332	1512650	20260307204500	https://www.yakimaherald.com/news/northwest/small-businesses-startups-weigh-impacts-of-states-proposed-income-tax/article_7551954f-1be1-5074-937f-ea1110ea34b2.html
1293014642	20260307	202603	2026	2026.1836	USA	UNITED STATES	USA																		0	193	193	19	4	-10.0	2	1	2	3.6096256684492	3	Los Angeles, California, United States	US	USCA	CA037	34.0522	-118.244	1662328	0								3	Los Angeles, California, United States	US	USCA		34.0522	-118.244	1662328	20260307204500	https://www.aol.com/articles/colton-underwood-reveals-hilarious-thing-200000404.html
1293014643	20260307	202603	2026	2026.1836	USA	A US	USA								ARE	ABU DHABI	ARE								0	190	190	19	4	-10.0	2	1	2	-4.63576158940398	4	Dhafra, Abu Z¸aby, United Arab Emirates	AE	AE01	28568	23.4167	53.4167	-782073	4	Abu Dhabi, Abu Z¸aby, United Arab Emirates	AE	AE01	28568	24.4667	54.3667	-782066	4	Dhafra, Abu Z¸aby, United Arab Emirates	AE	AE01	28568	23.4167	53.4167	-782073	20260307204500	https://www.aljazeera.com/news/2026/3/7/uae-president-says-prepared-to-confront-threats-as-iran-attacks-continue
1293014644	20260307	202603	2026	2026.1836	USA	A US	USA								ARE	UNITED ARAB EMIRATES	ARE								0	190	190	19	4	-10.0	4	1	4	-4.63576158940398	4	Dhafra, Abu Z¸aby, United Arab Emirates	AE	AE01	28568	23.4167	53.4167	-782073	4	Dhafra, Abu Z¸aby, United Arab Emirates	AE	AE01	28568	23.4167	53.4167	-782073	4	Dhafra, Abu Z¸aby, United Arab Emirates	AE	AE01	28568	23.4167	53.4167	-782073	20260307204500	https://www.aljazeera.com/news/2026/3/7/uae-president-says-prepared-to-confront-threats-as-iran-attacks-continue
1293014645	20260307	202603	2026	2026.1836	USA	WASHINGTON	USA								BGD	DHAKA	BGD								1	0311	031	03	1	5.2	8	1	8	-3.75293197810789	3	Washington, District of Columbia, United States	US	USDC	DC001	38.8951	-77.0364	531871	4	Dhaka, Dhaka, Bangladesh	BG	BG81	5778	23.7231	90.4086	-2737683	3	Washington, District of Columbia, United States	US	USDC	DC001	38.8951	-77.0364	531871	20260307204500	https://weeklyblitz.net/2026/03/08/jamaat-awami-league-nexus-the-fault-line-beneath-bangladeshs-politics/
1293014646	20260307	202603	2026	2026.1836	USA	UNITED STATES	USA								BGD	BANGLADESH	BGD								1	0311	031	03	1	5.2	2	1	2	-3.75293197810789	3	Washington, District of Columbia, United States	US	USDC	DC001	38.8951	-77.0364	531871	3	Washington, District of Columbia, United States	US	USDC	DC001	38.8951	-77.0364	531871	3	Washington, District of Columbia, United States	US	USDC	DC001	38.8951	-77.0364	531871	20260307204500	https://weeklyblitz.net/2026/03/08/jamaat-awami-league-nexus-the-fault-line-beneath-bangladeshs-politics/
1293014647	20260307	202603	2026	2026.1836	USA	UNITED STATES	USA								BUS	BUSINESS						BUS			1	020	020	02	1	3.0	4	1	4	0.63694267515924	2	South Dakota, United States	US	USSD		44.2853	-99.4632	SD	2	South Dakota, United States	US	USSD		44.2853	-99.4632	SD	2	South Dakota, United States	US	USSD		44.2853	-99.4632	SD	20260307204500	https://www.hindustantimes.com/world-news/us-news/kristi-noems-husband-byron-vs-corey-lewandowski-who-is-richer-a-look-their-wealth-and-income-101772896323910.html
1293014648	20260307	202603	2026	2026.1836	USA	THE US	USA								COL	COLOMBIA	COL								0	043	043	04	1	2.8	5	1	5	-5.61660561660561	1	Colombia	CO	CO		4	-72	CO	1	Colombia	CO	CO		4	-72	CO	1	Colombia	CO	CO		4	-72	CO	20260307204500	https://www.ibtimes.co.uk/deaf-child-deportation-immigration-policies-1783855
1293014649	20260307	202603	2026	2026.1836	USA	LOUISVILLE	USA								COP	POLICE						COP			1	130	130	13	3	-4.4	10	1	10	-6.875	0								0								0								20260307204500	https://www.wdrb.com/news/crime-reports/jeffersonville-police-increase-presence-at-big-four-park-after-large-teen-fight-reported/article_0798a026-49b7-428b-b0e2-fda80bba9891.html
1293014650	20260307	202603	2026	2026.1836	USA	UNITED STATES	USA								COP	POLICE OFFICER						COP			1	173	173	17	4	-5.0	1	1	1	-5.59284116331096	2	North Carolina, United States	US	USNC		35.6411	-79.8431	NC	2	North Carolina, United States	US	USNC		35.6411	-79.8431	NC	2	North Carolina, United States	US	USNC		35.6411	-79.8431	NC	20260307204500	https://www.hindustantimes.com/world-news/us-news/where-is-brian-mcginnis-now-former-army-officer-raises-questions-after-capitol-arrest-not-been-able-to-speak-to-him-101772900529784.html
1293014651	20260307	202603	2026	2026.1836	USA	UNITED STATES	USA								EDU	STUDENT						EDU			0	010	010	01	1	0.0	4	1	4	1.57068062827225	3	Eastern Michigan University, Michigan, United States	US	USMI	MI161	42.247	-83.6227	625280	3	Eastern Michigan University, Michigan, United States	US	USMI		42.247	-83.6227	625280	3	Eastern Michigan University, Michigan, United States	US	USMI		42.247	-83.6227	625280	20260307204500	https://www.easternecho.com/article/2026/03/final-four-candidates-for-emu-dean-of-students-meet-matthew-gregory
1293014652	20260307	202603	2026	2026.1836	USA	LAWRENCE	USA								EDU	UNIVERSITY						EDU			1	010	010	01	1	0.0	2	1	2	0.22404779686333	2	Arizona, United States	US	USAZ		33.7712	-111.388	AZ	2	Arizona, United States	US	USAZ		33.7712	-111.388	AZ	2	Arizona, United States	US	USAZ		33.7712	-111.388	AZ	20260307204500	https://roarnews.co.uk/2026/the-importance-of-interdisciplinary-research/
1293014653	20260307	202603	2026	2026.1836	USA	UNITED STATES	USA								EDU	STUDENT						EDU			1	010	010	01	1	0.0	4	1	4	0.49504950495049	2	Michigan, United States	US	USMI		43.3504	-84.5603	MI	2	Michigan, United States	US	USMI		43.3504	-84.5603	MI	2	Michigan, United States	US	USMI		43.3504	-84.5603	MI	20260307204500	https://www.easternecho.com/article/2026/03/final-4-candidates-for-emu-dean-of-students-meet-jeanette-zalba
1293014654	20260307	202603	2026	2026.1836	USA	UNITED STATES	USA								EDU	SCHOOL						EDU			1	042	042	04	1	1.9	2	1	2	0.87336244541485	2	Mississippi, United States	US	USMS		32.7673	-89.6812	MS	2	Mississippi, United States	US	USMS		32.7673	-89.6812	MS	2	Mississippi, United States	US	USMS		32.7673	-89.6812	MS	20260307204500	https://pjmedia.com/victoria-taft/2026/03/07/youd-think-a-guy-who-cant-read-would-want-to-know-why-mississippi-schools-beat-californias-n4950360
1293014655	20260307	202603	2026	2026.1836	USA	UNITED STATES	USA								EDU	STUDENT						EDU			1	050	050	05	1	3.5	4	1	4	0.49504950495049	2	Michigan, United States	US	USMI		43.3504	-84.5603	MI	2	Michigan, United States	US	USMI		43.3504	-84.5603	MI	2	Michigan, United States	US	USMI		43.3504	-84.5603	MI	20260307204500	https://www.easternecho.com/article/2026/03/final-4-candidates-for-emu-dean-of-students-meet-jeanette-zalba
1293014656	20260307	202603	2026	2026.1836	USA	UNITED STATES	USA								EDU	SCHOOL						EDU			0	051	051	05	1	3.4	2	1	2	2.11416490486258	2	Alabama, United States	US	USAL		32.799	-86.8073	AL	2	Alabama, United States	US	USAL		32.799	-86.8073	AL	2	Alabama, United States	US	USAL		32.799	-86.8073	AL	20260307204500	https://www.al.com/politics/2026/03/alabama-gop-kills-effort-to-rebuke-leader-who-said-he-could-give-a-sh-about-republican-party.html
1293014657	20260307	202603	2026	2026.1836	USA	UNITED STATES	USA								EDU	UNIVERSITY						EDU			1	057	057	05	1	8.0	2	1	2	0.64043915827996	3	Temple University, Pennsylvania, United States	US	USPA	PA101	39.9809	-75.153	1189357	3	Chicago, Illinois, United States	US	USIL	IL031	41.85	-87.6501	423587	3	Philadelphia, Pennsylvania, United States	US	USPA	PA101	39.9523	-75.1638	1209052	20260307204500	https://www.artsjournal.com/diacritical/2026/03/aj-chronicles-future-vision-and-what-the-boston-symphony-signaled-this-week.html
1293014658	20260307	202603	2026	2026.1836	USA	PHILADELPHIA	USA								EDU	UNIVERSITY						EDU			1	057	057	05	1	8.0	4	1	4	0.64043915827996	3	Miami, Florida, United States	US	USFL	FL086	25.7743	-80.1937	295004	3	Miami, Florida, United States	US	USFL	FL086	25.7743	-80.1937	295004	3	Miami, Florida, United States	US	USFL	FL086	25.7743	-80.1937	295004	20260307204500	https://www.artsjournal.com/diacritical/2026/03/aj-chronicles-future-vision-and-what-the-boston-symphony-signaled-this-week.html
1293014659	20260307	202603	2026	2026.1836	USA	CALIFORNIA	USA								EDU	STUDENT						EDU			0	071	071	07	2	7.4	4	1	4	-5.61660561660561	2	California, United States	US	USCA		36.17	-119.746	CA	2	California, United States	US	USCA		36.17	-119.746	CA	2	California, United States	US	USCA		36.17	-119.746	CA	20260307204500	https://www.ibtimes.co.uk/deaf-child-deportation-immigration-policies-1783855
1293014660	20260307	202603	2026	2026.1836	USA	UNITED STATES	USA								EDU	UNIVERSITY						EDU			1	090	090	09	2	-2.0	4	1	4	1.78571428571428	3	Oakland County, Michigan, United States	US	USMI	MI125	42.6667	-83.3999	1623005	3	Oakland County, Michigan, United States	US	USMI		42.6667	-83.3999	1623005	3	Oakland County, Michigan, United States	US	USMI		42.6667	-83.3999	1623005	20260307204500	https://www.easternecho.com/article/2026/03/final-4-candidates-for-emu-dean-of-students-aura-cazares
1293014661	20260307	202603	2026	2026.1836	USA	UNITED STATES	USA								EDU	UNIVERSITY						EDU			1	090	090	09	2	-2.0	4	1	4	1.57068062827225	3	Eastern Michigan University, Michigan, United States	US	USMI	MI161	42.247	-83.6227	625280	3	Eastern Michigan University, Michigan, United States	US	USMI		42.247	-83.6227	625280	3	Eastern Michigan University, Michigan, United States	US	USMI		42.247	-83.6227	625280	20260307204500	https://www.easternecho.com/article/2026/03/final-four-candidates-for-emu-dean-of-students-meet-matthew-gregory
1293014662	20260307	202603	2026	2026.1836	USA	UNITED STATES	USA								EDU	UNIVERSITY						EDU			1	090	090	09	2	-2.0	4	1	4	3.01507537688442	2	Nevada, United States	US	USNV		38.4199	-117.122	NV	2	Nevada, United States	US	USNV		38.4199	-117.122	NV	2	Nevada, United States	US	USNV		38.4199	-117.122	NV	20260307204500	https://www.easternecho.com/article/2026/03/final-4-candidates-for-emu-dean-of-students-meet-renee-t-watson
1293014663	20260307	202603	2026	2026.1836	USA	BOSTON	USA								EDU	COLLEGE						EDU			1	110	110	11	3	-2.0	3	1	2	-3.51317440401505	3	Babson College, Massachusetts, United States	US	USMA	MA021	42.299	-71.2634	599436	3	Babson College, Massachusetts, United States	US	USMA		42.299	-71.2634	599436	3	Babson College, Massachusetts, United States	US	USMA		42.299	-71.2634	599436	20260307204500	https://www.wcvb.com/article/any-lopez-belloza-case-dismissed/70652533
1293014664	20260307	202603	2026	2026.1836	USA	BOSTON	USA								EDU	COLLEGE						EDU			0	110	110	11	3	-2.0	1	1	1	-3.51317440401505	3	Boston, Massachusetts, United States	US	USMA	MA025	42.3584	-71.0598	617565	3	Babson College, Massachusetts, United States	US	USMA		42.299	-71.2634	599436	3	Babson College, Massachusetts, United States	US	USMA		42.299	-71.2634	599436	20260307204500	https://www.wcvb.com/article/any-lopez-belloza-case-dismissed/70652533
1293014665	20260307	202603	2026	2026.1836	USA	LAWRENCE	USA								EDUEDU	SCHOOL						EDU	EDU		1	051	051	05	1	3.4	8	1	8	0.22404779686333	4	Cambridge, Cambridgeshire, United Kingdom	UK	UKC3	40098	52.2	0.116667	-2591658	4	Cambridge, Cambridgeshire, United Kingdom	UK	UKC3	40098	52.2	0.116667	-2591658	4	Cambridge, Cambridgeshire, United Kingdom	UK	UKC3	40098	52.2	0.116667	-2591658	20260307204500	https://roarnews.co.uk/2026/the-importance-of-interdisciplinary-research/
1293014666	20260307	202603	2026	2026.1836	USA	BOSTON	USA								EDUEDU	COLLEGE						EDU	EDU		0	110	110	11	3	-2.0	1	1	1	-3.51317440401505	3	Boston, Massachusetts, United States	US	USMA	MA025	42.3584	-71.0598	617565	3	Babson College, Massachusetts, United States	US	USMA		42.299	-71.2634	599436	3	Babson College, Massachusetts, United States	US	USMA		42.299	-71.2634	599436	20260307204500	https://www.wcvb.com/article/any-lopez-belloza-case-dismissed/70652533
1293014667	20260307	202603	2026	2026.1836	USA	UNITED STATES	USA								FRA	FRANCE	FRA								1	042	042	04	1	1.9	2	1	2	0	4	Paris, France (general), France	FR	FR00	16282	48.8667	2.33333	-1456928	4	Paris, France (general), France	FR	FR00	16282	48.8667	2.33333	-1456928	3	Chicago, Illinois, United States	US	USIL	IL031	41.85	-87.6501	423587	20260307204500	https://www.vogue.com/article/lily-collins-recovers-her-engagement-ring-three-years-after-it-was-stolen
1293014668	20260307	202603	2026	2026.1836	USA	UNITED STATES	USA								FRA	FRANCE	FRA								1	042	042	04	1	1.9	2	1	2	0	3	Chicago, Illinois, United States	US	USIL	IL031	41.85	-87.6501	423587	4	Paris, France (general), France	FR	FR00	16282	48.8667	2.33333	-1456928	3	Chicago, Illinois, United States	US	USIL	IL031	41.85	-87.6501	423587	20260307204500	https://www.vogue.com/article/lily-collins-recovers-her-engagement-ring-three-years-after-it-was-stolen
1293014669	20260307	202603	2026	2026.1836	USA	LAWRENCE	USA								GBREDU	UNITED KINGDOM	GBR					EDU			1	010	010	01	1	0.0	6	1	6	0.22404779686333	2	Arizona, United States	US	USAZ		33.7712	-111.388	AZ	2	Arizona, United States	US	USAZ		33.7712	-111.388	AZ	2	Arizona, United States	US	USAZ		33.7712	-111.388	AZ	20260307204500	https://roarnews.co.uk/2026/the-importance-of-interdisciplinary-research/
1293014670	20260307	202603	2026	2026.1836	USA	NEW YORK	USA								GOV	MAYOR						GOV			1	010	010	01	1	0.0	2	1	2	0.64043915827996	3	Miami, Florida, United States	US	USFL	FL086	25.7743	-80.1937	295004	3	Miami, Florida, United States	US	USFL	FL086	25.7743	-80.1937	295004	3	Miami, Florida, United States	US	USFL	FL086	25.7743	-80.1937	295004	20260307204500	https://www.artsjournal.com/diacritical/2026/03/aj-chronicles-future-vision-and-what-the-boston-symphony-signaled-this-week.html
1293014671	20260307	202603	2026	2026.1836	USA	NEW YORK	USA								GOV	MAYOR						GOV			1	010	010	01	1	0.0	1	1	1	0.64043915827996	3	Chicago, Illinois, United States	US	USIL	IL031	41.85	-87.6501	423587	2	New York, United States	US	USNY		42.1497	-74.9384	NY	2	New York, United States	US	USNY		42.1497	-74.9384	NY	20260307204500	https://www.artsjournal.com/diacritical/2026/03/aj-chronicles-future-vision-and-what-the-boston-symphony-signaled-this-week.html
1293014672	20260307	202603	2026	2026.1836	USA	NEW YORK	USA								GOV	MAYOR						GOV			1	012	012	01	1	-0.4	4	1	4	-2.84900284900285	2	New York, United States	US	USNY		42.1497	-74.9384	NY	2	New York, United States	US	USNY		42.1497	-74.9384	NY	2	New York, United States	US	USNY		42.1497	-74.9384	NY	20260307204500	https://www.nbcnews.com/news/us-news/gracie-mansion-suspicious-devices-rcna262237
1293014673	20260307	202603	2026	2026.1836	USA	AMERICAN	USA								GOV	PRESIDENT						GOV			1	036	036	03	1	4.0	10	1	10	3.11820159535896	1	Ecuador	EC	EC		-2	-77.5	EC	1	Ecuador	EC	EC		-2	-77.5	EC	1	Ecuador	EC	EC		-2	-77.5	EC	20260307204500	https://www.miragenews.com/rubio-noem-speak-at-shield-of-americas-summit-1633032/
1293014674	20260307	202603	2026	2026.1836	USA	UNITED STATES	USA								GOV	PRINCE						GOV			0	043	043	04	1	2.8	1	1	1	1.96923076923077	3	Marquette University, Wisconsin, United States	US	USWI	WI079	43.0375	-87.9298	1569068	3	Milwaukee, Wisconsin, United States	US	USWI	WI079	43.0389	-87.9065	1577901	3	Marquette University, Wisconsin, United States	US	USWI		43.0375	-87.9298	1569068	20260307204500	https://www.yahoo.com/news/articles/discussion-guns-milwaukee-thats-goal-200856721.html
1293014675	20260307	202603	2026	2026.1836	USA	UNITED STATES	USA								GOV	PRINCE						GOV			0	043	043	04	1	2.8	4	1	3	1.96923076923077	3	Marquette University, Wisconsin, United States	US	USWI	WI079	43.0375	-87.9298	1569068	3	Milwaukee, Wisconsin, United States	US	USWI	WI079	43.0389	-87.9065	1577901	3	Milwaukee, Wisconsin, United States	US	USWI	WI079	43.0389	-87.9065	1577901	20260307204500	https://www.yahoo.com/news/articles/discussion-guns-milwaukee-thats-goal-200856721.html
1293014676	20260307	202603	2026	2026.1836	USA	UNITED STATES	USA								GOV	PRINCE						GOV			0	043	043	04	1	2.8	3	1	2	1.96923076923077	3	Marquette University, Wisconsin, United States	US	USWI	WI079	43.0375	-87.9298	1569068	3	Milwaukee, Wisconsin, United States	US	USWI	WI079	43.0389	-87.9065	1577901	2	Wisconsin, United States	US	USWI		44.2563	-89.6385	WI	20260307204500	https://www.yahoo.com/news/articles/discussion-guns-milwaukee-thats-goal-200856721.html
1293014677	20260307	202603	2026	2026.1836	USA	MILWAUKEE	USA								GOV	PRINCE						GOV			0	043	043	04	1	2.8	38	1	10	1.96923076923077	3	Milwaukee, Wisconsin, United States	US	USWI	WI079	43.0389	-87.9065	1577901	3	Milwaukee, Wisconsin, United States	US	USWI	WI079	43.0389	-87.9065	1577901	3	Milwaukee, Wisconsin, United States	US	USWI	WI079	43.0389	-87.9065	1577901	20260307204500	https://www.yahoo.com/news/articles/discussion-guns-milwaukee-thats-goal-200856721.html
1293014678	20260307	202603	2026	2026.1836	USA	MILWAUKEE	USA								GOV	PRINCE						GOV			0	043	043	04	1	2.8	1	1	1	1.96923076923077	3	Milwaukee, Wisconsin, United States	US	USWI	WI079	43.0389	-87.9065	1577901	3	Milwaukee, Wisconsin, United States	US	USWI	WI079	43.0389	-87.9065	1577901	3	Milwaukee County, Wisconsin, United States	US	USWI		43.0006	-87.9668	1581100	20260307204500	https://www.yahoo.com/news/articles/discussion-guns-milwaukee-thats-goal-200856721.html
1293014679	20260307	202603	2026	2026.1836	USA	MILWAUKEE	USA								GOV	PRINCE						GOV			0	043	043	04	1	2.8	5	1	5	1.96923076923077	3	Milwaukee County, Wisconsin, United States	US	USWI	WI079	43.0006	-87.9668	1581100	3	Milwaukee, Wisconsin, United States	US	USWI	WI079	43.0389	-87.9065	1577901	3	Milwaukee, Wisconsin, United States	US	USWI	WI079	43.0389	-87.9065	1577901	20260307204500	https://www.yahoo.com/news/articles/discussion-guns-milwaukee-thats-goal-200856721.html
1293014680	20260307	202603	2026	2026.1836	USA	MILWAUKEE	USA								GOV	PRINCE						GOV			0	043	043	04	1	2.8	2	1	2	1.96923076923077	3	Milwaukee County, Wisconsin, United States	US	USWI	WI079	43.0006	-87.9668	1581100	3	Milwaukee, Wisconsin, United States	US	USWI	WI079	43.0389	-87.9065	1577901	3	Milwaukee County, Wisconsin, United States	US	USWI		43.0006	-87.9668	1581100	20260307204500	https://www.yahoo.com/news/articles/discussion-guns-milwaukee-thats-goal-200856721.html
1293014681	20260307	202603	2026	2026.1836	USA	UNITED STATES	USA								GOV	PRINCE						GOV			0	043	043	04	1	2.8	10	1	6	1.96923076923077	2	Wisconsin, United States	US	USWI		44.2563	-89.6385	WI	3	Milwaukee, Wisconsin, United States	US	USWI	WI079	43.0389	-87.9065	1577901	3	Milwaukee, Wisconsin, United States	US	USWI	WI079	43.0389	-87.9065	1577901	20260307204500	https://www.yahoo.com/news/articles/discussion-guns-milwaukee-thats-goal-200856721.html
1293014682	20260307	202603	2026	2026.1836	USA	UNITED STATES	USA								GOV	PRINCE						GOV			0	043	043	04	1	2.8	2	1	2	1.96923076923077	2	Wisconsin, United States	US	USWI		44.2563	-89.6385	WI	2	Wisconsin, United States	US	USWI		44.2563	-89.6385	WI	3	Milwaukee, Wisconsin, United States	US	USWI	WI079	43.0389	-87.9065	1577901	20260307204500	https://www.yahoo.com/news/articles/discussion-guns-milwaukee-thats-goal-200856721.html
1293014683	20260307	202603	2026	2026.1836	USA	MILWAUKEE	USA								GOV	PRINCE						GOV			0	043	043	04	1	2.8	6	1	6	1.96923076923077	2	Wisconsin, United States	US	USWI		44.2563	-89.6385	WI	2	Wisconsin, United States	US	USWI		44.2563	-89.6385	WI	2	Wisconsin, United States	US	USWI		44.2563	-89.6385	WI	20260307204500	https://www.yahoo.com/news/articles/discussion-guns-milwaukee-thats-goal-200856721.html
1293014684	20260307	202603	2026	2026.1836	USA	UNITED STATES	USA								GOV	PRESIDENT						GOV			1	046	046	04	1	7.0	4	1	4	-1.52477763659466	3	Dover Air Force Base, Delaware, United States	US	USDE	DE001	39.128	-75.4655	2512167	1	Iran	IR	IR		32	53	IR	3	Dover Air Force Base, Delaware, United States	US	USDE		39.128	-75.4655	2512167	20260307204500	https://www.hindustantimes.com/world-news/us-news/trump-to-join-grieving-families-at-dover-air-force-base-for-return-of-soldiers-killed-in-iran-war-who-were-they-101772903902315.html
1293014685	20260307	202603	2026	2026.1836	USA	NEW YORK	USA								GOV	ADMINISTRATION						GOV			0	071	071	07	2	7.4	3	1	3	0.0433087916847201	2	New York, United States	US	USNY		42.1497	-74.9384	NY	2	New York, United States	US	USNY		42.1497	-74.9384	NY	2	New York, United States	US	USNY		42.1497	-74.9384	NY	20260307204500	https://www.trains.com/pro/freight/class-i/what-happened-in-the-rail-industry-this-week-march-6-2026/
1293014686	20260307	202603	2026	2026.1836	USA	UNITED STATES	USA								GOV	REGIME						GOV			1	190	190	19	4	-10.0	2	1	2	-3.90859891761876	4	Tehran, Tehran, Iran	IR	IR26	41130	35.75	51.5148	10074674	3	Washington, District of Columbia, United States	US	USDC	DC001	38.8951	-77.0364	531871	3	Washington, District of Columbia, United States	US	USDC	DC001	38.8951	-77.0364	531871	20260307204500	https://www.dailymail.co.uk/news/article-15623775/Treasury-Secretary-Scott-Bessent-largest-bombing-Iran-factories-missiles.html
1293014687	20260307	202603	2026	2026.1836	USA	UNITED STATES	USA								GOV	REGIME						GOV			1	190	190	19	4	-10.0	2	1	2	-3.90859891761876	3	Washington, District of Columbia, United States	US	USDC	DC001	38.8951	-77.0364	531871	4	Tehran, Tehran, Iran	IR	IR26	41130	35.75	51.5148	10074674	3	Washington, District of Columbia, United States	US	USDC	DC001	38.8951	-77.0364	531871	20260307204500	https://www.dailymail.co.uk/news/article-15623775/Treasury-Secretary-Scott-Bessent-largest-bombing-Iran-factories-missiles.html
1293014688	20260307	202603	2026	2026.1836	USA	BOSTON	USA								HND	HONDURAS	HND								0	063	063	06	2	7.4	1	1	1	-3.51317440401505	3	Babson College, Massachusetts, United States	US	USMA	MA021	42.299	-71.2634	599436	3	Boston, Massachusetts, United States	US	USMA	MA025	42.3584	-71.0598	617565	3	Boston, Massachusetts, United States	US	USMA	MA025	42.3584	-71.0598	617565	20260307204500	https://www.wcvb.com/article/any-lopez-belloza-case-dismissed/70652533
1293014689	20260307	202603	2026	2026.1836	USA	UNITED STATES	USA								HND	HONDURAS	HND								0	063	063	06	2	7.4	1	1	1	-3.51317440401505	3	Boston, Massachusetts, United States	US	USMA	MA025	42.3584	-71.0598	617565	1	Honduras	HO	HO		15	-86.5	HO	3	Babson College, Massachusetts, United States	US	USMA		42.299	-71.2634	599436	20260307204500	https://www.wcvb.com/article/any-lopez-belloza-case-dismissed/70652533
1293014690	20260307	202603	2026	2026.1836	USA	BOSTON	USA								HND	HONDURAS	HND								0	063	063	06	2	7.4	3	1	3	-3.51317440401505	3	Boston, Massachusetts, United States	US	USMA	MA025	42.3584	-71.0598	617565	1	Honduras	HO	HO		15	-86.5	HO	1	Honduras	HO	HO		15	-86.5	HO	20260307204500	https://www.wcvb.com/article/any-lopez-belloza-case-dismissed/70652533
1293014691	20260307	202603	2026	2026.1836	USA	UNITED STATES	USA								IRN	IRAN	IRN								0	012	012	01	1	-0.4	2	1	2	-1.20300751879699	2	Virginia, United States	US	USVA		37.768	-78.2057	VA	4	Tehran, Tehran, Iran	IR	IR26	41130	35.75	51.5148	10074674	2	Virginia, United States	US	USVA		37.768	-78.2057	VA	20260307204500	https://jcpost.com/posts/62deb85b-dca5-4c47-a246-5bda4a51b2a6
1293014692	20260307	202603	2026	2026.1836	USA	UNITED STATES	USA								IRN	IRAN	IRN								1	046	046	04	1	7.0	4	1	4	-1.52477763659466	3	Dover Air Force Base, Delaware, United States	US	USDE	DE001	39.128	-75.4655	2512167	1	Iran	IR	IR		32	53	IR	3	Dover Air Force Base, Delaware, United States	US	USDE		39.128	-75.4655	2512167	20260307204500	https://www.hindustantimes.com/world-news/us-news/trump-to-join-grieving-families-at-dover-air-force-base-for-return-of-soldiers-killed-in-iran-war-who-were-they-101772903902315.html
1293014693	20260307	202603	2026	2026.1836	USA	WASHINGTON	USA								IRN	IRAN	IRN								1	060	060	06	2	6.0	10	1	10	-2.14067278287462	3	Whidbey Island, Washington, United States	US	USWA	WA029	48.2926	-122.676	1509451	3	Whidbey Island, Washington, United States	US	USWA		48.2926	-122.676	1509451	3	Whidbey Island, Washington, United States	US	USWA		48.2926	-122.676	1509451	20260307204500	https://www.yakimaherald.com/news/northwest/washington-air-national-guard-members-activated-to-assist-in-iran-war/article_9810d550-03c7-59c2-9a11-efff7ca675b8.html
1293014694	20260307	202603	2026	2026.1836	USA	AMERICAN	USA								IRN	TEHRAN	IRN								1	111	111	11	3	-2.0	10	1	10	-3.68873168266802	2	New York, United States	US	USNY		42.1497	-74.9384	NY	4	Tehran, Tehran, Iran	IR	IR26	41130	35.75	51.5148	10074674	4	Tehran, Tehran, Iran	IR	IR26	41130	35.75	51.5148	10074674	20260307204500	https://pjmedia.com/david-manney/2026/03/07/iran-war-reveals-the-energy-war-behind-russia-and-chinas-alliance-n4950373
1293014695	20260307	202603	2026	2026.1836	USA	A US	USA								IRN	IRANIAN	IRN								0	193	193	19	4	-10.0	1	1	1	-4.22535211267606	4	Arabian Sea, India (general), India	IN	IN00		20	65	-2089022	4	Tehran, Tehran, Iran	IR	IR26	41130	35.75	51.5148	10074674	4	Tehran, Tehran, Iran	IR	IR26	41130	35.75	51.5148	10074674	20260307204500	https://www.dailymail.co.uk/news/article-15623839/staggering-cost-iran-war-taxpayers-america.html
1293014696	20260307	202603	2026	2026.1836	USA	UNITED STATES	USA								IRN	IRAN	IRN								1	193	193	19	4	-10.0	2	1	2	-1.52477763659466	3	Dover Air Force Base, Delaware, United States	US	USDE	DE001	39.128	-75.4655	2512167	1	Iran	IR	IR		32	53	IR	1	Iran	IR	IR		32	53	IR	20260307204500	https://www.hindustantimes.com/world-news/us-news/trump-to-join-grieving-families-at-dover-air-force-base-for-return-of-soldiers-killed-in-iran-war-who-were-they-101772903902315.html
1293014697	20260307	202603	2026	2026.1836	USA	A US	USA								IRNMIL	IRANIAN	IRN					MIL			0	193	193	19	4	-10.0	6	1	6	-4.22535211267606	4	Tehran, Tehran, Iran	IR	IR26	41130	35.75	51.5148	10074674	4	Tehran, Tehran, Iran	IR	IR26	41130	35.75	51.5148	10074674	4	Tehran, Tehran, Iran	IR	IR26	41130	35.75	51.5148	10074674	20260307204500	https://www.dailymail.co.uk/news/article-15623839/staggering-cost-iran-war-taxpayers-america.html
1293014698	20260307	202603	2026	2026.1836	USA	THE US	USA								IRQUAF	IRAQI	IRQ					UAF			0	190	190	19	4	-10.0	8	1	8	-5.8128078817734	4	Erbil, Liwa' Irbil, Iraq	IZ	IZ11	123554	36.1926	44.0106	-3106433	4	Erbil, Liwa' Irbil, Iraq	IZ	IZ11	123554	36.1926	44.0106	-3106433	4	Erbil, Liwa' Irbil, Iraq	IZ	IZ11	123554	36.1926	44.0106	-3106433	20260307204500	https://www.manilatimes.net/2026/03/08/world/iran-fires-at-gulf-neighbors-as-trump-threatens-more-strikes/2295382
1293014699	20260307	202603	2026	2026.1836	USA	THE US	USA								IRQUAF	IRAQ	IRQ					UAF			0	190	190	19	4	-10.0	2	1	2	-5.8128078817734	4	Tehran, Tehran, Iran	IR	IR26	41130	35.75	51.5148	10074674	4	Tehran, Tehran, Iran	IR	IR26	41130	35.75	51.5148	10074674	4	Tehran, Tehran, Iran	IR	IR26	41130	35.75	51.5148	10074674	20260307204500	https://www.manilatimes.net/2026/03/08/world/iran-fires-at-gulf-neighbors-as-trump-threatens-more-strikes/2295382
1293014700	20260307	202603	2026	2026.1836	USA	UNITED STATES	USA								JUD	FEDERAL JUDGE						JUD			0	043	043	04	1	2.8	3	1	3	-3.51317440401505	3	Babson College, Massachusetts, United States	US	USMA	MA021	42.299	-71.2634	599436	3	Boston, Massachusetts, United States	US	USMA	MA025	42.3584	-71.0598	617565	3	Babson College, Massachusetts, United States	US	USMA		42.299	-71.2634	599436	20260307204500	https://www.wcvb.com/article/any-lopez-belloza-case-dismissed/70652533
1293014701	20260307	202603	2026	2026.1836	USA	UNITED STATES	USA								JUD	JUDGE						JUD			0	043	043	04	1	2.8	1	1	1	-3.51317440401505	3	Babson College, Massachusetts, United States	US	USMA	MA021	42.299	-71.2634	599436	2	Texas, United States	US	USTX		31.106	-97.6475	TX	3	Babson College, Massachusetts, United States	US	USMA		42.299	-71.2634	599436	20260307204500	https://www.wcvb.com/article/any-lopez-belloza-case-dismissed/70652533
1293014702	20260307	202603	2026	2026.1836	USA	UNITED STATES	USA								JUD	FEDERAL COURT						JUD			1	043	043	04	1	2.8	7	1	7	-9.99999999999997	2	Alaska, United States	US	USAK		61.385	-152.268	AK	2	Alaska, United States	US	USAK		61.385	-152.268	AK	2	Alaska, United States	US	USAK		61.385	-152.268	AK	20260307204500	https://www.foxnews.com/us/fbi-captures-bangladeshi-fugitive-extradited-massive-online-child-sextortion-case
1293014703	20260307	202603	2026	2026.1836	USA	UNITED STATES	USA								JUD	JUDGE						JUD			0	043	043	04	1	2.8	3	1	3	-3.51317440401505	2	Texas, United States	US	USTX		31.106	-97.6475	TX	2	Texas, United States	US	USTX		31.106	-97.6475	TX	2	Texas, United States	US	USTX		31.106	-97.6475	TX	20260307204500	https://www.wcvb.com/article/any-lopez-belloza-case-dismissed/70652533
1293014704	20260307	202603	2026	2026.1836	USA	UNITED STATES	USA								JUD	COURT OFFICIAL						JUD			0	173	173	17	4	-5.0	4	1	4	-11.2033195020747	3	Gaston County, North Carolina, United States	US	USNC	NC071	35.3001	-81.1998	1008554	3	Gaston County, North Carolina, United States	US	USNC		35.3001	-81.1998	1008554	3	Gaston County, North Carolina, United States	US	USNC		35.3001	-81.1998	1008554	20260307204500	https://www.yahoo.com/news/articles/gaston-county-man-convicted-armed-200908155.html
1293014705	20260307	202603	2026	2026.1836	USA	UNITED STATES	USA								LEG	DELEGATE						LEG			1	013	013	01	1	0.4	4	1	4	0.52539404553415	2	North Dakota, United States	US	USND		47.5362	-99.793	ND	2	North Dakota, United States	US	USND		47.5362	-99.793	ND	2	North Dakota, United States	US	USND		47.5362	-99.793	ND	20260307204500	https://www.inforum.com/opinion/columns/port-north-dakota-dem-npl-convention-kicks-off-with-strong-numbers-and-strong-rhetoric
1293014706	20260307	202603	2026	2026.1836	USA	UNITED STATES	USA								LEG	DELEGATE						LEG			1	043	043	04	1	2.8	4	1	4	0.52539404553415	2	North Dakota, United States	US	USND		47.5362	-99.793	ND	2	North Dakota, United States	US	USND		47.5362	-99.793	ND	2	North Dakota, United States	US	USND		47.5362	-99.793	ND	20260307204500	https://www.inforum.com/opinion/columns/port-north-dakota-dem-npl-convention-kicks-off-with-strong-numbers-and-strong-rhetoric
1293014707	20260307	202603	2026	2026.1836	USA	UNITED STATES	USA								LEG	LAWMAKER						LEG			0	051	051	05	1	3.4	2	1	2	2.11416490486258	2	Alabama, United States	US	USAL		32.799	-86.8073	AL	2	Alabama, United States	US	USAL		32.799	-86.8073	AL	2	Alabama, United States	US	USAL		32.799	-86.8073	AL	20260307204500	https://www.al.com/politics/2026/03/alabama-gop-kills-effort-to-rebuke-leader-who-said-he-could-give-a-sh-about-republican-party.html
1293014708	20260307	202603	2026	2026.1836	USA	ARKANSAS	USA								LEGSPY	SENATE						LEG	SPY		0	010	010	01	1	0.0	2	1	2	-1.20300751879699	1	Israel	IS	IS		31.5	34.75	IS	1	Israel	IS	IS		31.5	34.75	IS	2	Virginia, United States	US	USVA		37.768	-78.2057	VA	20260307204500	https://jcpost.com/posts/62deb85b-dca5-4c47-a246-5bda4a51b2a6
1293014709	20260307	202603	2026	2026.1836	USA	ARKANSAS	USA								LEGSPY	SENATE						LEG	SPY		0	010	010	01	1	0.0	4	1	4	-1.20300751879699	2	Virginia, United States	US	USVA		37.768	-78.2057	VA	4	Tehran, Tehran, Iran	IR	IR26	41130	35.75	51.5148	10074674	4	Tehran, Tehran, Iran	IR	IR26	41130	35.75	51.5148	10074674	20260307204500	https://jcpost.com/posts/62deb85b-dca5-4c47-a246-5bda4a51b2a6
1293014710	20260307	202603	2026	2026.1836	USA	UNITED STATES	USA								LEGSPY	SENATE						LEG	SPY		0	010	010	01	1	0.0	1	1	1	-1.20300751879699	2	Virginia, United States	US	USVA		37.768	-78.2057	VA	2	Virginia, United States	US	USVA		37.768	-78.2057	VA	4	Tehran, Tehran, Iran	IR	IR26	41130	35.75	51.5148	10074674	20260307204500	https://jcpost.com/posts/62deb85b-dca5-4c47-a246-5bda4a51b2a6
1293014711	20260307	202603	2026	2026.1836	USA	UNITED STATES	USA								LKA	SRI LANKA	LKA								1	100	100	10	3	-5.0	12	2	12	-1.73913043478261	3	Washington, District of Columbia, United States	US	USDC	DC001	38.8951	-77.0364	531871	4	Colombo, Western, Sri Lanka	CE	CE36	25852	6.93194	79.8478	-2214877	3	Washington, District of Columbia, United States	US	USDC	DC001	38.8951	-77.0364	531871	20260307204500	https://www.lebanondemocrat.com/hartsville/news/national/sri-lanka-to-treat-iranian-sailors-according-to-international-law/article_49aaebb6-91dc-52b7-b5ce-9157f6743e0d.html
1293014712	20260307	202603	2026	2026.1836	USA	UNITED STATES	USA								MED	PUBLICATION						MED			0	013	013	01	1	0.4	2	1	2	-3.90859891761876	4	Tehran, Tehran, Iran	IR	IR26	41130	35.75	51.5148	10074674	3	Washington, District of Columbia, United States	US	USDC	DC001	38.8951	-77.0364	531871	3	Washington, District of Columbia, United States	US	USDC	DC001	38.8951	-77.0364	531871	20260307204500	https://www.dailymail.co.uk/news/article-15623775/Treasury-Secretary-Scott-Bessent-largest-bombing-Iran-factories-missiles.html
1293014713	20260307	202603	2026	2026.1836	USA	UNITED STATES	USA								MED	CORRESPONDENT						MED			1	013	013	01	1	0.4	2	1	2	1.28205128205128	2	Oklahoma, United States	US	USOK		35.5376	-96.9247	OK	2	Oklahoma, United States	US	USOK		35.5376	-96.9247	OK	2	Oklahoma, United States	US	USOK		35.5376	-96.9247	OK	20260307204500	https://upolitics.com/news/trump-says-kristi-noem-lied-when-she-said-he-approved-220-million-dhs-ad-campaign-featuring-her-on-a-horse/
1293014714	20260307	202603	2026	2026.1836	USA	MILWAUKEE	USA								MED	COLUMNIST						MED			0	042	042	04	1	1.9	3	1	3	1.96923076923077	3	Milwaukee, Wisconsin, United States	US	USWI	WI079	43.0389	-87.9065	1577901	3	Milwaukee, Wisconsin, United States	US	USWI	WI079	43.0389	-87.9065	1577901	3	Milwaukee, Wisconsin, United States	US	USWI	WI079	43.0389	-87.9065	1577901	20260307204500	https://www.yahoo.com/news/articles/discussion-guns-milwaukee-thats-goal-200856721.html
1293014715	20260307	202603	2026	2026.1836	USA	MILWAUKEE	USA								MED	COLUMNIST						MED			0	046	046	04	1	7.0	3	1	3	1.96923076923077	3	Milwaukee, Wisconsin, United States	US	USWI	WI079	43.0389	-87.9065	1577901	3	Milwaukee, Wisconsin, United States	US	USWI	WI079	43.0389	-87.9065	1577901	3	Milwaukee, Wisconsin, United States	US	USWI	WI079	43.0389	-87.9065	1577901	20260307204500	https://www.yahoo.com/news/articles/discussion-guns-milwaukee-thats-goal-200856721.html
1293014716	20260307	202603	2026	2026.1836	USA	LOS ANGELES	USA								MED	MEDIA						MED			1	046	046	04	1	7.0	8	1	8	3.6096256684492	3	Los Angeles, California, United States	US	USCA	CA037	34.0522	-118.244	1662328	3	Los Angeles, California, United States	US	USCA		34.0522	-118.244	1662328	3	Los Angeles, California, United States	US	USCA		34.0522	-118.244	1662328	20260307204500	https://www.aol.com/articles/colton-underwood-reveals-hilarious-thing-200000404.html
1293014717	20260307	202603	2026	2026.1836	USA	LOS ANGELES	USA								MED	MEDIA						MED			1	046	046	04	1	7.0	2	1	2	3.6096256684492	1	Jordan	JO	JO		31	36	JO	1	Jordan	JO	JO		31	36	JO	3	Los Angeles, California, United States	US	USCA		34.0522	-118.244	1662328	20260307204500	https://www.aol.com/articles/colton-underwood-reveals-hilarious-thing-200000404.html
1293014718	20260307	202603	2026	2026.1836	USA	UNITED STATES	USA								MEX	VILLAHERMOSA	MEX								1	020	020	02	1	3.0	2	1	2	-7.6056338028169	2	Puerto Rico, United States	US	USPR		18.2766	-66.335	PR	2	Puerto Rico, United States	US	USPR		18.2766	-66.335	PR	2	Puerto Rico, United States	US	USPR		18.2766	-66.335	PR	20260307204500	https://www.wftv.com/news/local/man-arrested-impersonating-police-officer-osceola-county/OY2NJS2VGVGTLLADVUHFJPDCII/
1293014719	20260307	202603	2026	2026.1836	USA	UNITED STATES	USA								MIL	MILITARY						MIL			0	010	010	01	1	0.0	1	1	1	-4.41696113074205	1	Israel	IS	IS		31.5	34.75	IS	1	Israel	IS	IS		31.5	34.75	IS	1	Israel	IS	IS		31.5	34.75	IS	20260307204500	https://www.edmontonexaminer.com:443/opinion/columnists/carneys-flip-flopping-stance-iran-war-hurts-canadas-reputation/wcm/aa3de992-3e64-4706-8331-0cc22525d27b
1293014720	20260307	202603	2026	2026.1836	USA	UNITED STATES	USA								MIL	MILITARY						MIL			0	010	010	01	1	0.0	1	1	1	-4.41696113074205	1	Israel	IS	IS		31.5	34.75	IS	1	United States	US	US		39.828175	-98.5795	US	1	United States	US	US		39.828175	-98.5795	US	20260307204500	https://www.edmontonexaminer.com:443/opinion/columnists/carneys-flip-flopping-stance-iran-war-hurts-canadas-reputation/wcm/aa3de992-3e64-4706-8331-0cc22525d27b
1293014721	20260307	202603	2026	2026.1836	USA	UNITED STATES	USA								MIL	MILITARY						MIL			0	010	010	01	1	0.0	2	1	2	-4.41696113074205	1	United States	US	US		39.828175	-98.5795	US	1	United States	US	US		39.828175	-98.5795	US	4	Toronto, Ontario, Canada	CA	CA08	12686	43.6667	-79.4167	-574890	20260307204500	https://www.edmontonexaminer.com:443/opinion/columnists/carneys-flip-flopping-stance-iran-war-hurts-canadas-reputation/wcm/aa3de992-3e64-4706-8331-0cc22525d27b
1293014722	20260307	202603	2026	2026.1836	USA	UNITED STATES	USA								MIL	AIR FORCE						MIL			1	046	046	04	1	7.0	1	1	1	-1.52477763659466	3	Dover, Iowa, United States	US	USIA	IA095	41.8481	-92.2932	464226	1	Kuwait	KU	KU		29.5	47.75	KU	1	Kuwait	KU	KU		29.5	47.75	KU	20260307204500	https://www.hindustantimes.com/world-news/us-news/trump-to-join-grieving-families-at-dover-air-force-base-for-return-of-soldiers-killed-in-iran-war-who-were-they-101772903902315.html
1293014723	20260307	202603	2026	2026.1836	USA	WASHINGTON	USA								MIL	ARMY						MIL			1	046	046	04	1	7.0	4	1	4	7.14285714285715	3	Washington, District of Columbia, United States	US	USDC	DC001	38.8951	-77.0364	531871	1	Iraq	IZ	IZ		33	44	IZ	1	Iraq	IZ	IZ		33	44	IZ	20260307204500	https://www.outerbanksvoice.com/2026/03/07/ocracoke-fig-festival-to-feature-washington-nc-chef-jamie-davis/
1293014724	20260307	202603	2026	2026.1836	USA	WASHINGTON	USA								MIL	ARMY						MIL			1	046	046	04	1	7.0	1	1	1	7.14285714285715	1	Iraq	IZ	IZ		33	44	IZ	1	Iraq	IZ	IZ		33	44	IZ	1	Iraq	IZ	IZ		33	44	IZ	20260307204500	https://www.outerbanksvoice.com/2026/03/07/ocracoke-fig-festival-to-feature-washington-nc-chef-jamie-davis/
1293014725	20260307	202603	2026	2026.1836	USA	UNITED STATES	USA								MIL	AIR FORCE						MIL			1	046	046	04	1	7.0	1	1	1	-1.52477763659466	1	Yemen	YM	YM		15.5	47.5	YM	1	Syria	SY	SY		35	38	SY	1	Syria	SY	SY		35	38	SY	20260307204500	https://www.hindustantimes.com/world-news/us-news/trump-to-join-grieving-families-at-dover-air-force-base-for-return-of-soldiers-killed-in-iran-war-who-were-they-101772903902315.html
1293014726	20260307	202603	2026	2026.1836	USA	WASHINGTON	USA								MIL	MILITARY						MIL			1	051	051	05	1	3.4	2	1	2	-2.14067278287462	2	Washington, United States	US	USWA		47.3917	-121.571	WA	1	Iran	IR	IR		32	53	IR	1	Iran	IR	IR		32	53	IR	20260307204500	https://www.yakimaherald.com/news/northwest/washington-air-national-guard-members-activated-to-assist-in-iran-war/article_9810d550-03c7-59c2-9a11-efff7ca675b8.html
1293014727	20260307	202603	2026	2026.1836	USA	UNITED STATES	USA								MIL	MILITARY						MIL			1	051	051	05	1	3.4	1	1	1	-2.14067278287462	2	Washington, United States	US	USWA		47.3917	-121.571	WA	1	Iran	IR	IR		32	53	IR	2	Washington, United States	US	USWA		47.3917	-121.571	WA	20260307204500	https://www.yakimaherald.com/news/northwest/washington-air-national-guard-members-activated-to-assist-in-iran-war/article_9810d550-03c7-59c2-9a11-efff7ca675b8.html
1293014728	20260307	202603	2026	2026.1836	USA	UNITED STATES	USA								MYS	MALAYSIA	MYS								1	112	112	11	3	-2.0	10	1	10	-9.99999999999997	2	Alaska, United States	US	USAK		61.385	-152.268	AK	1	Malaysia	MY	MY		2.5	112.5	MY	1	Malaysia	MY	MY		2.5	112.5	MY	20260307204500	https://www.foxnews.com/us/fbi-captures-bangladeshi-fugitive-extradited-massive-online-child-sextortion-case
1293014729	20260307	202603	2026	2026.1836	USA	ALABAMA	USA								PTY	PARTY MEMBER									1	014	014	01	1	0.0	4	1	4	2.11416490486258	3	Chilton County, Alabama, United States	US	USAL	AL021	32.8668	-86.6833	161536	3	Chilton County, Alabama, United States	US	USAL		32.8668	-86.6833	161536	3	Chilton County, Alabama, United States	US	USAL		32.8668	-86.6833	161536	20260307204500	https://www.al.com/politics/2026/03/alabama-gop-kills-effort-to-rebuke-leader-who-said-he-could-give-a-sh-about-republican-party.html
1293014730	20260307	202603	2026	2026.1836	USA	ALABAMA	USA								PTY	PARTY MEMBER									1	193	193	19	4	-10.0	2	1	2	2.11416490486258	2	Alabama, United States	US	USAL		32.799	-86.8073	AL	2	Alabama, United States	US	USAL		32.799	-86.8073	AL	2	Alabama, United States	US	USAL		32.799	-86.8073	AL	20260307204500	https://www.al.com/politics/2026/03/alabama-gop-kills-effort-to-rebuke-leader-who-said-he-could-give-a-sh-about-republican-party.html
1293014731	20260307	202603	2026	2026.1836	USA	AMERICAN	USA								REF	DISPLACED RESIDENTS						REF			1	043	043	04	1	2.8	10	1	10	-2.77777777777778	0								0								0								20260307204500	https://wwmt.com/news/local/officials-urge-public-to-avoid-three-rivers-tornado-zone-shelter-opens-up-for-residents-st-joseph-county-sheriff-ef3-storm
1293014732	20260307	202603	2026	2026.1836	USA	UNITED STATES	USA								REL	BISHOP									0	051	051	05	1	3.4	1	1	1	3.6096256684492	3	Los Angeles, California, United States	US	USCA	CA037	34.0522	-118.244	1662328	3	Los Angeles, California, United States	US	USCA		34.0522	-118.244	1662328	3	Los Angeles, California, United States	US	USCA		34.0522	-118.244	1662328	20260307204500	https://www.aol.com/articles/colton-underwood-reveals-hilarious-thing-200000404.html
1293014733	20260307	202603	2026	2026.1836	USA	UNITED STATES	USA								REL	BISHOP									0	051	051	05	1	3.4	1	1	1	3.6096256684492	3	Los Angeles, California, United States	US	USCA	CA037	34.0522	-118.244	1662328	1	Jordan	JO	JO		31	36	JO	1	Jordan	JO	JO		31	36	JO	20260307204500	https://www.aol.com/articles/colton-underwood-reveals-hilarious-thing-200000404.html
1293014734	20260307	202603	2026	2026.1836	USA	UNITED STATES	USA								REL	BISHOP									0	193	193	19	4	-10.0	1	1	1	3.6096256684492	3	Los Angeles, California, United States	US	USCA	CA037	34.0522	-118.244	1662328	3	Los Angeles, California, United States	US	USCA		34.0522	-118.244	1662328	3	Los Angeles, California, United States	US	USCA		34.0522	-118.244	1662328	20260307204500	https://www.aol.com/articles/colton-underwood-reveals-hilarious-thing-200000404.html
1293014735	20260307	202603	2026	2026.1836	USA	UNITED STATES	USA								REL	BISHOP									0	193	193	19	4	-10.0	1	1	1	3.6096256684492	3	Los Angeles, California, United States	US	USCA	CA037	34.0522	-118.244	1662328	1	Jordan	JO	JO		31	36	JO	3	Los Angeles, California, United States	US	USCA		34.0522	-118.244	1662328	20260307204500	https://www.aol.com/articles/colton-underwood-reveals-hilarious-thing-200000404.html
1293014736	20260307	202603	2026	2026.1836	USA	DETROIT	USA								RUS	RUSSIAN	RUS								0	043	043	04	1	2.8	10	1	10	-2.7972027972028	1	Russia	RS	RS		60	100	RS	1	Russia	RS	RS		60	100	RS	4	Kyiv, Kyyiv, Misto, Ukraine	UP	UP12	28554	50.4333	30.5167	-1044367	20260307204500	https://internationalviewpoint.org/Last-Year-s-International-Women-s-Day-Ukraine
1293014737	20260307	202603	2026	2026.1836	USA	UNITED STATES	USA								USAAGR	UNITED STATES	USA					AGR			0	043	043	04	1	2.8	3	1	3	0.63694267515924	3	Castlewood, South Dakota, United States	US	USSD	SD057	44.7227	-97.0301	1265146	2	South Dakota, United States	US	USSD		44.2853	-99.4632	SD	3	Castlewood, South Dakota, United States	US	USSD	SD057	44.7227	-97.0301	1265146	20260307204500	https://www.hindustantimes.com/world-news/us-news/kristi-noems-husband-byron-vs-corey-lewandowski-who-is-richer-a-look-their-wealth-and-income-101772896323910.html
1293014738	20260307	202603	2026	2026.1836	USA	UNITED STATES	USA								USAAGR	UNITED STATES	USA					AGR			0	043	043	04	1	2.8	1	1	1	0.63694267515924	2	South Dakota, United States	US	USSD		44.2853	-99.4632	SD	3	Castlewood, South Dakota, United States	US	USSD	SD057	44.7227	-97.0301	1265146	2	South Dakota, United States	US	USSD		44.2853	-99.4632	SD	20260307204500	https://www.hindustantimes.com/world-news/us-news/kristi-noems-husband-byron-vs-corey-lewandowski-who-is-richer-a-look-their-wealth-and-income-101772896323910.html
1293014739	20260307	202603	2026	2026.1836	USA	SOUTH DAKOTA	USA								USAAGR	AMERICAN	USA					AGR			0	043	043	04	1	2.8	1	1	1	0.63694267515924	2	South Dakota, United States	US	USSD		44.2853	-99.4632	SD	2	South Dakota, United States	US	USSD		44.2853	-99.4632	SD	3	Castlewood, South Dakota, United States	US	USSD	SD057	44.7227	-97.0301	1265146	20260307204500	https://www.hindustantimes.com/world-news/us-news/kristi-noems-husband-byron-vs-corey-lewandowski-who-is-richer-a-look-their-wealth-and-income-101772896323910.html
1293014740	20260307	202603	2026	2026.1836	USA	WASHINGTON	USA								USABUS	UNITED STATES	USA					BUS			0	190	190	19	4	-10.0	1	1	1	-5.30482977038797	2	Washington, United States	US	USWA		47.3917	-121.571	WA	2	Washington, United States	US	USWA		47.3917	-121.571	WA	3	Seattle, Washington, United States	US	USWA	WA033	47.6062	-122.332	1512650	20260307204500	https://www.yakimaherald.com/news/northwest/small-businesses-startups-weigh-impacts-of-states-proposed-income-tax/article_7551954f-1be1-5074-937f-ea1110ea34b2.html
1293014741	20260307	202603	2026	2026.1836	USA	ARIZONA	USA								USACOP	PHOENIX	USA					COP			1	010	010	01	1	0.0	8	1	8	-7.32984293193717	2	Arizona, United States	US	USAZ		33.7712	-111.388	AZ	3	Phoenix, Arizona, United States	US	USAZ	AZ013	33.4484	-112.074	44784	3	Phoenix, Arizona, United States	US	USAZ	AZ013	33.4484	-112.074	44784	20260307204500	https://www.azfamily.com/2026/03/07/assault-vandalism-reported-north-phoenix-mosque-mayor-says/
1293014742	20260307	202603	2026	2026.1836	USA	UNITED STATES	USA								USACOP	UNITED STATES	USA					COP			1	020	020	02	1	3.0	2	1	2	-7.32984293193717	2	Arizona, United States	US	USAZ		33.7712	-111.388	AZ	3	Phoenix, Arizona, United States	US	USAZ	AZ013	33.4484	-112.074	44784	3	Phoenix, Arizona, United States	US	USAZ	AZ013	33.4484	-112.074	44784	20260307204500	https://www.azfamily.com/2026/03/07/assault-vandalism-reported-north-phoenix-mosque-mayor-says/
1293014743	20260307	202603	2026	2026.1836	USA	ARIZONA	USA								USACOP	PHOENIX	USA					COP			1	020	020	02	1	3.0	4	1	4	-7.32984293193717	2	Arizona, United States	US	USAZ		33.7712	-111.388	AZ	3	Phoenix, Arizona, United States	US	USAZ	AZ013	33.4484	-112.074	44784	2	Arizona, United States	US	USAZ		33.7712	-111.388	AZ	20260307204500	https://www.azfamily.com/2026/03/07/assault-vandalism-reported-north-phoenix-mosque-mayor-says/
1293014744	20260307	202603	2026	2026.1836	USA	UNITED STATES	USA								USACOP	UNITED STATES	USA					COP			1	090	090	09	2	-2.0	2	1	2	-7.32984293193717	3	Phoenix, Arizona, United States	US	USAZ	AZ013	33.4484	-112.074	44784	3	Phoenix, Arizona, United States	US	USAZ	AZ013	33.4484	-112.074	44784	3	Phoenix, Arizona, United States	US	USAZ	AZ013	33.4484	-112.074	44784	20260307204500	https://www.azfamily.com/2026/03/07/assault-vandalism-reported-north-phoenix-mosque-mayor-says/
1293014745	20260307	202603	2026	2026.1836	USA	UNITED STATES	USA								USAEDU	UNITED STATES	USA					EDU			1	010	010	01	1	0.0	3	1	3	0.87336244541485	2	Mississippi, United States	US	USMS		32.7673	-89.6812	MS	2	Mississippi, United States	US	USMS		32.7673	-89.6812	MS	2	Mississippi, United States	US	USMS		32.7673	-89.6812	MS	20260307204500	https://pjmedia.com/victoria-taft/2026/03/07/youd-think-a-guy-who-cant-read-would-want-to-know-why-mississippi-schools-beat-californias-n4950360
1293014746	20260307	202603	2026	2026.1836	USA	UNITED STATES	USA								USAEDU	UNITED STATES	USA					EDU			0	043	043	04	1	2.8	1	1	1	-3.51317440401505	3	Babson College, Massachusetts, United States	US	USMA	MA021	42.299	-71.2634	599436	3	Babson College, Massachusetts, United States	US	USMA		42.299	-71.2634	599436	3	Babson College, Massachusetts, United States	US	USMA		42.299	-71.2634	599436	20260307204500	https://www.wcvb.com/article/any-lopez-belloza-case-dismissed/70652533
1293014747	20260307	202603	2026	2026.1836	USA	UNITED STATES	USA								USAEDU	UNITED STATES	USA					EDU			0	043	043	04	1	2.8	1	1	1	-3.51317440401505	3	Boston, Massachusetts, United States	US	USMA	MA025	42.3584	-71.0598	617565	3	Babson College, Massachusetts, United States	US	USMA		42.299	-71.2634	599436	3	Boston, Massachusetts, United States	US	USMA	MA025	42.3584	-71.0598	617565	20260307204500	https://www.wcvb.com/article/any-lopez-belloza-case-dismissed/70652533
1293014748	20260307	202603	2026	2026.1836	USA	MICHIGAN	USA								USAEDU	BUFFALO	USA					EDU			1	043	043	04	1	2.8	10	1	10	0.49504950495049	2	Michigan, United States	US	USMI		43.3504	-84.5603	MI	2	Michigan, United States	US	USMI		43.3504	-84.5603	MI	2	Michigan, United States	US	USMI		43.3504	-84.5603	MI	20260307204500	https://www.easternecho.com/article/2026/03/final-4-candidates-for-emu-dean-of-students-meet-jeanette-zalba
1293014749	20260307	202603	2026	2026.1836	USA	UNITED STATES	USA								USAEDU	UNITED STATES	USA					EDU			0	110	110	11	3	-2.0	1	1	1	-3.51317440401505	3	Boston, Massachusetts, United States	US	USMA	MA025	42.3584	-71.0598	617565	3	Babson College, Massachusetts, United States	US	USMA		42.299	-71.2634	599436	3	Babson College, Massachusetts, United States	US	USMA		42.299	-71.2634	599436	20260307204500	https://www.wcvb.com/article/any-lopez-belloza-case-dismissed/70652533
1293014750	20260307	202603	2026	2026.1836	USA	UNITED STATES	USA								USAEDU	UNITED STATES	USA					EDU			0	110	110	11	3	-2.0	1	1	1	-3.51317440401505	3	Boston, Massachusetts, United States	US	USMA	MA025	42.3584	-71.0598	617565	3	Babson College, Massachusetts, United States	US	USMA		42.299	-71.2634	599436	3	Boston, Massachusetts, United States	US	USMA	MA025	42.3584	-71.0598	617565	20260307204500	https://www.wcvb.com/article/any-lopez-belloza-case-dismissed/70652533
1293014751	20260307	202603	2026	2026.1836	USA	PHOENIX	USA								USAGOV	PHOENIX	USA					GOV			1	020	020	02	1	3.0	10	1	10	-7.32984293193717	3	Phoenix, Arizona, United States	US	USAZ	AZ013	33.4484	-112.074	44784	3	Phoenix, Arizona, United States	US	USAZ	AZ013	33.4484	-112.074	44784	3	Phoenix, Arizona, United States	US	USAZ	AZ013	33.4484	-112.074	44784	20260307204500	https://www.azfamily.com/2026/03/07/assault-vandalism-reported-north-phoenix-mosque-mayor-says/
1293014752	20260307	202603	2026	2026.1836	USA	NEW YORK	USA								USAGOV	UNITED STATES	USA					GOV			0	071	071	07	2	7.4	1	1	1	0.0433087916847201	2	New Jersey, United States	US	USNJ		40.314	-74.5089	NJ	2	New Jersey, United States	US	USNJ		40.314	-74.5089	NJ	2	New York, United States	US	USNY		42.1497	-74.9384	NY	20260307204500	https://www.trains.com/pro/freight/class-i/what-happened-in-the-rail-industry-this-week-march-6-2026/
1293014753	20260307	202603	2026	2026.1836	USA	NEW YORK	USA								USAGOV	UNITED STATES	USA					GOV			0	071	071	07	2	7.4	1	1	1	0.0433087916847201	2	New York, United States	US	USNY		42.1497	-74.9384	NY	2	New Jersey, United States	US	USNJ		40.314	-74.5089	NJ	2	New York, United States	US	USNY		42.1497	-74.9384	NY	20260307204500	https://www.trains.com/pro/freight/class-i/what-happened-in-the-rail-industry-this-week-march-6-2026/
1293014754	20260307	202603	2026	2026.1836	USA	PHOENIX	USA								USAGOV	PHOENIX	USA					GOV			1	180	180	18	4	-9.0	10	1	10	-7.32984293193717	3	Phoenix, Arizona, United States	US	USAZ	AZ013	33.4484	-112.074	44784	3	Phoenix, Arizona, United States	US	USAZ	AZ013	33.4484	-112.074	44784	3	Phoenix, Arizona, United States	US	USAZ	AZ013	33.4484	-112.074	44784	20260307204500	https://www.azfamily.com/2026/03/07/assault-vandalism-reported-north-phoenix-mosque-mayor-says/
1293014755	20260307	202603	2026	2026.1836	USA	VIRGINIA	USA								USAMED	THE ASSOCIATED PRESS	USA					MED			0	010	010	01	1	0.0	2	1	2	-1.20300751879699	2	Virginia, United States	US	USVA		37.768	-78.2057	VA	2	Virginia, United States	US	USVA		37.768	-78.2057	VA	2	Virginia, United States	US	USVA		37.768	-78.2057	VA	20260307204500	https://jcpost.com/posts/62deb85b-dca5-4c47-a246-5bda4a51b2a6
1293014756	20260307	202603	2026	2026.1836	USA	UNITED STATES	USA								USAMED	UNITED STATES	USA					MED			1	013	013	01	1	0.4	1	1	1	1.28205128205128	2	Oklahoma, United States	US	USOK		35.5376	-96.9247	OK	2	Oklahoma, United States	US	USOK		35.5376	-96.9247	OK	2	Oklahoma, United States	US	USOK		35.5376	-96.9247	OK	20260307204500	https://upolitics.com/news/trump-says-kristi-noem-lied-when-she-said-he-approved-220-million-dhs-ad-campaign-featuring-her-on-a-horse/
1293014757	20260307	202603	2026	2026.1836	USA	UNITED STATES	USA								USAMED	THE ASSOCIATED PRESS	USA					MED			0	013	013	01	1	0.4	6	1	6	-1.20300751879699	2	Virginia, United States	US	USVA		37.768	-78.2057	VA	2	Virginia, United States	US	USVA		37.768	-78.2057	VA	2	Virginia, United States	US	USVA		37.768	-78.2057	VA	20260307204500	https://jcpost.com/posts/62deb85b-dca5-4c47-a246-5bda4a51b2a6
1293014758	20260307	202603	2026	2026.1836	USAAGR	UNITED STATES	USA					AGR			USA	UNITED STATES	USA								0	042	042	04	1	1.9	1	1	1	0.63694267515924	3	Castlewood, South Dakota, United States	US	USSD	SD057	44.7227	-97.0301	1265146	2	South Dakota, United States	US	USSD		44.2853	-99.4632	SD	2	South Dakota, United States	US	USSD		44.2853	-99.4632	SD	20260307204500	https://www.hindustantimes.com/world-news/us-news/kristi-noems-husband-byron-vs-corey-lewandowski-who-is-richer-a-look-their-wealth-and-income-101772896323910.html
1293014759	20260307	202603	2026	2026.1836	USAAGR	UNITED STATES	USA					AGR			USA	UNITED STATES	USA								0	042	042	04	1	1.9	3	1	3	0.63694267515924	2	South Dakota, United States	US	USSD		44.2853	-99.4632	SD	3	Castlewood, South Dakota, United States	US	USSD	SD057	44.7227	-97.0301	1265146	3	Castlewood, South Dakota, United States	US	USSD	SD057	44.7227	-97.0301	1265146	20260307204500	https://www.hindustantimes.com/world-news/us-news/kristi-noems-husband-byron-vs-corey-lewandowski-who-is-richer-a-look-their-wealth-and-income-101772896323910.html
1293014760	20260307	202603	2026	2026.1836	USAAGR	AMERICAN	USA					AGR			USA	SOUTH DAKOTA	USA								0	042	042	04	1	1.9	1	1	1	0.63694267515924	2	South Dakota, United States	US	USSD		44.2853	-99.4632	SD	2	South Dakota, United States	US	USSD		44.2853	-99.4632	SD	3	Castlewood, South Dakota, United States	US	USSD	SD057	44.7227	-97.0301	1265146	20260307204500	https://www.hindustantimes.com/world-news/us-news/kristi-noems-husband-byron-vs-corey-lewandowski-who-is-richer-a-look-their-wealth-and-income-101772896323910.html
1293014761	20260307	202603	2026	2026.1836	USABUS	UNITED STATES	USA					BUS			USA	WASHINGTON	USA								0	190	190	19	4	-10.0	1	1	1	-5.30482977038797	2	Washington, United States	US	USWA		47.3917	-121.571	WA	2	Washington, United States	US	USWA		47.3917	-121.571	WA	3	Seattle, Washington, United States	US	USWA	WA033	47.6062	-122.332	1512650	20260307204500	https://www.yakimaherald.com/news/northwest/small-businesses-startups-weigh-impacts-of-states-proposed-income-tax/article_7551954f-1be1-5074-937f-ea1110ea34b2.html
1293014762	20260307	202603	2026	2026.1836	USACOP	ATLANTA	USA					COP													0	060	060	06	2	6.0	6	1	6	-3.49854227405247	3	Atlanta, Georgia, United States	US	USGA	GA121	33.749	-84.388	351615	0								3	Atlanta, Georgia, United States	US	USGA	GA121	33.749	-84.388	351615	20260307204500	https://www.ibtimes.co.uk/southwest-flight-diverted-atlanta-false-security-threat-1783853
1293014763	20260307	202603	2026	2026.1836	USACOP	PHOENIX	USA					COP													1	090	090	09	2	-2.0	8	1	8	-7.32984293193717	3	Phoenix, Arizona, United States	US	USAZ	AZ013	33.4484	-112.074	44784	0								3	Phoenix, Arizona, United States	US	USAZ	AZ013	33.4484	-112.074	44784	20260307204500	https://www.azfamily.com/2026/03/07/assault-vandalism-reported-north-phoenix-mosque-mayor-says/
1293014764	20260307	202603	2026	2026.1836	USACOP	NEW YORK	USA					COP			GOV	MAYOR						GOV			1	012	012	01	1	-0.4	6	1	6	-2.84900284900285	2	New York, United States	US	USNY		42.1497	-74.9384	NY	2	New York, United States	US	USNY		42.1497	-74.9384	NY	2	New York, United States	US	USNY		42.1497	-74.9384	NY	20260307204500	https://www.nbcnews.com/news/us-news/gracie-mansion-suspicious-devices-rcna262237
1293014765	20260307	202603	2026	2026.1836	USACOP	UNITED STATES	USA					COP			USA	PHOENIX	USA								1	010	010	01	1	0.0	1	1	1	-7.32984293193717	3	Phoenix, Arizona, United States	US	USAZ	AZ013	33.4484	-112.074	44784	3	Phoenix, Arizona, United States	US	USAZ	AZ013	33.4484	-112.074	44784	3	Phoenix, Arizona, United States	US	USAZ	AZ013	33.4484	-112.074	44784	20260307204500	https://www.azfamily.com/2026/03/07/assault-vandalism-reported-north-phoenix-mosque-mayor-says/
1293014766	20260307	202603	2026	2026.1836	USACOP	UNITED STATES	USA					COP			USA	PHOENIX	USA								1	010	010	01	1	0.0	1	1	1	-7.32984293193717	3	Phoenix, Arizona, United States	US	USAZ	AZ013	33.4484	-112.074	44784	2	Arizona, United States	US	USAZ		33.7712	-111.388	AZ	3	Phoenix, Arizona, United States	US	USAZ	AZ013	33.4484	-112.074	44784	20260307204500	https://www.azfamily.com/2026/03/07/assault-vandalism-reported-north-phoenix-mosque-mayor-says/
1293014767	20260307	202603	2026	2026.1836	USACOP	UNITED STATES	USA					COP			USA	PHOENIX	USA								1	020	020	02	1	3.0	1	1	1	-7.32984293193717	3	Phoenix, Arizona, United States	US	USAZ	AZ013	33.4484	-112.074	44784	3	Phoenix, Arizona, United States	US	USAZ	AZ013	33.4484	-112.074	44784	3	Phoenix, Arizona, United States	US	USAZ	AZ013	33.4484	-112.074	44784	20260307204500	https://www.azfamily.com/2026/03/07/assault-vandalism-reported-north-phoenix-mosque-mayor-says/
1293014768	20260307	202603	2026	2026.1836	USACOP	UNITED STATES	USA					COP			USA	PHOENIX	USA								1	020	020	02	1	3.0	1	1	1	-7.32984293193717	3	Phoenix, Arizona, United States	US	USAZ	AZ013	33.4484	-112.074	44784	2	Arizona, United States	US	USAZ		33.7712	-111.388	AZ	2	Arizona, United States	US	USAZ		33.7712	-111.388	AZ	20260307204500	https://www.azfamily.com/2026/03/07/assault-vandalism-reported-north-phoenix-mosque-mayor-says/
1293014769	20260307	202603	2026	2026.1836	USACVL	UNITED STATES	USA					CVL													1	051	051	05	1	3.4	4	1	4	7.14285714285715	3	Ocracoke, North Carolina, United States	US	USNC	NC095	35.1146	-75.981	1021718	0								3	Ocracoke, North Carolina, United States	US	USNC	NC095	35.1146	-75.981	1021718	20260307204500	https://www.outerbanksvoice.com/2026/03/07/ocracoke-fig-festival-to-feature-washington-nc-chef-jamie-davis/
1293014770	20260307	202603	2026	2026.1836	USACVL	UNITED STATES	USA					CVL			USA	UNITED STATES	USA								1	051	051	05	1	3.4	4	1	4	7.14285714285715	3	Ocracoke, North Carolina, United States	US	USNC	NC095	35.1146	-75.981	1021718	3	Ocracoke, North Carolina, United States	US	USNC	NC095	35.1146	-75.981	1021718	3	Ocracoke, North Carolina, United States	US	USNC	NC095	35.1146	-75.981	1021718	20260307204500	https://www.outerbanksvoice.com/2026/03/07/ocracoke-fig-festival-to-feature-washington-nc-chef-jamie-davis/
1293014771	20260307	202603	2026	2026.1836	USAEDU	PENNSYLVANIA	USA					EDU													0	010	010	01	1	0.0	7	1	7	-4.22535211267606	1	Iraq	IZ	IZ		33	44	IZ	0								1	Iraq	IZ	IZ		33	44	IZ	20260307204500	https://www.dailymail.co.uk/news/article-15623839/staggering-cost-iran-war-taxpayers-america.html
1293014772	20260307	202603	2026	2026.1836	USAEDU	CALIFORNIA	USA					EDU			EDU	STUDENT						EDU			0	071	071	07	2	7.4	6	1	6	-5.61660561660561	2	California, United States	US	USCA		36.17	-119.746	CA	2	California, United States	US	USCA		36.17	-119.746	CA	2	California, United States	US	USCA		36.17	-119.746	CA	20260307204500	https://www.ibtimes.co.uk/deaf-child-deportation-immigration-policies-1783855
1293014773	20260307	202603	2026	2026.1836	USAEDU	MICHIGAN	USA					EDU			EDU	UNIVERSITY						EDU			1	090	090	09	2	-2.0	6	1	6	1.78571428571428	3	Oakland County, Michigan, United States	US	USMI	MI125	42.6667	-83.3999	1623005	3	Oakland County, Michigan, United States	US	USMI		42.6667	-83.3999	1623005	3	Oakland County, Michigan, United States	US	USMI		42.6667	-83.3999	1623005	20260307204500	https://www.easternecho.com/article/2026/03/final-4-candidates-for-emu-dean-of-students-aura-cazares
1293014774	20260307	202603	2026	2026.1836	USAEDU	MICHIGAN	USA					EDU			EDU	UNIVERSITY						EDU			1	090	090	09	2	-2.0	6	1	6	1.57068062827225	3	Eastern Michigan University, Michigan, United States	US	USMI	MI161	42.247	-83.6227	625280	3	Eastern Michigan University, Michigan, United States	US	USMI		42.247	-83.6227	625280	3	Eastern Michigan University, Michigan, United States	US	USMI		42.247	-83.6227	625280	20260307204500	https://www.easternecho.com/article/2026/03/final-four-candidates-for-emu-dean-of-students-meet-matthew-gregory
1293014775	20260307	202603	2026	2026.1836	USAEDU	MICHIGAN	USA					EDU			EDU	UNIVERSITY						EDU			1	090	090	09	2	-2.0	6	1	6	3.01507537688442	2	Nevada, United States	US	USNV		38.4199	-117.122	NV	2	Nevada, United States	US	USNV		38.4199	-117.122	NV	2	Nevada, United States	US	USNV		38.4199	-117.122	NV	20260307204500	https://www.easternecho.com/article/2026/03/final-4-candidates-for-emu-dean-of-students-meet-renee-t-watson
1293014776	20260307	202603	2026	2026.1836	USAEDU	UNITED STATES	USA					EDU			HND	HONDURAS	HND								0	063	063	06	2	7.4	1	1	1	-3.51317440401505	3	Babson College, Massachusetts, United States	US	USMA	MA021	42.299	-71.2634	599436	3	Boston, Massachusetts, United States	US	USMA	MA025	42.3584	-71.0598	617565	3	Boston, Massachusetts, United States	US	USMA	MA025	42.3584	-71.0598	617565	20260307204500	https://www.wcvb.com/article/any-lopez-belloza-case-dismissed/70652533
1293014777	20260307	202603	2026	2026.1836	USAEDU	UNITED STATES	USA					EDU			HND	HONDURAS	HND								0	063	063	06	2	7.4	1	1	1	-3.51317440401505	3	Babson College, Massachusetts, United States	US	USMA	MA021	42.299	-71.2634	599436	1	Honduras	HO	HO		15	-86.5	HO	1	Honduras	HO	HO		15	-86.5	HO	20260307204500	https://www.wcvb.com/article/any-lopez-belloza-case-dismissed/70652533
1293014778	20260307	202603	2026	2026.1836	USAEDU	MISSISSIPPI	USA					EDU			USA	CALIFORNIA	USA								1	010	010	01	1	0.0	7	1	7	0.87336244541485	2	Mississippi, United States	US	USMS		32.7673	-89.6812	MS	2	Mississippi, United States	US	USMS		32.7673	-89.6812	MS	2	Mississippi, United States	US	USMS		32.7673	-89.6812	MS	20260307204500	https://pjmedia.com/victoria-taft/2026/03/07/youd-think-a-guy-who-cant-read-would-want-to-know-why-mississippi-schools-beat-californias-n4950360
1293014779	20260307	202603	2026	2026.1836	USAEDU	UNITED STATES	USA					EDU			USA	UNITED STATES	USA								0	042	042	04	1	1.9	1	1	1	-3.51317440401505	3	Babson College, Massachusetts, United States	US	USMA	MA021	42.299	-71.2634	599436	3	Babson College, Massachusetts, United States	US	USMA		42.299	-71.2634	599436	3	Babson College, Massachusetts, United States	US	USMA		42.299	-71.2634	599436	20260307204500	https://www.wcvb.com/article/any-lopez-belloza-case-dismissed/70652533
1293014780	20260307	202603	2026	2026.1836	USAEDU	UNITED STATES	USA					EDU			USA	UNITED STATES	USA								0	042	042	04	1	1.9	1	1	1	-3.51317440401505	3	Babson College, Massachusetts, United States	US	USMA	MA021	42.299	-71.2634	599436	3	Boston, Massachusetts, United States	US	USMA	MA025	42.3584	-71.0598	617565	3	Boston, Massachusetts, United States	US	USMA	MA025	42.3584	-71.0598	617565	20260307204500	https://www.wcvb.com/article/any-lopez-belloza-case-dismissed/70652533
1293014781	20260307	202603	2026	2026.1836	USAEDU	BUFFALO	USA					EDU			USA	MICHIGAN	USA								1	042	042	04	1	1.9	10	1	10	0.49504950495049	2	Michigan, United States	US	USMI		43.3504	-84.5603	MI	2	Michigan, United States	US	USMI		43.3504	-84.5603	MI	2	Michigan, United States	US	USMI		43.3504	-84.5603	MI	20260307204500	https://www.easternecho.com/article/2026/03/final-4-candidates-for-emu-dean-of-students-meet-jeanette-zalba
1293014782	20260307	202603	2026	2026.1836	USAGOV	UNITED STATES	USA					GOV			LEG	CONGRESS						LEG			0	112	112	11	3	-2.0	2	1	2	-5.380476556495	2	New York, United States	US	USNY		42.1497	-74.9384	NY	2	New York, United States	US	USNY		42.1497	-74.9384	NY	2	New York, United States	US	USNY		42.1497	-74.9384	NY	20260307204500	https://jowhar.com/epstein-documents-alleging-misconduct-by-trump-publicly-released/
1293014783	20260307	202603	2026	2026.1836	USAGOV	UNITED STATES	USA					GOV			USA	UNITED STATES	USA								1	110	110	11	3	-2.0	2	1	2	1.28205128205128	2	Oklahoma, United States	US	USOK		35.5376	-96.9247	OK	2	Oklahoma, United States	US	USOK		35.5376	-96.9247	OK	2	Oklahoma, United States	US	USOK		35.5376	-96.9247	OK	20260307204500	https://upolitics.com/news/trump-says-kristi-noem-lied-when-she-said-he-approved-220-million-dhs-ad-campaign-featuring-her-on-a-horse/
1293014784	20260307	202603	2026	2026.1836	USAGOV	UNITED STATES	USA					GOV			USA	UNITED STATES	USA								1	110	110	11	3	-2.0	2	1	2	0.63694267515924	2	South Dakota, United States	US	USSD		44.2853	-99.4632	SD	2	South Dakota, United States	US	USSD		44.2853	-99.4632	SD	2	South Dakota, United States	US	USSD		44.2853	-99.4632	SD	20260307204500	https://www.hindustantimes.com/world-news/us-news/kristi-noems-husband-byron-vs-corey-lewandowski-who-is-richer-a-look-their-wealth-and-income-101772896323910.html
1293014785	20260307	202603	2026	2026.1836	USAGOVEDU	UNITED STATES	USA					GOV	EDU		JUD	ADVOCATE						JUD			1	040	040	04	1	1.0	2	1	2	-5.61660561660561	2	Oklahoma, United States	US	USOK		35.5376	-96.9247	OK	2	Oklahoma, United States	US	USOK		35.5376	-96.9247	OK	2	Oklahoma, United States	US	USOK		35.5376	-96.9247	OK	20260307204500	https://www.ibtimes.co.uk/deaf-child-deportation-immigration-policies-1783855
1293014786	20260307	202603	2026	2026.1836	USALEG	ALABAMA	USA					LEG			PTY	PARTY MEMBER									1	014	014	01	1	0.0	6	1	6	2.11416490486258	3	Chilton County, Alabama, United States	US	USAL	AL021	32.8668	-86.6833	161536	3	Chilton County, Alabama, United States	US	USAL		32.8668	-86.6833	161536	3	Chilton County, Alabama, United States	US	USAL		32.8668	-86.6833	161536	20260307204500	https://www.al.com/politics/2026/03/alabama-gop-kills-effort-to-rebuke-leader-who-said-he-could-give-a-sh-about-republican-party.html
1293014787	20260307	202603	2026	2026.1836	USALEG	ALABAMA	USA					LEG			PTY	PARTY MEMBER									1	193	193	19	4	-10.0	6	1	6	2.11416490486258	2	Alabama, United States	US	USAL		32.799	-86.8073	AL	2	Alabama, United States	US	USAL		32.799	-86.8073	AL	2	Alabama, United States	US	USAL		32.799	-86.8073	AL	20260307204500	https://www.al.com/politics/2026/03/alabama-gop-kills-effort-to-rebuke-leader-who-said-he-could-give-a-sh-about-republican-party.html
1293014788	20260307	202603	2026	2026.1836	USAMED	THE ASSOCIATED PRESS	USA					MED			USA	MICHIGAN	USA								1	020	020	02	1	3.0	10	1	10	-1.80722891566265	4	Manila, Manila, Philippines	RP	RPD9	24210	14.6042	120.982	-2437894	4	Manila, Manila, Philippines	RP	RPD9	24210	14.6042	120.982	-2437894	4	Manila, Manila, Philippines	RP	RPD9	24210	14.6042	120.982	-2437894	20260307204500	https://www.manilatimes.net/2026/03/08/world/ford-recalls-174-million-of-its-cars-over-rear-view-camera-display-issues/2295385
1293014789	20260307	202603	2026	2026.1836	VEN	VENEZUELA	VEN								CHN	CHINA	CHN								0	173	173	17	4	-5.0	1	1	1	-3.68873168266802	4	Caracas, Distrito Federal, Venezuela	VE	VE25	31959	10.5	-66.9167	-938457	4	Beijing, Beijing, China	CH	CH22	13001	39.9289	116.388	-1898541	4	Caracas, Distrito Federal, Venezuela	VE	VE25	31959	10.5	-66.9167	-938457	20260307204500	https://pjmedia.com/david-manney/2026/03/07/iran-war-reveals-the-energy-war-behind-russia-and-chinas-alliance-n4950373
1293014790	20260307	202603	2026	2026.1836	VEN	VENEZUELAN	VEN								CHNGOV	CHINA	CHN					GOV			0	120	120	12	3	-4.0	2	1	2	-3.68873168266802	4	Beijing, Beijing, China	CH	CH22	13001	39.9289	116.388	-1898541	4	Beijing, Beijing, China	CH	CH22	13001	39.9289	116.388	-1898541	4	Beijing, Beijing, China	CH	CH22	13001	39.9289	116.388	-1898541	20260307204500	https://pjmedia.com/david-manney/2026/03/07/iran-war-reveals-the-energy-war-behind-russia-and-chinas-alliance-n4950373
1293014791	20260307	202603	2026	2026.1836	VEN	VENEZUELAN	VEN								CHNGOV	CHINA	CHN					GOV			0	120	120	12	3	-4.0	2	1	2	-3.68873168266802	4	Caracas, Distrito Federal, Venezuela	VE	VE25	31959	10.5	-66.9167	-938457	4	Beijing, Beijing, China	CH	CH22	13001	39.9289	116.388	-1898541	4	Beijing, Beijing, China	CH	CH22	13001	39.9289	116.388	-1898541	20260307204500	https://pjmedia.com/david-manney/2026/03/07/iran-war-reveals-the-energy-war-behind-russia-and-chinas-alliance-n4950373
1293014792	20260307	202603	2026	2026.1836	VEN	VENEZUELA	VEN								GOV	PRESIDENT						GOV			0	010	010	01	1	0.0	1	1	1	-3.68873168266802	4	Caracas, Distrito Federal, Venezuela	VE	VE25	31959	10.5	-66.9167	-938457	4	Beijing, Beijing, China	CH	CH22	13001	39.9289	116.388	-1898541	4	Caracas, Distrito Federal, Venezuela	VE	VE25	31959	10.5	-66.9167	-938457	20260307204500	https://pjmedia.com/david-manney/2026/03/07/iran-war-reveals-the-energy-war-behind-russia-and-chinas-alliance-n4950373
1293014793	20260307	202603	2026	2026.1836	VEN	VENEZUELA	VEN								GOV	PRESIDENT						GOV			0	010	010	01	1	0.0	1	1	1	-3.68873168266802	1	Venezuela	VE	VE		8	-66	VE	4	Beijing, Beijing, China	CH	CH22	13001	39.9289	116.388	-1898541	4	Beijing, Beijing, China	CH	CH22	13001	39.9289	116.388	-1898541	20260307204500	https://pjmedia.com/david-manney/2026/03/07/iran-war-reveals-the-energy-war-behind-russia-and-chinas-alliance-n4950373
1293014794	20260307	202603	2026	2026.1836	VEN	VENEZUELAN	VEN								GOV	REGIME						GOV			0	120	120	12	3	-4.0	6	1	6	-3.68873168266802	4	Caracas, Distrito Federal, Venezuela	VE	VE25	31959	10.5	-66.9167	-938457	4	Caracas, Distrito Federal, Venezuela	VE	VE25	31959	10.5	-66.9167	-938457	4	Caracas, Distrito Federal, Venezuela	VE	VE25	31959	10.5	-66.9167	-938457	20260307204500	https://pjmedia.com/david-manney/2026/03/07/iran-war-reveals-the-energy-war-behind-russia-and-chinas-alliance-n4950373
1293014795	20260307	202603	2026	2026.1836	YEM	YEMEN	YEM								CHN	CHINESE	CHN								0	080	080	08	2	5.0	2	1	2	-3.68873168266802	1	Belgium	BE	BE		50.833333	4	BE	1	Belgium	BE	BE		50.833333	4	BE	1	Belgium	BE	BE		50.833333	4	BE	20260307204500	https://pjmedia.com/david-manney/2026/03/07/iran-war-reveals-the-energy-war-behind-russia-and-chinas-alliance-n4950373
1293014796	20260307	202603	2026	2026.1836	YEM	YEMEN	YEM								CHN	CHINESE	CHN								0	080	080	08	2	5.0	6	1	6	-3.68873168266802	1	Yemen	YM	YM		15.5	47.5	YM	4	Beijing, Beijing, China	CH	CH22	13001	39.9289	116.388	-1898541	1	Yemen	YM	YM		15.5	47.5	YM	20260307204500	https://pjmedia.com/david-manney/2026/03/07/iran-war-reveals-the-energy-war-behind-russia-and-chinas-alliance-n4950373
1293014797	20260307	202603	2026	2026.1836	YEM	YEMEN	YEM								CHN	CHINA	CHN								0	080	080	08	2	5.0	2	1	2	-3.68873168266802	1	Yemen	YM	YM		15.5	47.5	YM	4	Moscow, Moskva, Russia	RS	RS48	25106	55.7522	37.6156	-2960561	1	Yemen	YM	YM		15.5	47.5	YM	20260307204500	https://pjmedia.com/david-manney/2026/03/07/iran-war-reveals-the-energy-war-behind-russia-and-chinas-alliance-n4950373
1293014798	20260307	202603	2026	2026.1836	YEM	YEMEN	YEM								CHN	CHINESE	CHN								0	190	190	19	4	-10.0	2	1	2	-3.68873168266802	1	Yemen	YM	YM		15.5	47.5	YM	4	Beijing, Beijing, China	CH	CH22	13001	39.9289	116.388	-1898541	4	Red Sea, Djibouti (general), Djibouti	DJ	DJ00	25312	19	39.5	-2037160	20260307204500	https://pjmedia.com/david-manney/2026/03/07/iran-war-reveals-the-energy-war-behind-russia-and-chinas-alliance-n4950373
1293014799	20260307	202603	2026	2026.1836	YEM	YEMEN	YEM								DJI	DJIBOUTI	DJI								0	190	190	19	4	-10.0	2	1	2	-3.68873168266802	1	Belgium	BE	BE		50.833333	4	BE	1	Syria	SY	SY		35	38	SY	1	Syria	SY	SY		35	38	SY	20260307204500	https://pjmedia.com/david-manney/2026/03/07/iran-war-reveals-the-energy-war-behind-russia-and-chinas-alliance-n4950373
1293014800	20260307	202603	2026	2026.1836	YEM	YEMEN	YEM								DJI	DJIBOUTI	DJI								0	190	190	19	4	-10.0	4	1	4	-3.68873168266802	1	Yemen	YM	YM		15.5	47.5	YM	4	Red Sea, Djibouti (general), Djibouti	DJ	DJ00	25312	19	39.5	-2037160	4	Red Sea, Djibouti (general), Djibouti	DJ	DJ00	25312	19	39.5	-2037160	20260307204500	https://pjmedia.com/david-manney/2026/03/07/iran-war-reveals-the-energy-war-behind-russia-and-chinas-alliance-n4950373
1293014801	20260307	202603	2026	2026.1836	YEM	YEMEN	YEM								DJI	DJIBOUTI	DJI								0	190	190	19	4	-10.0	2	1	2	-3.68873168266802	1	Yemen	YM	YM		15.5	47.5	YM	4	Red Sea, Djibouti (general), Djibouti	DJ	DJ00	25312	19	39.5	-2037160	1	North Korea	KN	KN		40	127	KN	20260307204500	https://pjmedia.com/david-manney/2026/03/07/iran-war-reveals-the-energy-war-behind-russia-and-chinas-alliance-n4950373
1293014802	20260307	202603	2026	2026.1836	YEM	YEMEN	YEM								RUS	RUSSIAN	RUS								0	080	080	08	2	5.0	2	1	2	-3.68873168266802	1	Belgium	BE	BE		50.833333	4	BE	1	Belgium	BE	BE		50.833333	4	BE	1	Belgium	BE	BE		50.833333	4	BE	20260307204500	https://pjmedia.com/david-manney/2026/03/07/iran-war-reveals-the-energy-war-behind-russia-and-chinas-alliance-n4950373
1293014803	20260307	202603	2026	2026.1836	YEM	YEMEN	YEM								RUS	RUSSIAN	RUS								0	080	080	08	2	5.0	8	1	8	-3.68873168266802	1	Yemen	YM	YM		15.5	47.5	YM	4	Moscow, Moskva, Russia	RS	RS48	25106	55.7522	37.6156	-2960561	1	Yemen	YM	YM		15.5	47.5	YM	20260307204500	https://pjmedia.com/david-manney/2026/03/07/iran-war-reveals-the-energy-war-behind-russia-and-chinas-alliance-n4950373
1293014804	20260307	202603	2026	2026.1836	nag	NAGA			nag																1	040	040	04	1	1.0	10	1	10	4.28571428571429	0								0								0								20260307204500	https://morungexpress.com/empowerment-is-not-a-gender-struggle-naga-men-on-sharing-the-space-to-shape-society
1293014805	20260307	202603	2026	2026.1836	nag	NAGA			nag																1	070	070	07	2	7.0	10	1	10	4.28571428571429	0								0								0								20260307204500	https://morungexpress.com/empowerment-is-not-a-gender-struggle-naga-men-on-sharing-the-space-to-shape-society
1293014806	20260307	202603	2026	2026.1836	nag	NAGA			nag																1	070	070	07	2	7.0	10	1	10	3.52609308885754	5	Nagaland, Nagaland, India	IN	IN20	17807	26	94.25	-2105305	0								5	Nagaland, Nagaland, India	IN	IN20	17807	26	94.25	-2105305	20260307204500	https://morungexpress.com/nagaland-celebrates-womens-contributions-and-leadership
1293014807	20260307	202603	2026	2026.1836	nag	NAGA			nag						CVL	VILLAGE						CVL			0	043	043	04	1	2.8	10	1	10	-1.48957298907647	0								0								0								20260307204500	https://morungexpress.com/a-day-in-the-life-of-panel-highlights-journeys-of-women-professionals
